checkpoint_path,checkpoint_sha256,git_commit,experiment_id,split,f,g,program,function_ordering,oracle_valid_count,model_sample_count,sample_count,layer,seed,global_step,probe_fit_sample_count,g_probe_fit_sample_count,ridge,pool_grid,pca_settings,source_kind,comparison,cosine_distance,normalized_l2,cka,principal_angle_defect,similarity_rank,cka_status,prediction_agreement,symmetric_kl,js
/home/ubuntu/cogitao-research/checkpoints/cogitao_vit_cross_attention/cogitao_c1_experiment_1_vit6_function_mlp_cross_attention/run_000/last.ckpt,c6578b6a655d823b9e27296aaf186e6b5b97bad640fb400cc5f2abaa6f308e6d,dfec9cbb2afe6616194c1fb41430c0c5d2bc4208,1,val,rot90,translate_up,translate_up -> rot90,"pair (f,g): fgx=f(g(x)); task-token order [g,f] means g -> f",128,128,128,image_final_norm,42,78000,256,256,0.01,2,"{""fixed_ranks"": [1, 2, 4, 8, 16, 32], ""variance_thresholds"": [0.9, 0.95]}",synthetic_context_on_atomic_id,B_vs_D_all,0.06682322662521137,0.35881794635124176,0.9793794709660744,0.2910603306833924,32,ok,0.0,,
/home/ubuntu/cogitao-research/checkpoints/cogitao_vit_cross_attention/cogitao_c1_experiment_1_vit6_function_mlp_cross_attention/run_000/last.ckpt,c6578b6a655d823b9e27296aaf186e6b5b97bad640fb400cc5f2abaa6f308e6d,dfec9cbb2afe6616194c1fb41430c0c5d2bc4208,1,val,rot90,translate_up,translate_up -> rot90,"pair (f,g): fgx=f(g(x)); task-token order [g,f] means g -> f",128,128,128,function_embeddings,42,78000,256,256,0.01,2,"{""fixed_ranks"": [1, 2, 4, 8, 16, 32], ""variance_thresholds"": [0.9, 0.95]}",synthetic_context_on_atomic_id,B_vs_D_all,1.0447476108531428,1.4777906266154348,,,0,too_few_or_constant_samples,0.0,,
/home/ubuntu/cogitao-research/checkpoints/cogitao_vit_cross_attention/cogitao_c1_experiment_1_vit6_function_mlp_cross_attention/run_000/last.ckpt,c6578b6a655d823b9e27296aaf186e6b5b97bad640fb400cc5f2abaa6f308e6d,dfec9cbb2afe6616194c1fb41430c0c5d2bc4208,1,val,rot90,translate_up,translate_up -> rot90,"pair (f,g): fgx=f(g(x)); task-token order [g,f] means g -> f",128,128,128,function_mlp,42,78000,256,256,0.01,2,"{""fixed_ranks"": [1, 2, 4, 8, 16, 32], ""variance_thresholds"": [0.9, 0.95]}",synthetic_context_on_atomic_id,B_vs_D_all,0.9171156096031349,1.3762628323652064,,,0,too_few_or_constant_samples,0.0,,
/home/ubuntu/cogitao-research/checkpoints/cogitao_vit_cross_attention/cogitao_c1_experiment_1_vit6_function_mlp_cross_attention/run_000/last.ckpt,c6578b6a655d823b9e27296aaf186e6b5b97bad640fb400cc5f2abaa6f308e6d,dfec9cbb2afe6616194c1fb41430c0c5d2bc4208,1,val,rot90,translate_up,translate_up -> rot90,"pair (f,g): fgx=f(g(x)); task-token order [g,f] means g -> f",128,128,128,shared_queries,42,78000,256,256,0.01,2,"{""fixed_ranks"": [1, 2, 4, 8, 16, 32], ""variance_thresholds"": [0.9, 0.95]}",synthetic_context_on_atomic_id,B_vs_D_all,0.7329147871987096,1.2318148147796533,,,0,too_few_or_constant_samples,0.0,,
/home/ubuntu/cogitao-research/checkpoints/cogitao_vit_cross_attention/cogitao_c1_experiment_1_vit6_function_mlp_cross_attention/run_000/last.ckpt,c6578b6a655d823b9e27296aaf186e6b5b97bad640fb400cc5f2abaa6f308e6d,dfec9cbb2afe6616194c1fb41430c0c5d2bc4208,1,val,rot90,translate_up,translate_up -> rot90,"pair (f,g): fgx=f(g(x)); task-token order [g,f] means g -> f",128,128,128,first_cross_attention,42,78000,256,256,0.01,2,"{""fixed_ranks"": [1, 2, 4, 8, 16, 32], ""variance_thresholds"": [0.9, 0.95]}",synthetic_context_on_atomic_id,B_vs_D_all,0.24339432172114608,0.690316461446612,0.8298037763752532,0.44330583804578916,32,ok,0.0,4.508889873401603,0.1678234575334083
/home/ubuntu/cogitao-research/checkpoints/cogitao_vit_cross_attention/cogitao_c1_experiment_1_vit6_function_mlp_cross_attention/run_000/last.ckpt,c6578b6a655d823b9e27296aaf186e6b5b97bad640fb400cc5f2abaa6f308e6d,dfec9cbb2afe6616194c1fb41430c0c5d2bc4208,1,val,rot90,translate_up,translate_up -> rot90,"pair (f,g): fgx=f(g(x)); task-token order [g,f] means g -> f",128,128,128,first_cross_attention_attention,42,78000,256,256,0.01,2,"{""fixed_ranks"": [1, 2, 4, 8, 16, 32], ""variance_thresholds"": [0.9, 0.95]}",synthetic_context_on_atomic_id,B_vs_D_all,0.7694329451842108,1.2377428373630726,0.972296968426724,0.8216590176766915,32,ok,0.0,3.805999196575013,0.3795083235510738
/home/ubuntu/cogitao-research/checkpoints/cogitao_vit_cross_attention/cogitao_c1_experiment_1_vit6_function_mlp_cross_attention/run_000/last.ckpt,c6578b6a655d823b9e27296aaf186e6b5b97bad640fb400cc5f2abaa6f308e6d,dfec9cbb2afe6616194c1fb41430c0c5d2bc4208,1,val,rot90,translate_up,translate_up -> rot90,"pair (f,g): fgx=f(g(x)); task-token order [g,f] means g -> f",128,128,128,second_cross_attention,42,78000,256,256,0.01,2,"{""fixed_ranks"": [1, 2, 4, 8, 16, 32], ""variance_thresholds"": [0.9, 0.95]}",synthetic_context_on_atomic_id,B_vs_D_all,0.052394513907614036,0.3208482173674851,0.8807651138082253,0.2780102271286139,32,ok,0.0,1.7944905323632532,0.06633341050840116
/home/ubuntu/cogitao-research/checkpoints/cogitao_vit_cross_attention/cogitao_c1_experiment_1_vit6_function_mlp_cross_attention/run_000/last.ckpt,c6578b6a655d823b9e27296aaf186e6b5b97bad640fb400cc5f2abaa6f308e6d,dfec9cbb2afe6616194c1fb41430c0c5d2bc4208,1,val,rot90,translate_up,translate_up -> rot90,"pair (f,g): fgx=f(g(x)); task-token order [g,f] means g -> f",128,128,128,second_cross_attention_attention,42,78000,256,256,0.01,2,"{""fixed_ranks"": [1, 2, 4, 8, 16, 32], ""variance_thresholds"": [0.9, 0.95]}",synthetic_context_on_atomic_id,B_vs_D_all,0.2083731833259182,0.6223903897153609,0.8362301291326686,0.4317882279240642,32,ok,0.0,1.6062994014001537,0.14333519497055097
/home/ubuntu/cogitao-research/checkpoints/cogitao_vit_cross_attention/cogitao_c1_experiment_1_vit6_function_mlp_cross_attention/run_000/last.ckpt,c6578b6a655d823b9e27296aaf186e6b5b97bad640fb400cc5f2abaa6f308e6d,dfec9cbb2afe6616194c1fb41430c0c5d2bc4208,1,val,rot90,translate_up,translate_up -> rot90,"pair (f,g): fgx=f(g(x)); task-token order [g,f] means g -> f",128,128,128,decoder_logits,42,78000,256,256,0.01,2,"{""fixed_ranks"": [1, 2, 4, 8, 16, 32], ""variance_thresholds"": [0.9, 0.95]}",synthetic_context_on_atomic_id,B_vs_D_all,0.0985305933050365,0.4643816064075992,0.7959290772041195,0.6015668447106012,32,ok,0.0,0.9451833616129293,0.05159623645814163
/home/ubuntu/cogitao-research/checkpoints/cogitao_vit_cross_attention/cogitao_c1_experiment_1_vit6_function_mlp_cross_attention/run_000/last.ckpt,c6578b6a655d823b9e27296aaf186e6b5b97bad640fb400cc5f2abaa6f308e6d,dfec9cbb2afe6616194c1fb41430c0c5d2bc4208,1,val,rot90,translate_up,translate_up -> rot90,"pair (f,g): fgx=f(g(x)); task-token order [g,f] means g -> f",128,64,64,image_final_norm,42,78000,256,256,0.01,2,"{""fixed_ranks"": [1, 2, 4, 8, 16, 32], ""variance_thresholds"": [0.9, 0.95]}",synthetic_context_on_atomic_id,B_exact_success_D_exact_failure,0.057844845557784616,0.3343333703650745,0.986217197818504,0.37418314115812273,32,ok,0.0,,
/home/ubuntu/cogitao-research/checkpoints/cogitao_vit_cross_attention/cogitao_c1_experiment_1_vit6_function_mlp_cross_attention/run_000/last.ckpt,c6578b6a655d823b9e27296aaf186e6b5b97bad640fb400cc5f2abaa6f308e6d,dfec9cbb2afe6616194c1fb41430c0c5d2bc4208,1,val,rot90,translate_up,translate_up -> rot90,"pair (f,g): fgx=f(g(x)); task-token order [g,f] means g -> f",128,64,64,function_embeddings,42,78000,256,256,0.01,2,"{""fixed_ranks"": [1, 2, 4, 8, 16, 32], ""variance_thresholds"": [0.9, 0.95]}",synthetic_context_on_atomic_id,B_exact_success_D_exact_failure,1.0447476108531426,1.4777906266154353,,,0,too_few_or_constant_samples,0.0,,
/home/ubuntu/cogitao-research/checkpoints/cogitao_vit_cross_attention/cogitao_c1_experiment_1_vit6_function_mlp_cross_attention/run_000/last.ckpt,c6578b6a655d823b9e27296aaf186e6b5b97bad640fb400cc5f2abaa6f308e6d,dfec9cbb2afe6616194c1fb41430c0c5d2bc4208,1,val,rot90,translate_up,translate_up -> rot90,"pair (f,g): fgx=f(g(x)); task-token order [g,f] means g -> f",128,64,64,function_mlp,42,78000,256,256,0.01,2,"{""fixed_ranks"": [1, 2, 4, 8, 16, 32], ""variance_thresholds"": [0.9, 0.95]}",synthetic_context_on_atomic_id,B_exact_success_D_exact_failure,0.9171156096031349,1.3762628323652064,,,0,too_few_or_constant_samples,0.0,,
/home/ubuntu/cogitao-research/checkpoints/cogitao_vit_cross_attention/cogitao_c1_experiment_1_vit6_function_mlp_cross_attention/run_000/last.ckpt,c6578b6a655d823b9e27296aaf186e6b5b97bad640fb400cc5f2abaa6f308e6d,dfec9cbb2afe6616194c1fb41430c0c5d2bc4208,1,val,rot90,translate_up,translate_up -> rot90,"pair (f,g): fgx=f(g(x)); task-token order [g,f] means g -> f",128,64,64,shared_queries,42,78000,256,256,0.01,2,"{""fixed_ranks"": [1, 2, 4, 8, 16, 32], ""variance_thresholds"": [0.9, 0.95]}",synthetic_context_on_atomic_id,B_exact_success_D_exact_failure,0.7329147871987098,1.2318148147796533,,,0,too_few_or_constant_samples,0.0,,
/home/ubuntu/cogitao-research/checkpoints/cogitao_vit_cross_attention/cogitao_c1_experiment_1_vit6_function_mlp_cross_attention/run_000/last.ckpt,c6578b6a655d823b9e27296aaf186e6b5b97bad640fb400cc5f2abaa6f308e6d,dfec9cbb2afe6616194c1fb41430c0c5d2bc4208,1,val,rot90,translate_up,translate_up -> rot90,"pair (f,g): fgx=f(g(x)); task-token order [g,f] means g -> f",128,64,64,first_cross_attention,42,78000,256,256,0.01,2,"{""fixed_ranks"": [1, 2, 4, 8, 16, 32], ""variance_thresholds"": [0.9, 0.95]}",synthetic_context_on_atomic_id,B_exact_success_D_exact_failure,0.2330434339172824,0.6740723330270726,0.8409169566129624,0.4554682330096091,32,ok,0.0,4.348583261703176,0.1630248230026911
/home/ubuntu/cogitao-research/checkpoints/cogitao_vit_cross_attention/cogitao_c1_experiment_1_vit6_function_mlp_cross_attention/run_000/last.ckpt,c6578b6a655d823b9e27296aaf186e6b5b97bad640fb400cc5f2abaa6f308e6d,dfec9cbb2afe6616194c1fb41430c0c5d2bc4208,1,val,rot90,translate_up,translate_up -> rot90,"pair (f,g): fgx=f(g(x)); task-token order [g,f] means g -> f",128,64,64,first_cross_attention_attention,42,78000,256,256,0.01,2,"{""fixed_ranks"": [1, 2, 4, 8, 16, 32], ""variance_thresholds"": [0.9, 0.95]}",synthetic_context_on_atomic_id,B_exact_success_D_exact_failure,0.7838425980525728,1.2500342754603202,0.9850937257514163,0.877636942372586,32,ok,0.0,3.869214106261423,0.3844684902155909
/home/ubuntu/cogitao-research/checkpoints/cogitao_vit_cross_attention/cogitao_c1_experiment_1_vit6_function_mlp_cross_attention/run_000/last.ckpt,c6578b6a655d823b9e27296aaf186e6b5b97bad640fb400cc5f2abaa6f308e6d,dfec9cbb2afe6616194c1fb41430c0c5d2bc4208,1,val,rot90,translate_up,translate_up -> rot90,"pair (f,g): fgx=f(g(x)); task-token order [g,f] means g -> f",128,64,64,second_cross_attention,42,78000,256,256,0.01,2,"{""fixed_ranks"": [1, 2, 4, 8, 16, 32], ""variance_thresholds"": [0.9, 0.95]}",synthetic_context_on_atomic_id,B_exact_success_D_exact_failure,0.047719152413448304,0.3041105320962391,0.8867456337422766,0.3518992853301831,32,ok,0.0,1.5793686371869975,0.058976697543679846
/home/ubuntu/cogitao-research/checkpoints/cogitao_vit_cross_attention/cogitao_c1_experiment_1_vit6_function_mlp_cross_attention/run_000/last.ckpt,c6578b6a655d823b9e27296aaf186e6b5b97bad640fb400cc5f2abaa6f308e6d,dfec9cbb2afe6616194c1fb41430c0c5d2bc4208,1,val,rot90,translate_up,translate_up -> rot90,"pair (f,g): fgx=f(g(x)); task-token order [g,f] means g -> f",128,64,64,second_cross_attention_attention,42,78000,256,256,0.01,2,"{""fixed_ranks"": [1, 2, 4, 8, 16, 32], ""variance_thresholds"": [0.9, 0.95]}",synthetic_context_on_atomic_id,B_exact_success_D_exact_failure,0.1939943027763802,0.6018343383784905,0.8739146081134143,0.4870505778256847,32,ok,0.0,1.456939315200584,0.133360148819171
/home/ubuntu/cogitao-research/checkpoints/cogitao_vit_cross_attention/cogitao_c1_experiment_1_vit6_function_mlp_cross_attention/run_000/last.ckpt,c6578b6a655d823b9e27296aaf186e6b5b97bad640fb400cc5f2abaa6f308e6d,dfec9cbb2afe6616194c1fb41430c0c5d2bc4208,1,val,rot90,translate_up,translate_up -> rot90,"pair (f,g): fgx=f(g(x)); task-token order [g,f] means g -> f",128,64,64,decoder_logits,42,78000,256,256,0.01,2,"{""fixed_ranks"": [1, 2, 4, 8, 16, 32], ""variance_thresholds"": [0.9, 0.95]}",synthetic_context_on_atomic_id,B_exact_success_D_exact_failure,0.09062469190134687,0.4427293830485251,0.8562539398652962,0.69727125038416,32,ok,0.0,0.8325342820283925,0.042311963274130344
/home/ubuntu/cogitao-research/checkpoints/cogitao_vit_cross_attention/cogitao_c1_experiment_1_vit6_function_mlp_cross_attention/run_000/last.ckpt,c6578b6a655d823b9e27296aaf186e6b5b97bad640fb400cc5f2abaa6f308e6d,dfec9cbb2afe6616194c1fb41430c0c5d2bc4208,1,val,rot90,translate_up,translate_up -> rot90,"pair (f,g): fgx=f(g(x)); task-token order [g,f] means g -> f",128,128,128,image_final_norm,42,78000,256,256,0.01,2,"{""fixed_ranks"": [1, 2, 4, 8, 16, 32], ""variance_thresholds"": [0.9, 0.95]}",synthetic_context_on_atomic_id,oracle_verified_program_order_invariance,2.5153490401663703e-17,0.0,1.0,2.42861286636753e-16,32,ok,0.0,,
/home/ubuntu/cogitao-research/checkpoints/cogitao_vit_cross_attention/cogitao_c1_experiment_1_vit6_function_mlp_cross_attention/run_000/last.ckpt,c6578b6a655d823b9e27296aaf186e6b5b97bad640fb400cc5f2abaa6f308e6d,dfec9cbb2afe6616194c1fb41430c0c5d2bc4208,1,val,rot90,translate_up,translate_up -> rot90,"pair (f,g): fgx=f(g(x)); task-token order [g,f] means g -> f",128,128,128,function_embeddings,42,78000,256,256,0.01,2,"{""fixed_ranks"": [1, 2, 4, 8, 16, 32], ""variance_thresholds"": [0.9, 0.95]}",synthetic_context_on_atomic_id,oracle_verified_program_order_invariance,1.0569481184088934,1.4539244261024915,,,0,too_few_or_constant_samples,0.0,,
/home/ubuntu/cogitao-research/checkpoints/cogitao_vit_cross_attention/cogitao_c1_experiment_1_vit6_function_mlp_cross_attention/run_000/last.ckpt,c6578b6a655d823b9e27296aaf186e6b5b97bad640fb400cc5f2abaa6f308e6d,dfec9cbb2afe6616194c1fb41430c0c5d2bc4208,1,val,rot90,translate_up,translate_up -> rot90,"pair (f,g): fgx=f(g(x)); task-token order [g,f] means g -> f",128,128,128,function_mlp,42,78000,256,256,0.01,2,"{""fixed_ranks"": [1, 2, 4, 8, 16, 32], ""variance_thresholds"": [0.9, 0.95]}",synthetic_context_on_atomic_id,oracle_verified_program_order_invariance,1.1945885334713573,1.5518969830294294,,,0,too_few_or_constant_samples,0.0,,
/home/ubuntu/cogitao-research/checkpoints/cogitao_vit_cross_attention/cogitao_c1_experiment_1_vit6_function_mlp_cross_attention/run_000/last.ckpt,c6578b6a655d823b9e27296aaf186e6b5b97bad640fb400cc5f2abaa6f308e6d,dfec9cbb2afe6616194c1fb41430c0c5d2bc4208,1,val,rot90,translate_up,translate_up -> rot90,"pair (f,g): fgx=f(g(x)); task-token order [g,f] means g -> f",128,128,128,shared_queries,42,78000,256,256,0.01,2,"{""fixed_ranks"": [1, 2, 4, 8, 16, 32], ""variance_thresholds"": [0.9, 0.95]}",synthetic_context_on_atomic_id,oracle_verified_program_order_invariance,0.9567156749348095,1.3886045969500163,,,0,too_few_or_constant_samples,0.0,,
/home/ubuntu/cogitao-research/checkpoints/cogitao_vit_cross_attention/cogitao_c1_experiment_1_vit6_function_mlp_cross_attention/run_000/last.ckpt,c6578b6a655d823b9e27296aaf186e6b5b97bad640fb400cc5f2abaa6f308e6d,dfec9cbb2afe6616194c1fb41430c0c5d2bc4208,1,val,rot90,translate_up,translate_up -> rot90,"pair (f,g): fgx=f(g(x)); task-token order [g,f] means g -> f",128,128,128,first_cross_attention,42,78000,256,256,0.01,2,"{""fixed_ranks"": [1, 2, 4, 8, 16, 32], ""variance_thresholds"": [0.9, 0.95]}",synthetic_context_on_atomic_id,oracle_verified_program_order_invariance,0.23046913071605968,0.6759194951801176,0.9425181755799282,0.43823999325783763,32,ok,0.0,4.194844067629651,0.15754811190025886
/home/ubuntu/cogitao-research/checkpoints/cogitao_vit_cross_attention/cogitao_c1_experiment_1_vit6_function_mlp_cross_attention/run_000/last.ckpt,c6578b6a655d823b9e27296aaf186e6b5b97bad640fb400cc5f2abaa6f308e6d,dfec9cbb2afe6616194c1fb41430c0c5d2bc4208,1,val,rot90,translate_up,translate_up -> rot90,"pair (f,g): fgx=f(g(x)); task-token order [g,f] means g -> f",128,128,128,first_cross_attention_attention,42,78000,256,256,0.01,2,"{""fixed_ranks"": [1, 2, 4, 8, 16, 32], ""variance_thresholds"": [0.9, 0.95]}",synthetic_context_on_atomic_id,oracle_verified_program_order_invariance,0.08323549395371702,0.4126814776943446,0.9934850585204501,0.14716242701687382,32,ok,0.0,0.27082007064030755,0.05740110333826379
/home/ubuntu/cogitao-research/checkpoints/cogitao_vit_cross_attention/cogitao_c1_experiment_1_vit6_function_mlp_cross_attention/run_000/last.ckpt,c6578b6a655d823b9e27296aaf186e6b5b97bad640fb400cc5f2abaa6f308e6d,dfec9cbb2afe6616194c1fb41430c0c5d2bc4208,1,val,rot90,translate_up,translate_up -> rot90,"pair (f,g): fgx=f(g(x)); task-token order [g,f] means g -> f",128,128,128,second_cross_attention,42,78000,256,256,0.01,2,"{""fixed_ranks"": [1, 2, 4, 8, 16, 32], ""variance_thresholds"": [0.9, 0.95]}",synthetic_context_on_atomic_id,oracle_verified_program_order_invariance,0.035039386322376895,0.26091595384017263,0.8980176177020991,0.2180777072677798,32,ok,0.0,1.5251800929338466,0.05701269684934607
/home/ubuntu/cogitao-research/checkpoints/cogitao_vit_cross_attention/cogitao_c1_experiment_1_vit6_function_mlp_cross_attention/run_000/last.ckpt,c6578b6a655d823b9e27296aaf186e6b5b97bad640fb400cc5f2abaa6f308e6d,dfec9cbb2afe6616194c1fb41430c0c5d2bc4208,1,val,rot90,translate_up,translate_up -> rot90,"pair (f,g): fgx=f(g(x)); task-token order [g,f] means g -> f",128,128,128,second_cross_attention_attention,42,78000,256,256,0.01,2,"{""fixed_ranks"": [1, 2, 4, 8, 16, 32], ""variance_thresholds"": [0.9, 0.95]}",synthetic_context_on_atomic_id,oracle_verified_program_order_invariance,0.1380756100135111,0.5041788580973159,0.9527595466787248,0.3240853970498616,32,ok,0.0,0.75756571225176,0.09124211116562475
/home/ubuntu/cogitao-research/checkpoints/cogitao_vit_cross_attention/cogitao_c1_experiment_1_vit6_function_mlp_cross_attention/run_000/last.ckpt,c6578b6a655d823b9e27296aaf186e6b5b97bad640fb400cc5f2abaa6f308e6d,dfec9cbb2afe6616194c1fb41430c0c5d2bc4208,1,val,rot90,translate_up,translate_up -> rot90,"pair (f,g): fgx=f(g(x)); task-token order [g,f] means g -> f",128,128,128,decoder_logits,42,78000,256,256,0.01,2,"{""fixed_ranks"": [1, 2, 4, 8, 16, 32], ""variance_thresholds"": [0.9, 0.95]}",synthetic_context_on_atomic_id,oracle_verified_program_order_invariance,0.0807552526666688,0.4038218898202644,0.8104260616408838,0.5472504096040978,32,ok,0.0,0.6556603517235017,0.03925539319326608
/home/ubuntu/cogitao-research/checkpoints/cogitao_vit_cross_attention/cogitao_c1_experiment_1_vit6_function_mlp_cross_attention/run_000/last.ckpt,c6578b6a655d823b9e27296aaf186e6b5b97bad640fb400cc5f2abaa6f308e6d,dfec9cbb2afe6616194c1fb41430c0c5d2bc4208,1,val,rot90,translate_up,translate_up -> rot90,"pair (f,g): fgx=f(g(x)); task-token order [g,f] means g -> f",128,128,128,image_final_norm,42,78000,256,256,0.01,2,"{""fixed_ranks"": [1, 2, 4, 8, 16, 32], ""variance_thresholds"": [0.9, 0.95]}",synthetic_context_on_atomic_id,direct_vs_seen_template_atomic_token_swap,2.5153490401663703e-17,0.0,1.0,2.42861286636753e-16,32,ok,1.0,,
/home/ubuntu/cogitao-research/checkpoints/cogitao_vit_cross_attention/cogitao_c1_experiment_1_vit6_function_mlp_cross_attention/run_000/last.ckpt,c6578b6a655d823b9e27296aaf186e6b5b97bad640fb400cc5f2abaa6f308e6d,dfec9cbb2afe6616194c1fb41430c0c5d2bc4208,1,val,rot90,translate_up,translate_up -> rot90,"pair (f,g): fgx=f(g(x)); task-token order [g,f] means g -> f",128,128,128,function_embeddings,42,78000,256,256,0.01,2,"{""fixed_ranks"": [1, 2, 4, 8, 16, 32], ""variance_thresholds"": [0.9, 0.95]}",synthetic_context_on_atomic_id,direct_vs_seen_template_atomic_token_swap,0.0,0.0,,,0,too_few_or_constant_samples,1.0,,
/home/ubuntu/cogitao-research/checkpoints/cogitao_vit_cross_attention/cogitao_c1_experiment_1_vit6_function_mlp_cross_attention/run_000/last.ckpt,c6578b6a655d823b9e27296aaf186e6b5b97bad640fb400cc5f2abaa6f308e6d,dfec9cbb2afe6616194c1fb41430c0c5d2bc4208,1,val,rot90,translate_up,translate_up -> rot90,"pair (f,g): fgx=f(g(x)); task-token order [g,f] means g -> f",128,128,128,function_mlp,42,78000,256,256,0.01,2,"{""fixed_ranks"": [1, 2, 4, 8, 16, 32], ""variance_thresholds"": [0.9, 0.95]}",synthetic_context_on_atomic_id,direct_vs_seen_template_atomic_token_swap,2.220446049250313e-16,0.0,,,0,too_few_or_constant_samples,1.0,,
/home/ubuntu/cogitao-research/checkpoints/cogitao_vit_cross_attention/cogitao_c1_experiment_1_vit6_function_mlp_cross_attention/run_000/last.ckpt,c6578b6a655d823b9e27296aaf186e6b5b97bad640fb400cc5f2abaa6f308e6d,dfec9cbb2afe6616194c1fb41430c0c5d2bc4208,1,val,rot90,translate_up,translate_up -> rot90,"pair (f,g): fgx=f(g(x)); task-token order [g,f] means g -> f",128,128,128,shared_queries,42,78000,256,256,0.01,2,"{""fixed_ranks"": [1, 2, 4, 8, 16, 32], ""variance_thresholds"": [0.9, 0.95]}",synthetic_context_on_atomic_id,direct_vs_seen_template_atomic_token_swap,0.0,0.0,,,0,too_few_or_constant_samples,1.0,,
/home/ubuntu/cogitao-research/checkpoints/cogitao_vit_cross_attention/cogitao_c1_experiment_1_vit6_function_mlp_cross_attention/run_000/last.ckpt,c6578b6a655d823b9e27296aaf186e6b5b97bad640fb400cc5f2abaa6f308e6d,dfec9cbb2afe6616194c1fb41430c0c5d2bc4208,1,val,rot90,translate_up,translate_up -> rot90,"pair (f,g): fgx=f(g(x)); task-token order [g,f] means g -> f",128,128,128,first_cross_attention,42,78000,256,256,0.01,2,"{""fixed_ranks"": [1, 2, 4, 8, 16, 32], ""variance_thresholds"": [0.9, 0.95]}",synthetic_context_on_atomic_id,direct_vs_seen_template_atomic_token_swap,3.122502256758253e-17,0.0,1.0000000000000004,4.163336342344337e-16,32,ok,1.0,0.0,0.0
/home/ubuntu/cogitao-research/checkpoints/cogitao_vit_cross_attention/cogitao_c1_experiment_1_vit6_function_mlp_cross_attention/run_000/last.ckpt,c6578b6a655d823b9e27296aaf186e6b5b97bad640fb400cc5f2abaa6f308e6d,dfec9cbb2afe6616194c1fb41430c0c5d2bc4208,1,val,rot90,translate_up,translate_up -> rot90,"pair (f,g): fgx=f(g(x)); task-token order [g,f] means g -> f",128,128,128,first_cross_attention_attention,42,78000,256,256,0.01,2,"{""fixed_ranks"": [1, 2, 4, 8, 16, 32], ""variance_thresholds"": [0.9, 0.95]}",synthetic_context_on_atomic_id,direct_vs_seen_template_atomic_token_swap,3.5561831257524545e-17,0.0,0.9999999999999994,1.0408340855860843e-16,32,ok,1.0,0.0,0.0
/home/ubuntu/cogitao-research/checkpoints/cogitao_vit_cross_attention/cogitao_c1_experiment_1_vit6_function_mlp_cross_attention/run_000/last.ckpt,c6578b6a655d823b9e27296aaf186e6b5b97bad640fb400cc5f2abaa6f308e6d,dfec9cbb2afe6616194c1fb41430c0c5d2bc4208,1,val,rot90,translate_up,translate_up -> rot90,"pair (f,g): fgx=f(g(x)); task-token order [g,f] means g -> f",128,128,128,second_cross_attention,42,78000,256,256,0.01,2,"{""fixed_ranks"": [1, 2, 4, 8, 16, 32], ""variance_thresholds"": [0.9, 0.95]}",synthetic_context_on_atomic_id,direct_vs_seen_template_atomic_token_swap,4.163336342344337e-17,0.0,0.9999999999999998,1.5751289161869408e-15,32,ok,1.0,0.0,0.0
/home/ubuntu/cogitao-research/checkpoints/cogitao_vit_cross_attention/cogitao_c1_experiment_1_vit6_function_mlp_cross_attention/run_000/last.ckpt,c6578b6a655d823b9e27296aaf186e6b5b97bad640fb400cc5f2abaa6f308e6d,dfec9cbb2afe6616194c1fb41430c0c5d2bc4208,1,val,rot90,translate_up,translate_up -> rot90,"pair (f,g): fgx=f(g(x)); task-token order [g,f] means g -> f",128,128,128,second_cross_attention_attention,42,78000,256,256,0.01,2,"{""fixed_ranks"": [1, 2, 4, 8, 16, 32], ""variance_thresholds"": [0.9, 0.95]}",synthetic_context_on_atomic_id,direct_vs_seen_template_atomic_token_swap,5.898059818321144e-17,0.0,1.0,7.216449660063518e-16,32,ok,1.0,0.0,0.0
/home/ubuntu/cogitao-research/checkpoints/cogitao_vit_cross_attention/cogitao_c1_experiment_1_vit6_function_mlp_cross_attention/run_000/last.ckpt,c6578b6a655d823b9e27296aaf186e6b5b97bad640fb400cc5f2abaa6f308e6d,dfec9cbb2afe6616194c1fb41430c0c5d2bc4208,1,val,rot90,translate_up,translate_up -> rot90,"pair (f,g): fgx=f(g(x)); task-token order [g,f] means g -> f",128,128,128,decoder_logits,42,78000,256,256,0.01,2,"{""fixed_ranks"": [1, 2, 4, 8, 16, 32], ""variance_thresholds"": [0.9, 0.95]}",synthetic_context_on_atomic_id,direct_vs_seen_template_atomic_token_swap,4.5102810375396984e-17,0.0,1.0000000000000004,3.3306690738754696e-16,32,ok,1.0,0.0,0.0
/home/ubuntu/cogitao-research/checkpoints/cogitao_vit_cross_attention/cogitao_c1_experiment_1_vit6_function_mlp_cross_attention/run_000/last.ckpt,c6578b6a655d823b9e27296aaf186e6b5b97bad640fb400cc5f2abaa6f308e6d,dfec9cbb2afe6616194c1fb41430c0c5d2bc4208,1,test,rot90,translate_up,translate_up -> rot90,"pair (f,g): fgx=f(g(x)); task-token order [g,f] means g -> f",128,128,128,image_final_norm,42,78000,256,256,0.01,2,"{""fixed_ranks"": [1, 2, 4, 8, 16, 32], ""variance_thresholds"": [0.9, 0.95]}",synthetic_context_on_atomic_id,B_vs_D_all,0.06652624262350772,0.3613782229595356,0.9898804650563302,0.3025037454178464,32,ok,0.0,,
/home/ubuntu/cogitao-research/checkpoints/cogitao_vit_cross_attention/cogitao_c1_experiment_1_vit6_function_mlp_cross_attention/run_000/last.ckpt,c6578b6a655d823b9e27296aaf186e6b5b97bad640fb400cc5f2abaa6f308e6d,dfec9cbb2afe6616194c1fb41430c0c5d2bc4208,1,test,rot90,translate_up,translate_up -> rot90,"pair (f,g): fgx=f(g(x)); task-token order [g,f] means g -> f",128,128,128,function_embeddings,42,78000,256,256,0.01,2,"{""fixed_ranks"": [1, 2, 4, 8, 16, 32], ""variance_thresholds"": [0.9, 0.95]}",synthetic_context_on_atomic_id,B_vs_D_all,1.0447476108531428,1.4777906266154348,,,0,too_few_or_constant_samples,0.0,,
/home/ubuntu/cogitao-research/checkpoints/cogitao_vit_cross_attention/cogitao_c1_experiment_1_vit6_function_mlp_cross_attention/run_000/last.ckpt,c6578b6a655d823b9e27296aaf186e6b5b97bad640fb400cc5f2abaa6f308e6d,dfec9cbb2afe6616194c1fb41430c0c5d2bc4208,1,test,rot90,translate_up,translate_up -> rot90,"pair (f,g): fgx=f(g(x)); task-token order [g,f] means g -> f",128,128,128,function_mlp,42,78000,256,256,0.01,2,"{""fixed_ranks"": [1, 2, 4, 8, 16, 32], ""variance_thresholds"": [0.9, 0.95]}",synthetic_context_on_atomic_id,B_vs_D_all,0.9171156096031349,1.3762628323652064,,,0,too_few_or_constant_samples,0.0,,
/home/ubuntu/cogitao-research/checkpoints/cogitao_vit_cross_attention/cogitao_c1_experiment_1_vit6_function_mlp_cross_attention/run_000/last.ckpt,c6578b6a655d823b9e27296aaf186e6b5b97bad640fb400cc5f2abaa6f308e6d,dfec9cbb2afe6616194c1fb41430c0c5d2bc4208,1,test,rot90,translate_up,translate_up -> rot90,"pair (f,g): fgx=f(g(x)); task-token order [g,f] means g -> f",128,128,128,shared_queries,42,78000,256,256,0.01,2,"{""fixed_ranks"": [1, 2, 4, 8, 16, 32], ""variance_thresholds"": [0.9, 0.95]}",synthetic_context_on_atomic_id,B_vs_D_all,0.7329147871987096,1.2318148147796533,,,0,too_few_or_constant_samples,0.0,,
/home/ubuntu/cogitao-research/checkpoints/cogitao_vit_cross_attention/cogitao_c1_experiment_1_vit6_function_mlp_cross_attention/run_000/last.ckpt,c6578b6a655d823b9e27296aaf186e6b5b97bad640fb400cc5f2abaa6f308e6d,dfec9cbb2afe6616194c1fb41430c0c5d2bc4208,1,test,rot90,translate_up,translate_up -> rot90,"pair (f,g): fgx=f(g(x)); task-token order [g,f] means g -> f",128,128,128,first_cross_attention,42,78000,256,256,0.01,2,"{""fixed_ranks"": [1, 2, 4, 8, 16, 32], ""variance_thresholds"": [0.9, 0.95]}",synthetic_context_on_atomic_id,B_vs_D_all,0.23140489106038997,0.6768078033863699,0.8939103544307427,0.44688217841617495,32,ok,0.0,4.271574002917232,0.1619200683652507
/home/ubuntu/cogitao-research/checkpoints/cogitao_vit_cross_attention/cogitao_c1_experiment_1_vit6_function_mlp_cross_attention/run_000/last.ckpt,c6578b6a655d823b9e27296aaf186e6b5b97bad640fb400cc5f2abaa6f308e6d,dfec9cbb2afe6616194c1fb41430c0c5d2bc4208,1,test,rot90,translate_up,translate_up -> rot90,"pair (f,g): fgx=f(g(x)); task-token order [g,f] means g -> f",128,128,128,first_cross_attention_attention,42,78000,256,256,0.01,2,"{""fixed_ranks"": [1, 2, 4, 8, 16, 32], ""variance_thresholds"": [0.9, 0.95]}",synthetic_context_on_atomic_id,B_vs_D_all,0.7519699721288854,1.2232512495899923,0.9829330843846413,0.8213055924262851,32,ok,0.0,3.5477069735459392,0.36589864140406986
/home/ubuntu/cogitao-research/checkpoints/cogitao_vit_cross_attention/cogitao_c1_experiment_1_vit6_function_mlp_cross_attention/run_000/last.ckpt,c6578b6a655d823b9e27296aaf186e6b5b97bad640fb400cc5f2abaa6f308e6d,dfec9cbb2afe6616194c1fb41430c0c5d2bc4208,1,test,rot90,translate_up,translate_up -> rot90,"pair (f,g): fgx=f(g(x)); task-token order [g,f] means g -> f",128,128,128,second_cross_attention,42,78000,256,256,0.01,2,"{""fixed_ranks"": [1, 2, 4, 8, 16, 32], ""variance_thresholds"": [0.9, 0.95]}",synthetic_context_on_atomic_id,B_vs_D_all,0.0587535993238464,0.3415347359300719,0.8519709298453546,0.2942723047488367,32,ok,0.0,1.9001268432575338,0.07030743764562322
/home/ubuntu/cogitao-research/checkpoints/cogitao_vit_cross_attention/cogitao_c1_experiment_1_vit6_function_mlp_cross_attention/run_000/last.ckpt,c6578b6a655d823b9e27296aaf186e6b5b97bad640fb400cc5f2abaa6f308e6d,dfec9cbb2afe6616194c1fb41430c0c5d2bc4208,1,test,rot90,translate_up,translate_up -> rot90,"pair (f,g): fgx=f(g(x)); task-token order [g,f] means g -> f",128,128,128,second_cross_attention_attention,42,78000,256,256,0.01,2,"{""fixed_ranks"": [1, 2, 4, 8, 16, 32], ""variance_thresholds"": [0.9, 0.95]}",synthetic_context_on_atomic_id,B_vs_D_all,0.19672806197424292,0.611499997784561,0.8816209818051776,0.41906411280601713,32,ok,0.0,1.164457302694785,0.1336795211608607
/home/ubuntu/cogitao-research/checkpoints/cogitao_vit_cross_attention/cogitao_c1_experiment_1_vit6_function_mlp_cross_attention/run_000/last.ckpt,c6578b6a655d823b9e27296aaf186e6b5b97bad640fb400cc5f2abaa6f308e6d,dfec9cbb2afe6616194c1fb41430c0c5d2bc4208,1,test,rot90,translate_up,translate_up -> rot90,"pair (f,g): fgx=f(g(x)); task-token order [g,f] means g -> f",128,128,128,decoder_logits,42,78000,256,256,0.01,2,"{""fixed_ranks"": [1, 2, 4, 8, 16, 32], ""variance_thresholds"": [0.9, 0.95]}",synthetic_context_on_atomic_id,B_vs_D_all,0.10114187320083544,0.47093496434244,0.8083986904231829,0.5927868075461221,32,ok,0.0,0.9953587026237167,0.05581570341804714
/home/ubuntu/cogitao-research/checkpoints/cogitao_vit_cross_attention/cogitao_c1_experiment_1_vit6_function_mlp_cross_attention/run_000/last.ckpt,c6578b6a655d823b9e27296aaf186e6b5b97bad640fb400cc5f2abaa6f308e6d,dfec9cbb2afe6616194c1fb41430c0c5d2bc4208,1,test,rot90,translate_up,translate_up -> rot90,"pair (f,g): fgx=f(g(x)); task-token order [g,f] means g -> f",128,55,55,image_final_norm,42,78000,256,256,0.01,2,"{""fixed_ranks"": [1, 2, 4, 8, 16, 32], ""variance_thresholds"": [0.9, 0.95]}",synthetic_context_on_atomic_id,B_exact_success_D_exact_failure,0.06126023596327043,0.34587848621428724,0.9912660646263677,0.40166887327600453,32,ok,0.0,,
/home/ubuntu/cogitao-research/checkpoints/cogitao_vit_cross_attention/cogitao_c1_experiment_1_vit6_function_mlp_cross_attention/run_000/last.ckpt,c6578b6a655d823b9e27296aaf186e6b5b97bad640fb400cc5f2abaa6f308e6d,dfec9cbb2afe6616194c1fb41430c0c5d2bc4208,1,test,rot90,translate_up,translate_up -> rot90,"pair (f,g): fgx=f(g(x)); task-token order [g,f] means g -> f",128,55,55,function_embeddings,42,78000,256,256,0.01,2,"{""fixed_ranks"": [1, 2, 4, 8, 16, 32], ""variance_thresholds"": [0.9, 0.95]}",synthetic_context_on_atomic_id,B_exact_success_D_exact_failure,1.0447476108531426,1.4777906266154346,,,0,too_few_or_constant_samples,0.0,,
/home/ubuntu/cogitao-research/checkpoints/cogitao_vit_cross_attention/cogitao_c1_experiment_1_vit6_function_mlp_cross_attention/run_000/last.ckpt,c6578b6a655d823b9e27296aaf186e6b5b97bad640fb400cc5f2abaa6f308e6d,dfec9cbb2afe6616194c1fb41430c0c5d2bc4208,1,test,rot90,translate_up,translate_up -> rot90,"pair (f,g): fgx=f(g(x)); task-token order [g,f] means g -> f",128,55,55,function_mlp,42,78000,256,256,0.01,2,"{""fixed_ranks"": [1, 2, 4, 8, 16, 32], ""variance_thresholds"": [0.9, 0.95]}",synthetic_context_on_atomic_id,B_exact_success_D_exact_failure,0.9171156096031351,1.3762628323652055,,,0,too_few_or_constant_samples,0.0,,
/home/ubuntu/cogitao-research/checkpoints/cogitao_vit_cross_attention/cogitao_c1_experiment_1_vit6_function_mlp_cross_attention/run_000/last.ckpt,c6578b6a655d823b9e27296aaf186e6b5b97bad640fb400cc5f2abaa6f308e6d,dfec9cbb2afe6616194c1fb41430c0c5d2bc4208,1,test,rot90,translate_up,translate_up -> rot90,"pair (f,g): fgx=f(g(x)); task-token order [g,f] means g -> f",128,55,55,shared_queries,42,78000,256,256,0.01,2,"{""fixed_ranks"": [1, 2, 4, 8, 16, 32], ""variance_thresholds"": [0.9, 0.95]}",synthetic_context_on_atomic_id,B_exact_success_D_exact_failure,0.7329147871987097,1.2318148147796533,,,0,too_few_or_constant_samples,0.0,,
/home/ubuntu/cogitao-research/checkpoints/cogitao_vit_cross_attention/cogitao_c1_experiment_1_vit6_function_mlp_cross_attention/run_000/last.ckpt,c6578b6a655d823b9e27296aaf186e6b5b97bad640fb400cc5f2abaa6f308e6d,dfec9cbb2afe6616194c1fb41430c0c5d2bc4208,1,test,rot90,translate_up,translate_up -> rot90,"pair (f,g): fgx=f(g(x)); task-token order [g,f] means g -> f",128,55,55,first_cross_attention,42,78000,256,256,0.01,2,"{""fixed_ranks"": [1, 2, 4, 8, 16, 32], ""variance_thresholds"": [0.9, 0.95]}",synthetic_context_on_atomic_id,B_exact_success_D_exact_failure,0.22169661622294295,0.6624418393312218,0.9058049777673315,0.4457147485429902,32,ok,0.0,4.158943600712131,0.15881136060517373
/home/ubuntu/cogitao-research/checkpoints/cogitao_vit_cross_attention/cogitao_c1_experiment_1_vit6_function_mlp_cross_attention/run_000/last.ckpt,c6578b6a655d823b9e27296aaf186e6b5b97bad640fb400cc5f2abaa6f308e6d,dfec9cbb2afe6616194c1fb41430c0c5d2bc4208,1,test,rot90,translate_up,translate_up -> rot90,"pair (f,g): fgx=f(g(x)); task-token order [g,f] means g -> f",128,55,55,first_cross_attention_attention,42,78000,256,256,0.01,2,"{""fixed_ranks"": [1, 2, 4, 8, 16, 32], ""variance_thresholds"": [0.9, 0.95]}",synthetic_context_on_atomic_id,B_exact_success_D_exact_failure,0.7371639320093981,1.211036439820327,0.9873064478971983,0.8843948664420995,32,ok,0.0,3.491933751929982,0.36093009074883253
/home/ubuntu/cogitao-research/checkpoints/cogitao_vit_cross_attention/cogitao_c1_experiment_1_vit6_function_mlp_cross_attention/run_000/last.ckpt,c6578b6a655d823b9e27296aaf186e6b5b97bad640fb400cc5f2abaa6f308e6d,dfec9cbb2afe6616194c1fb41430c0c5d2bc4208,1,test,rot90,translate_up,translate_up -> rot90,"pair (f,g): fgx=f(g(x)); task-token order [g,f] means g -> f",128,55,55,second_cross_attention,42,78000,256,256,0.01,2,"{""fixed_ranks"": [1, 2, 4, 8, 16, 32], ""variance_thresholds"": [0.9, 0.95]}",synthetic_context_on_atomic_id,B_exact_success_D_exact_failure,0.054808168064534944,0.3283503345611007,0.8733082897290301,0.35885874221965897,32,ok,0.0,1.7042673046761616,0.06369685854277275
/home/ubuntu/cogitao-research/checkpoints/cogitao_vit_cross_attention/cogitao_c1_experiment_1_vit6_function_mlp_cross_attention/run_000/last.ckpt,c6578b6a655d823b9e27296aaf186e6b5b97bad640fb400cc5f2abaa6f308e6d,dfec9cbb2afe6616194c1fb41430c0c5d2bc4208,1,test,rot90,translate_up,translate_up -> rot90,"pair (f,g): fgx=f(g(x)); task-token order [g,f] means g -> f",128,55,55,second_cross_attention_attention,42,78000,256,256,0.01,2,"{""fixed_ranks"": [1, 2, 4, 8, 16, 32], ""variance_thresholds"": [0.9, 0.95]}",synthetic_context_on_atomic_id,B_exact_success_D_exact_failure,0.18617286411480116,0.5956336832866779,0.9041226178558976,0.4746901401630726,32,ok,0.0,1.0805961431506517,0.12715639204031767
/home/ubuntu/cogitao-research/checkpoints/cogitao_vit_cross_attention/cogitao_c1_experiment_1_vit6_function_mlp_cross_attention/run_000/last.ckpt,c6578b6a655d823b9e27296aaf186e6b5b97bad640fb400cc5f2abaa6f308e6d,dfec9cbb2afe6616194c1fb41430c0c5d2bc4208,1,test,rot90,translate_up,translate_up -> rot90,"pair (f,g): fgx=f(g(x)); task-token order [g,f] means g -> f",128,55,55,decoder_logits,42,78000,256,256,0.01,2,"{""fixed_ranks"": [1, 2, 4, 8, 16, 32], ""variance_thresholds"": [0.9, 0.95]}",synthetic_context_on_atomic_id,B_exact_success_D_exact_failure,0.09802272211136448,0.4538301961354793,0.8722403154718437,0.6943433229459792,32,ok,0.0,0.991179292945243,0.05316163925409067
/home/ubuntu/cogitao-research/checkpoints/cogitao_vit_cross_attention/cogitao_c1_experiment_1_vit6_function_mlp_cross_attention/run_000/last.ckpt,c6578b6a655d823b9e27296aaf186e6b5b97bad640fb400cc5f2abaa6f308e6d,dfec9cbb2afe6616194c1fb41430c0c5d2bc4208,1,test,rot90,translate_up,translate_up -> rot90,"pair (f,g): fgx=f(g(x)); task-token order [g,f] means g -> f",128,128,128,image_final_norm,42,78000,256,256,0.01,2,"{""fixed_ranks"": [1, 2, 4, 8, 16, 32], ""variance_thresholds"": [0.9, 0.95]}",synthetic_context_on_atomic_id,oracle_verified_program_order_invariance,2.0816681711721685e-17,0.0,1.0000000000000002,1.5265566588595902e-16,32,ok,0.0,,
/home/ubuntu/cogitao-research/checkpoints/cogitao_vit_cross_attention/cogitao_c1_experiment_1_vit6_function_mlp_cross_attention/run_000/last.ckpt,c6578b6a655d823b9e27296aaf186e6b5b97bad640fb400cc5f2abaa6f308e6d,dfec9cbb2afe6616194c1fb41430c0c5d2bc4208,1,test,rot90,translate_up,translate_up -> rot90,"pair (f,g): fgx=f(g(x)); task-token order [g,f] means g -> f",128,128,128,function_embeddings,42,78000,256,256,0.01,2,"{""fixed_ranks"": [1, 2, 4, 8, 16, 32], ""variance_thresholds"": [0.9, 0.95]}",synthetic_context_on_atomic_id,oracle_verified_program_order_invariance,1.0569481184088934,1.4539244261024915,,,0,too_few_or_constant_samples,0.0,,
/home/ubuntu/cogitao-research/checkpoints/cogitao_vit_cross_attention/cogitao_c1_experiment_1_vit6_function_mlp_cross_attention/run_000/last.ckpt,c6578b6a655d823b9e27296aaf186e6b5b97bad640fb400cc5f2abaa6f308e6d,dfec9cbb2afe6616194c1fb41430c0c5d2bc4208,1,test,rot90,translate_up,translate_up -> rot90,"pair (f,g): fgx=f(g(x)); task-token order [g,f] means g -> f",128,128,128,function_mlp,42,78000,256,256,0.01,2,"{""fixed_ranks"": [1, 2, 4, 8, 16, 32], ""variance_thresholds"": [0.9, 0.95]}",synthetic_context_on_atomic_id,oracle_verified_program_order_invariance,1.1945885334713573,1.5518969830294294,,,0,too_few_or_constant_samples,0.0,,
/home/ubuntu/cogitao-research/checkpoints/cogitao_vit_cross_attention/cogitao_c1_experiment_1_vit6_function_mlp_cross_attention/run_000/last.ckpt,c6578b6a655d823b9e27296aaf186e6b5b97bad640fb400cc5f2abaa6f308e6d,dfec9cbb2afe6616194c1fb41430c0c5d2bc4208,1,test,rot90,translate_up,translate_up -> rot90,"pair (f,g): fgx=f(g(x)); task-token order [g,f] means g -> f",128,128,128,shared_queries,42,78000,256,256,0.01,2,"{""fixed_ranks"": [1, 2, 4, 8, 16, 32], ""variance_thresholds"": [0.9, 0.95]}",synthetic_context_on_atomic_id,oracle_verified_program_order_invariance,0.9567156749348095,1.3886045969500163,,,0,too_few_or_constant_samples,0.0,,
/home/ubuntu/cogitao-research/checkpoints/cogitao_vit_cross_attention/cogitao_c1_experiment_1_vit6_function_mlp_cross_attention/run_000/last.ckpt,c6578b6a655d823b9e27296aaf186e6b5b97bad640fb400cc5f2abaa6f308e6d,dfec9cbb2afe6616194c1fb41430c0c5d2bc4208,1,test,rot90,translate_up,translate_up -> rot90,"pair (f,g): fgx=f(g(x)); task-token order [g,f] means g -> f",128,128,128,first_cross_attention,42,78000,256,256,0.01,2,"{""fixed_ranks"": [1, 2, 4, 8, 16, 32], ""variance_thresholds"": [0.9, 0.95]}",synthetic_context_on_atomic_id,oracle_verified_program_order_invariance,0.22929097153802241,0.6743739848138859,0.9368016777830246,0.44229314718042856,32,ok,0.0,4.172624469152038,0.15745353149445426
/home/ubuntu/cogitao-research/checkpoints/cogitao_vit_cross_attention/cogitao_c1_experiment_1_vit6_function_mlp_cross_attention/run_000/last.ckpt,c6578b6a655d823b9e27296aaf186e6b5b97bad640fb400cc5f2abaa6f308e6d,dfec9cbb2afe6616194c1fb41430c0c5d2bc4208,1,test,rot90,translate_up,translate_up -> rot90,"pair (f,g): fgx=f(g(x)); task-token order [g,f] means g -> f",128,128,128,first_cross_attention_attention,42,78000,256,256,0.01,2,"{""fixed_ranks"": [1, 2, 4, 8, 16, 32], ""variance_thresholds"": [0.9, 0.95]}",synthetic_context_on_atomic_id,oracle_verified_program_order_invariance,0.08231473663295047,0.4148876646949987,0.993241230155968,0.1514787157345734,32,ok,0.0,0.2713768532778589,0.05785089045083016
/home/ubuntu/cogitao-research/checkpoints/cogitao_vit_cross_attention/cogitao_c1_experiment_1_vit6_function_mlp_cross_attention/run_000/last.ckpt,c6578b6a655d823b9e27296aaf186e6b5b97bad640fb400cc5f2abaa6f308e6d,dfec9cbb2afe6616194c1fb41430c0c5d2bc4208,1,test,rot90,translate_up,translate_up -> rot90,"pair (f,g): fgx=f(g(x)); task-token order [g,f] means g -> f",128,128,128,second_cross_attention,42,78000,256,256,0.01,2,"{""fixed_ranks"": [1, 2, 4, 8, 16, 32], ""variance_thresholds"": [0.9, 0.95]}",synthetic_context_on_atomic_id,oracle_verified_program_order_invariance,0.04072320983696201,0.27700511496485136,0.8691174746659646,0.20591164258903022,32,ok,0.0,1.6202775885966676,0.06052753460457882
/home/ubuntu/cogitao-research/checkpoints/cogitao_vit_cross_attention/cogitao_c1_experiment_1_vit6_function_mlp_cross_attention/run_000/last.ckpt,c6578b6a655d823b9e27296aaf186e6b5b97bad640fb400cc5f2abaa6f308e6d,dfec9cbb2afe6616194c1fb41430c0c5d2bc4208,1,test,rot90,translate_up,translate_up -> rot90,"pair (f,g): fgx=f(g(x)); task-token order [g,f] means g -> f",128,128,128,second_cross_attention_attention,42,78000,256,256,0.01,2,"{""fixed_ranks"": [1, 2, 4, 8, 16, 32], ""variance_thresholds"": [0.9, 0.95]}",synthetic_context_on_atomic_id,oracle_verified_program_order_invariance,0.13973898530977918,0.5064893644027996,0.9514516398868452,0.32426872930865813,32,ok,0.0,0.6997288077353392,0.0916003983876039
/home/ubuntu/cogitao-research/checkpoints/cogitao_vit_cross_attention/cogitao_c1_experiment_1_vit6_function_mlp_cross_attention/run_000/last.ckpt,c6578b6a655d823b9e27296aaf186e6b5b97bad640fb400cc5f2abaa6f308e6d,dfec9cbb2afe6616194c1fb41430c0c5d2bc4208,1,test,rot90,translate_up,translate_up -> rot90,"pair (f,g): fgx=f(g(x)); task-token order [g,f] means g -> f",128,128,128,decoder_logits,42,78000,256,256,0.01,2,"{""fixed_ranks"": [1, 2, 4, 8, 16, 32], ""variance_thresholds"": [0.9, 0.95]}",synthetic_context_on_atomic_id,oracle_verified_program_order_invariance,0.08560973480397906,0.4163443600910506,0.8300740587298197,0.5550450236073738,32,ok,0.0,0.7257358575011899,0.04320818254170525
/home/ubuntu/cogitao-research/checkpoints/cogitao_vit_cross_attention/cogitao_c1_experiment_1_vit6_function_mlp_cross_attention/run_000/last.ckpt,c6578b6a655d823b9e27296aaf186e6b5b97bad640fb400cc5f2abaa6f308e6d,dfec9cbb2afe6616194c1fb41430c0c5d2bc4208,1,test,rot90,translate_up,translate_up -> rot90,"pair (f,g): fgx=f(g(x)); task-token order [g,f] means g -> f",128,128,128,image_final_norm,42,78000,256,256,0.01,2,"{""fixed_ranks"": [1, 2, 4, 8, 16, 32], ""variance_thresholds"": [0.9, 0.95]}",synthetic_context_on_atomic_id,direct_vs_seen_template_atomic_token_swap,2.0816681711721685e-17,0.0,1.0000000000000002,1.5265566588595902e-16,32,ok,1.0,,
/home/ubuntu/cogitao-research/checkpoints/cogitao_vit_cross_attention/cogitao_c1_experiment_1_vit6_function_mlp_cross_attention/run_000/last.ckpt,c6578b6a655d823b9e27296aaf186e6b5b97bad640fb400cc5f2abaa6f308e6d,dfec9cbb2afe6616194c1fb41430c0c5d2bc4208,1,test,rot90,translate_up,translate_up -> rot90,"pair (f,g): fgx=f(g(x)); task-token order [g,f] means g -> f",128,128,128,function_embeddings,42,78000,256,256,0.01,2,"{""fixed_ranks"": [1, 2, 4, 8, 16, 32], ""variance_thresholds"": [0.9, 0.95]}",synthetic_context_on_atomic_id,direct_vs_seen_template_atomic_token_swap,0.0,0.0,,,0,too_few_or_constant_samples,1.0,,
/home/ubuntu/cogitao-research/checkpoints/cogitao_vit_cross_attention/cogitao_c1_experiment_1_vit6_function_mlp_cross_attention/run_000/last.ckpt,c6578b6a655d823b9e27296aaf186e6b5b97bad640fb400cc5f2abaa6f308e6d,dfec9cbb2afe6616194c1fb41430c0c5d2bc4208,1,test,rot90,translate_up,translate_up -> rot90,"pair (f,g): fgx=f(g(x)); task-token order [g,f] means g -> f",128,128,128,function_mlp,42,78000,256,256,0.01,2,"{""fixed_ranks"": [1, 2, 4, 8, 16, 32], ""variance_thresholds"": [0.9, 0.95]}",synthetic_context_on_atomic_id,direct_vs_seen_template_atomic_token_swap,2.220446049250313e-16,0.0,,,0,too_few_or_constant_samples,1.0,,
/home/ubuntu/cogitao-research/checkpoints/cogitao_vit_cross_attention/cogitao_c1_experiment_1_vit6_function_mlp_cross_attention/run_000/last.ckpt,c6578b6a655d823b9e27296aaf186e6b5b97bad640fb400cc5f2abaa6f308e6d,dfec9cbb2afe6616194c1fb41430c0c5d2bc4208,1,test,rot90,translate_up,translate_up -> rot90,"pair (f,g): fgx=f(g(x)); task-token order [g,f] means g -> f",128,128,128,shared_queries,42,78000,256,256,0.01,2,"{""fixed_ranks"": [1, 2, 4, 8, 16, 32], ""variance_thresholds"": [0.9, 0.95]}",synthetic_context_on_atomic_id,direct_vs_seen_template_atomic_token_swap,0.0,0.0,,,0,too_few_or_constant_samples,1.0,,
/home/ubuntu/cogitao-research/checkpoints/cogitao_vit_cross_attention/cogitao_c1_experiment_1_vit6_function_mlp_cross_attention/run_000/last.ckpt,c6578b6a655d823b9e27296aaf186e6b5b97bad640fb400cc5f2abaa6f308e6d,dfec9cbb2afe6616194c1fb41430c0c5d2bc4208,1,test,rot90,translate_up,translate_up -> rot90,"pair (f,g): fgx=f(g(x)); task-token order [g,f] means g -> f",128,128,128,first_cross_attention,42,78000,256,256,0.01,2,"{""fixed_ranks"": [1, 2, 4, 8, 16, 32], ""variance_thresholds"": [0.9, 0.95]}",synthetic_context_on_atomic_id,direct_vs_seen_template_atomic_token_swap,2.688821387764051e-17,0.0,1.0000000000000002,9.228728892196614e-16,32,ok,1.0,0.0,0.0
/home/ubuntu/cogitao-research/checkpoints/cogitao_vit_cross_attention/cogitao_c1_experiment_1_vit6_function_mlp_cross_attention/run_000/last.ckpt,c6578b6a655d823b9e27296aaf186e6b5b97bad640fb400cc5f2abaa6f308e6d,dfec9cbb2afe6616194c1fb41430c0c5d2bc4208,1,test,rot90,translate_up,translate_up -> rot90,"pair (f,g): fgx=f(g(x)); task-token order [g,f] means g -> f",128,128,128,first_cross_attention_attention,42,78000,256,256,0.01,2,"{""fixed_ranks"": [1, 2, 4, 8, 16, 32], ""variance_thresholds"": [0.9, 0.95]}",synthetic_context_on_atomic_id,direct_vs_seen_template_atomic_token_swap,3.469446951953614e-17,0.0,0.9999999999999999,5.551115123125783e-16,32,ok,1.0,0.0,0.0
/home/ubuntu/cogitao-research/checkpoints/cogitao_vit_cross_attention/cogitao_c1_experiment_1_vit6_function_mlp_cross_attention/run_000/last.ckpt,c6578b6a655d823b9e27296aaf186e6b5b97bad640fb400cc5f2abaa6f308e6d,dfec9cbb2afe6616194c1fb41430c0c5d2bc4208,1,test,rot90,translate_up,translate_up -> rot90,"pair (f,g): fgx=f(g(x)); task-token order [g,f] means g -> f",128,128,128,second_cross_attention,42,78000,256,256,0.01,2,"{""fixed_ranks"": [1, 2, 4, 8, 16, 32], ""variance_thresholds"": [0.9, 0.95]}",synthetic_context_on_atomic_id,direct_vs_seen_template_atomic_token_swap,4.336808689942018e-17,0.0,0.9999999999999998,4.0939474033052647e-16,32,ok,1.0,0.0,0.0
/home/ubuntu/cogitao-research/checkpoints/cogitao_vit_cross_attention/cogitao_c1_experiment_1_vit6_function_mlp_cross_attention/run_000/last.ckpt,c6578b6a655d823b9e27296aaf186e6b5b97bad640fb400cc5f2abaa6f308e6d,dfec9cbb2afe6616194c1fb41430c0c5d2bc4208,1,test,rot90,translate_up,translate_up -> rot90,"pair (f,g): fgx=f(g(x)); task-token order [g,f] means g -> f",128,128,128,second_cross_attention_attention,42,78000,256,256,0.01,2,"{""fixed_ranks"": [1, 2, 4, 8, 16, 32], ""variance_thresholds"": [0.9, 0.95]}",synthetic_context_on_atomic_id,direct_vs_seen_template_atomic_token_swap,6.938893903907228e-17,0.0,0.9999999999999997,2.983724378680108e-16,32,ok,1.0,0.0,0.0
/home/ubuntu/cogitao-research/checkpoints/cogitao_vit_cross_attention/cogitao_c1_experiment_1_vit6_function_mlp_cross_attention/run_000/last.ckpt,c6578b6a655d823b9e27296aaf186e6b5b97bad640fb400cc5f2abaa6f308e6d,dfec9cbb2afe6616194c1fb41430c0c5d2bc4208,1,test,rot90,translate_up,translate_up -> rot90,"pair (f,g): fgx=f(g(x)); task-token order [g,f] means g -> f",128,128,128,decoder_logits,42,78000,256,256,0.01,2,"{""fixed_ranks"": [1, 2, 4, 8, 16, 32], ""variance_thresholds"": [0.9, 0.95]}",synthetic_context_on_atomic_id,direct_vs_seen_template_atomic_token_swap,4.423544863740858e-17,0.0,1.0000000000000002,5.828670879282072e-16,32,ok,1.0,0.0,0.0
/home/ubuntu/cogitao-research/checkpoints/cogitao_vit_cross_attention/cogitao_c1_experiment_1_vit6_function_mlp_cross_attention/run_000/last.ckpt,c6578b6a655d823b9e27296aaf186e6b5b97bad640fb400cc5f2abaa6f308e6d,dfec9cbb2afe6616194c1fb41430c0c5d2bc4208,1,val_ood,rot90,translate_up,translate_up -> rot90,"pair (f,g): fgx=f(g(x)); task-token order [g,f] means g -> f",128,128,128,image_final_norm,42,78000,256,256,0.01,2,"{""fixed_ranks"": [1, 2, 4, 8, 16, 32], ""variance_thresholds"": [0.9, 0.95]}",recorded_ood,B_vs_D_all,0.0690994122963405,0.3657793002222649,0.9791393768014333,0.30604176675031847,32,ok,0.0,,
/home/ubuntu/cogitao-research/checkpoints/cogitao_vit_cross_attention/cogitao_c1_experiment_1_vit6_function_mlp_cross_attention/run_000/last.ckpt,c6578b6a655d823b9e27296aaf186e6b5b97bad640fb400cc5f2abaa6f308e6d,dfec9cbb2afe6616194c1fb41430c0c5d2bc4208,1,val_ood,rot90,translate_up,translate_up -> rot90,"pair (f,g): fgx=f(g(x)); task-token order [g,f] means g -> f",128,128,128,function_embeddings,42,78000,256,256,0.01,2,"{""fixed_ranks"": [1, 2, 4, 8, 16, 32], ""variance_thresholds"": [0.9, 0.95]}",recorded_ood,B_vs_D_all,1.0447476108531428,1.4777906266154348,,,0,too_few_or_constant_samples,0.0,,
/home/ubuntu/cogitao-research/checkpoints/cogitao_vit_cross_attention/cogitao_c1_experiment_1_vit6_function_mlp_cross_attention/run_000/last.ckpt,c6578b6a655d823b9e27296aaf186e6b5b97bad640fb400cc5f2abaa6f308e6d,dfec9cbb2afe6616194c1fb41430c0c5d2bc4208,1,val_ood,rot90,translate_up,translate_up -> rot90,"pair (f,g): fgx=f(g(x)); task-token order [g,f] means g -> f",128,128,128,function_mlp,42,78000,256,256,0.01,2,"{""fixed_ranks"": [1, 2, 4, 8, 16, 32], ""variance_thresholds"": [0.9, 0.95]}",recorded_ood,B_vs_D_all,0.9171156096031349,1.3762628323652064,,,0,too_few_or_constant_samples,0.0,,
/home/ubuntu/cogitao-research/checkpoints/cogitao_vit_cross_attention/cogitao_c1_experiment_1_vit6_function_mlp_cross_attention/run_000/last.ckpt,c6578b6a655d823b9e27296aaf186e6b5b97bad640fb400cc5f2abaa6f308e6d,dfec9cbb2afe6616194c1fb41430c0c5d2bc4208,1,val_ood,rot90,translate_up,translate_up -> rot90,"pair (f,g): fgx=f(g(x)); task-token order [g,f] means g -> f",128,128,128,shared_queries,42,78000,256,256,0.01,2,"{""fixed_ranks"": [1, 2, 4, 8, 16, 32], ""variance_thresholds"": [0.9, 0.95]}",recorded_ood,B_vs_D_all,0.7329147871987096,1.2318148147796533,,,0,too_few_or_constant_samples,0.0,,
/home/ubuntu/cogitao-research/checkpoints/cogitao_vit_cross_attention/cogitao_c1_experiment_1_vit6_function_mlp_cross_attention/run_000/last.ckpt,c6578b6a655d823b9e27296aaf186e6b5b97bad640fb400cc5f2abaa6f308e6d,dfec9cbb2afe6616194c1fb41430c0c5d2bc4208,1,val_ood,rot90,translate_up,translate_up -> rot90,"pair (f,g): fgx=f(g(x)); task-token order [g,f] means g -> f",128,128,128,first_cross_attention,42,78000,256,256,0.01,2,"{""fixed_ranks"": [1, 2, 4, 8, 16, 32], ""variance_thresholds"": [0.9, 0.95]}",recorded_ood,B_vs_D_all,0.24132220237706029,0.6864832040294802,0.8193290094099362,0.44150562101990737,32,ok,0.0,4.532541321301445,0.16792497008352764
/home/ubuntu/cogitao-research/checkpoints/cogitao_vit_cross_attention/cogitao_c1_experiment_1_vit6_function_mlp_cross_attention/run_000/last.ckpt,c6578b6a655d823b9e27296aaf186e6b5b97bad640fb400cc5f2abaa6f308e6d,dfec9cbb2afe6616194c1fb41430c0c5d2bc4208,1,val_ood,rot90,translate_up,translate_up -> rot90,"pair (f,g): fgx=f(g(x)); task-token order [g,f] means g -> f",128,128,128,first_cross_attention_attention,42,78000,256,256,0.01,2,"{""fixed_ranks"": [1, 2, 4, 8, 16, 32], ""variance_thresholds"": [0.9, 0.95]}",recorded_ood,B_vs_D_all,0.7665173642343025,1.234871354957357,0.9717560378575018,0.8190171150846794,32,ok,0.0,3.8407190978555477,0.38069341507938415
/home/ubuntu/cogitao-research/checkpoints/cogitao_vit_cross_attention/cogitao_c1_experiment_1_vit6_function_mlp_cross_attention/run_000/last.ckpt,c6578b6a655d823b9e27296aaf186e6b5b97bad640fb400cc5f2abaa6f308e6d,dfec9cbb2afe6616194c1fb41430c0c5d2bc4208,1,val_ood,rot90,translate_up,translate_up -> rot90,"pair (f,g): fgx=f(g(x)); task-token order [g,f] means g -> f",128,128,128,second_cross_attention,42,78000,256,256,0.01,2,"{""fixed_ranks"": [1, 2, 4, 8, 16, 32], ""variance_thresholds"": [0.9, 0.95]}",recorded_ood,B_vs_D_all,0.052800730774922325,0.31684398886419707,0.8781285605631022,0.2734627899621578,32,ok,0.0,1.7815580475547317,0.0664794453441084
/home/ubuntu/cogitao-research/checkpoints/cogitao_vit_cross_attention/cogitao_c1_experiment_1_vit6_function_mlp_cross_attention/run_000/last.ckpt,c6578b6a655d823b9e27296aaf186e6b5b97bad640fb400cc5f2abaa6f308e6d,dfec9cbb2afe6616194c1fb41430c0c5d2bc4208,1,val_ood,rot90,translate_up,translate_up -> rot90,"pair (f,g): fgx=f(g(x)); task-token order [g,f] means g -> f",128,128,128,second_cross_attention_attention,42,78000,256,256,0.01,2,"{""fixed_ranks"": [1, 2, 4, 8, 16, 32], ""variance_thresholds"": [0.9, 0.95]}",recorded_ood,B_vs_D_all,0.20497166373197845,0.6127810743777803,0.824786530153846,0.4112111015474724,32,ok,0.0,1.5272708099269636,0.13931225431786814
/home/ubuntu/cogitao-research/checkpoints/cogitao_vit_cross_attention/cogitao_c1_experiment_1_vit6_function_mlp_cross_attention/run_000/last.ckpt,c6578b6a655d823b9e27296aaf186e6b5b97bad640fb400cc5f2abaa6f308e6d,dfec9cbb2afe6616194c1fb41430c0c5d2bc4208,1,val_ood,rot90,translate_up,translate_up -> rot90,"pair (f,g): fgx=f(g(x)); task-token order [g,f] means g -> f",128,128,128,decoder_logits,42,78000,256,256,0.01,2,"{""fixed_ranks"": [1, 2, 4, 8, 16, 32], ""variance_thresholds"": [0.9, 0.95]}",recorded_ood,B_vs_D_all,0.09834196176385522,0.4689109704311605,0.7852866956450955,0.5964018272855979,32,ok,0.0,0.9135121166788832,0.0514234847903232
/home/ubuntu/cogitao-research/checkpoints/cogitao_vit_cross_attention/cogitao_c1_experiment_1_vit6_function_mlp_cross_attention/run_000/last.ckpt,c6578b6a655d823b9e27296aaf186e6b5b97bad640fb400cc5f2abaa6f308e6d,dfec9cbb2afe6616194c1fb41430c0c5d2bc4208,1,val_ood,rot90,translate_up,translate_up -> rot90,"pair (f,g): fgx=f(g(x)); task-token order [g,f] means g -> f",128,72,72,image_final_norm,42,78000,256,256,0.01,2,"{""fixed_ranks"": [1, 2, 4, 8, 16, 32], ""variance_thresholds"": [0.9, 0.95]}",recorded_ood,B_exact_success_D_exact_failure,0.06144426907566104,0.34578236309826177,0.9873563881319544,0.3801053005217741,32,ok,0.0,,
/home/ubuntu/cogitao-research/checkpoints/cogitao_vit_cross_attention/cogitao_c1_experiment_1_vit6_function_mlp_cross_attention/run_000/last.ckpt,c6578b6a655d823b9e27296aaf186e6b5b97bad640fb400cc5f2abaa6f308e6d,dfec9cbb2afe6616194c1fb41430c0c5d2bc4208,1,val_ood,rot90,translate_up,translate_up -> rot90,"pair (f,g): fgx=f(g(x)); task-token order [g,f] means g -> f",128,72,72,function_embeddings,42,78000,256,256,0.01,2,"{""fixed_ranks"": [1, 2, 4, 8, 16, 32], ""variance_thresholds"": [0.9, 0.95]}",recorded_ood,B_exact_success_D_exact_failure,1.0447476108531426,1.4777906266154353,,,0,too_few_or_constant_samples,0.0,,
/home/ubuntu/cogitao-research/checkpoints/cogitao_vit_cross_attention/cogitao_c1_experiment_1_vit6_function_mlp_cross_attention/run_000/last.ckpt,c6578b6a655d823b9e27296aaf186e6b5b97bad640fb400cc5f2abaa6f308e6d,dfec9cbb2afe6616194c1fb41430c0c5d2bc4208,1,val_ood,rot90,translate_up,translate_up -> rot90,"pair (f,g): fgx=f(g(x)); task-token order [g,f] means g -> f",128,72,72,function_mlp,42,78000,256,256,0.01,2,"{""fixed_ranks"": [1, 2, 4, 8, 16, 32], ""variance_thresholds"": [0.9, 0.95]}",recorded_ood,B_exact_success_D_exact_failure,0.9171156096031348,1.3762628323652064,,,0,too_few_or_constant_samples,0.0,,
/home/ubuntu/cogitao-research/checkpoints/cogitao_vit_cross_attention/cogitao_c1_experiment_1_vit6_function_mlp_cross_attention/run_000/last.ckpt,c6578b6a655d823b9e27296aaf186e6b5b97bad640fb400cc5f2abaa6f308e6d,dfec9cbb2afe6616194c1fb41430c0c5d2bc4208,1,val_ood,rot90,translate_up,translate_up -> rot90,"pair (f,g): fgx=f(g(x)); task-token order [g,f] means g -> f",128,72,72,shared_queries,42,78000,256,256,0.01,2,"{""fixed_ranks"": [1, 2, 4, 8, 16, 32], ""variance_thresholds"": [0.9, 0.95]}",recorded_ood,B_exact_success_D_exact_failure,0.7329147871987098,1.2318148147796533,,,0,too_few_or_constant_samples,0.0,,
/home/ubuntu/cogitao-research/checkpoints/cogitao_vit_cross_attention/cogitao_c1_experiment_1_vit6_function_mlp_cross_attention/run_000/last.ckpt,c6578b6a655d823b9e27296aaf186e6b5b97bad640fb400cc5f2abaa6f308e6d,dfec9cbb2afe6616194c1fb41430c0c5d2bc4208,1,val_ood,rot90,translate_up,translate_up -> rot90,"pair (f,g): fgx=f(g(x)); task-token order [g,f] means g -> f",128,72,72,first_cross_attention,42,78000,256,256,0.01,2,"{""fixed_ranks"": [1, 2, 4, 8, 16, 32], ""variance_thresholds"": [0.9, 0.95]}",recorded_ood,B_exact_success_D_exact_failure,0.22648763661232924,0.6672979943202635,0.878474235915309,0.4474770644166096,32,ok,0.0,4.337816288685374,0.16278229385497228
/home/ubuntu/cogitao-research/checkpoints/cogitao_vit_cross_attention/cogitao_c1_experiment_1_vit6_function_mlp_cross_attention/run_000/last.ckpt,c6578b6a655d823b9e27296aaf186e6b5b97bad640fb400cc5f2abaa6f308e6d,dfec9cbb2afe6616194c1fb41430c0c5d2bc4208,1,val_ood,rot90,translate_up,translate_up -> rot90,"pair (f,g): fgx=f(g(x)); task-token order [g,f] means g -> f",128,72,72,first_cross_attention_attention,42,78000,256,256,0.01,2,"{""fixed_ranks"": [1, 2, 4, 8, 16, 32], ""variance_thresholds"": [0.9, 0.95]}",recorded_ood,B_exact_success_D_exact_failure,0.7633832634033146,1.232444552832033,0.9847790515882608,0.8601529920050872,32,ok,0.0,3.726693357488047,0.3743568787922597
/home/ubuntu/cogitao-research/checkpoints/cogitao_vit_cross_attention/cogitao_c1_experiment_1_vit6_function_mlp_cross_attention/run_000/last.ckpt,c6578b6a655d823b9e27296aaf186e6b5b97bad640fb400cc5f2abaa6f308e6d,dfec9cbb2afe6616194c1fb41430c0c5d2bc4208,1,val_ood,rot90,translate_up,translate_up -> rot90,"pair (f,g): fgx=f(g(x)); task-token order [g,f] means g -> f",128,72,72,second_cross_attention,42,78000,256,256,0.01,2,"{""fixed_ranks"": [1, 2, 4, 8, 16, 32], ""variance_thresholds"": [0.9, 0.95]}",recorded_ood,B_exact_success_D_exact_failure,0.04971952206808486,0.30691500208959827,0.887813498125243,0.3321690584881663,32,ok,0.0,1.6481396190215978,0.0616541428858053
/home/ubuntu/cogitao-research/checkpoints/cogitao_vit_cross_attention/cogitao_c1_experiment_1_vit6_function_mlp_cross_attention/run_000/last.ckpt,c6578b6a655d823b9e27296aaf186e6b5b97bad640fb400cc5f2abaa6f308e6d,dfec9cbb2afe6616194c1fb41430c0c5d2bc4208,1,val_ood,rot90,translate_up,translate_up -> rot90,"pair (f,g): fgx=f(g(x)); task-token order [g,f] means g -> f",128,72,72,second_cross_attention_attention,42,78000,256,256,0.01,2,"{""fixed_ranks"": [1, 2, 4, 8, 16, 32], ""variance_thresholds"": [0.9, 0.95]}",recorded_ood,B_exact_success_D_exact_failure,0.189276149593297,0.5947630492761407,0.8837382583442916,0.4584482206901292,32,ok,0.0,1.2471261242553302,0.12825325186218242
/home/ubuntu/cogitao-research/checkpoints/cogitao_vit_cross_attention/cogitao_c1_experiment_1_vit6_function_mlp_cross_attention/run_000/last.ckpt,c6578b6a655d823b9e27296aaf186e6b5b97bad640fb400cc5f2abaa6f308e6d,dfec9cbb2afe6616194c1fb41430c0c5d2bc4208,1,val_ood,rot90,translate_up,translate_up -> rot90,"pair (f,g): fgx=f(g(x)); task-token order [g,f] means g -> f",128,72,72,decoder_logits,42,78000,256,256,0.01,2,"{""fixed_ranks"": [1, 2, 4, 8, 16, 32], ""variance_thresholds"": [0.9, 0.95]}",recorded_ood,B_exact_success_D_exact_failure,0.09194161424629564,0.44798834870334187,0.8473255553183918,0.6519864536014827,32,ok,0.0,0.8692856123050045,0.046781422184766004
/home/ubuntu/cogitao-research/checkpoints/cogitao_vit_cross_attention/cogitao_c1_experiment_1_vit6_function_mlp_cross_attention/run_000/last.ckpt,c6578b6a655d823b9e27296aaf186e6b5b97bad640fb400cc5f2abaa6f308e6d,dfec9cbb2afe6616194c1fb41430c0c5d2bc4208,1,val_ood,rot90,translate_up,translate_up -> rot90,"pair (f,g): fgx=f(g(x)); task-token order [g,f] means g -> f",128,128,128,image_final_norm,42,78000,256,256,0.01,2,"{""fixed_ranks"": [1, 2, 4, 8, 16, 32], ""variance_thresholds"": [0.9, 0.95]}",recorded_ood,oracle_verified_program_order_invariance,2.7755575615628914e-17,0.0,1.0000000000000002,1.8735013540549517e-16,32,ok,0.0,,
/home/ubuntu/cogitao-research/checkpoints/cogitao_vit_cross_attention/cogitao_c1_experiment_1_vit6_function_mlp_cross_attention/run_000/last.ckpt,c6578b6a655d823b9e27296aaf186e6b5b97bad640fb400cc5f2abaa6f308e6d,dfec9cbb2afe6616194c1fb41430c0c5d2bc4208,1,val_ood,rot90,translate_up,translate_up -> rot90,"pair (f,g): fgx=f(g(x)); task-token order [g,f] means g -> f",128,128,128,function_embeddings,42,78000,256,256,0.01,2,"{""fixed_ranks"": [1, 2, 4, 8, 16, 32], ""variance_thresholds"": [0.9, 0.95]}",recorded_ood,oracle_verified_program_order_invariance,1.0569481184088934,1.4539244261024915,,,0,too_few_or_constant_samples,0.0,,
/home/ubuntu/cogitao-research/checkpoints/cogitao_vit_cross_attention/cogitao_c1_experiment_1_vit6_function_mlp_cross_attention/run_000/last.ckpt,c6578b6a655d823b9e27296aaf186e6b5b97bad640fb400cc5f2abaa6f308e6d,dfec9cbb2afe6616194c1fb41430c0c5d2bc4208,1,val_ood,rot90,translate_up,translate_up -> rot90,"pair (f,g): fgx=f(g(x)); task-token order [g,f] means g -> f",128,128,128,function_mlp,42,78000,256,256,0.01,2,"{""fixed_ranks"": [1, 2, 4, 8, 16, 32], ""variance_thresholds"": [0.9, 0.95]}",recorded_ood,oracle_verified_program_order_invariance,1.1945885334713573,1.5518969830294294,,,0,too_few_or_constant_samples,0.0,,
/home/ubuntu/cogitao-research/checkpoints/cogitao_vit_cross_attention/cogitao_c1_experiment_1_vit6_function_mlp_cross_attention/run_000/last.ckpt,c6578b6a655d823b9e27296aaf186e6b5b97bad640fb400cc5f2abaa6f308e6d,dfec9cbb2afe6616194c1fb41430c0c5d2bc4208,1,val_ood,rot90,translate_up,translate_up -> rot90,"pair (f,g): fgx=f(g(x)); task-token order [g,f] means g -> f",128,128,128,shared_queries,42,78000,256,256,0.01,2,"{""fixed_ranks"": [1, 2, 4, 8, 16, 32], ""variance_thresholds"": [0.9, 0.95]}",recorded_ood,oracle_verified_program_order_invariance,0.9567156749348095,1.3886045969500163,,,0,too_few_or_constant_samples,0.0,,
/home/ubuntu/cogitao-research/checkpoints/cogitao_vit_cross_attention/cogitao_c1_experiment_1_vit6_function_mlp_cross_attention/run_000/last.ckpt,c6578b6a655d823b9e27296aaf186e6b5b97bad640fb400cc5f2abaa6f308e6d,dfec9cbb2afe6616194c1fb41430c0c5d2bc4208,1,val_ood,rot90,translate_up,translate_up -> rot90,"pair (f,g): fgx=f(g(x)); task-token order [g,f] means g -> f",128,128,128,first_cross_attention,42,78000,256,256,0.01,2,"{""fixed_ranks"": [1, 2, 4, 8, 16, 32], ""variance_thresholds"": [0.9, 0.95]}",recorded_ood,oracle_verified_program_order_invariance,0.2312935087261501,0.6766667363201385,0.9448812397820844,0.4376347005616531,32,ok,0.0,4.203358310105713,0.1577023602533597
/home/ubuntu/cogitao-research/checkpoints/cogitao_vit_cross_attention/cogitao_c1_experiment_1_vit6_function_mlp_cross_attention/run_000/last.ckpt,c6578b6a655d823b9e27296aaf186e6b5b97bad640fb400cc5f2abaa6f308e6d,dfec9cbb2afe6616194c1fb41430c0c5d2bc4208,1,val_ood,rot90,translate_up,translate_up -> rot90,"pair (f,g): fgx=f(g(x)); task-token order [g,f] means g -> f",128,128,128,first_cross_attention_attention,42,78000,256,256,0.01,2,"{""fixed_ranks"": [1, 2, 4, 8, 16, 32], ""variance_thresholds"": [0.9, 0.95]}",recorded_ood,oracle_verified_program_order_invariance,0.08131684907421274,0.40559808318282653,0.9944917525712377,0.1336849964041452,32,ok,0.0,0.2638931675578288,0.05657493149287969
/home/ubuntu/cogitao-research/checkpoints/cogitao_vit_cross_attention/cogitao_c1_experiment_1_vit6_function_mlp_cross_attention/run_000/last.ckpt,c6578b6a655d823b9e27296aaf186e6b5b97bad640fb400cc5f2abaa6f308e6d,dfec9cbb2afe6616194c1fb41430c0c5d2bc4208,1,val_ood,rot90,translate_up,translate_up -> rot90,"pair (f,g): fgx=f(g(x)); task-token order [g,f] means g -> f",128,128,128,second_cross_attention,42,78000,256,256,0.01,2,"{""fixed_ranks"": [1, 2, 4, 8, 16, 32], ""variance_thresholds"": [0.9, 0.95]}",recorded_ood,oracle_verified_program_order_invariance,0.038793262902798865,0.26874262017870876,0.8909697584425443,0.21455091852265257,32,ok,0.0,1.5547307467490628,0.05823035595511704
/home/ubuntu/cogitao-research/checkpoints/cogitao_vit_cross_attention/cogitao_c1_experiment_1_vit6_function_mlp_cross_attention/run_000/last.ckpt,c6578b6a655d823b9e27296aaf186e6b5b97bad640fb400cc5f2abaa6f308e6d,dfec9cbb2afe6616194c1fb41430c0c5d2bc4208,1,val_ood,rot90,translate_up,translate_up -> rot90,"pair (f,g): fgx=f(g(x)); task-token order [g,f] means g -> f",128,128,128,second_cross_attention_attention,42,78000,256,256,0.01,2,"{""fixed_ranks"": [1, 2, 4, 8, 16, 32], ""variance_thresholds"": [0.9, 0.95]}",recorded_ood,oracle_verified_program_order_invariance,0.1405344773012069,0.5094457668025532,0.9515173558346112,0.3304676528579983,32,ok,0.0,0.7211428824420286,0.09206592607766245
/home/ubuntu/cogitao-research/checkpoints/cogitao_vit_cross_attention/cogitao_c1_experiment_1_vit6_function_mlp_cross_attention/run_000/last.ckpt,c6578b6a655d823b9e27296aaf186e6b5b97bad640fb400cc5f2abaa6f308e6d,dfec9cbb2afe6616194c1fb41430c0c5d2bc4208,1,val_ood,rot90,translate_up,translate_up -> rot90,"pair (f,g): fgx=f(g(x)); task-token order [g,f] means g -> f",128,128,128,decoder_logits,42,78000,256,256,0.01,2,"{""fixed_ranks"": [1, 2, 4, 8, 16, 32], ""variance_thresholds"": [0.9, 0.95]}",recorded_ood,oracle_verified_program_order_invariance,0.0833584727932596,0.41091751501656704,0.8157849500622797,0.5569486375021562,32,ok,0.0,0.659666549103936,0.039256304630767735
/home/ubuntu/cogitao-research/checkpoints/cogitao_vit_cross_attention/cogitao_c1_experiment_1_vit6_function_mlp_cross_attention/run_000/last.ckpt,c6578b6a655d823b9e27296aaf186e6b5b97bad640fb400cc5f2abaa6f308e6d,dfec9cbb2afe6616194c1fb41430c0c5d2bc4208,1,val_ood,rot90,translate_up,translate_up -> rot90,"pair (f,g): fgx=f(g(x)); task-token order [g,f] means g -> f",128,128,128,image_final_norm,42,78000,256,256,0.01,2,"{""fixed_ranks"": [1, 2, 4, 8, 16, 32], ""variance_thresholds"": [0.9, 0.95]}",recorded_ood,direct_vs_seen_template_atomic_token_swap,2.7755575615628914e-17,0.0,1.0000000000000002,1.8735013540549517e-16,32,ok,1.0,,
/home/ubuntu/cogitao-research/checkpoints/cogitao_vit_cross_attention/cogitao_c1_experiment_1_vit6_function_mlp_cross_attention/run_000/last.ckpt,c6578b6a655d823b9e27296aaf186e6b5b97bad640fb400cc5f2abaa6f308e6d,dfec9cbb2afe6616194c1fb41430c0c5d2bc4208,1,val_ood,rot90,translate_up,translate_up -> rot90,"pair (f,g): fgx=f(g(x)); task-token order [g,f] means g -> f",128,128,128,function_embeddings,42,78000,256,256,0.01,2,"{""fixed_ranks"": [1, 2, 4, 8, 16, 32], ""variance_thresholds"": [0.9, 0.95]}",recorded_ood,direct_vs_seen_template_atomic_token_swap,0.0,0.0,,,0,too_few_or_constant_samples,1.0,,
/home/ubuntu/cogitao-research/checkpoints/cogitao_vit_cross_attention/cogitao_c1_experiment_1_vit6_function_mlp_cross_attention/run_000/last.ckpt,c6578b6a655d823b9e27296aaf186e6b5b97bad640fb400cc5f2abaa6f308e6d,dfec9cbb2afe6616194c1fb41430c0c5d2bc4208,1,val_ood,rot90,translate_up,translate_up -> rot90,"pair (f,g): fgx=f(g(x)); task-token order [g,f] means g -> f",128,128,128,function_mlp,42,78000,256,256,0.01,2,"{""fixed_ranks"": [1, 2, 4, 8, 16, 32], ""variance_thresholds"": [0.9, 0.95]}",recorded_ood,direct_vs_seen_template_atomic_token_swap,2.220446049250313e-16,0.0,,,0,too_few_or_constant_samples,1.0,,
/home/ubuntu/cogitao-research/checkpoints/cogitao_vit_cross_attention/cogitao_c1_experiment_1_vit6_function_mlp_cross_attention/run_000/last.ckpt,c6578b6a655d823b9e27296aaf186e6b5b97bad640fb400cc5f2abaa6f308e6d,dfec9cbb2afe6616194c1fb41430c0c5d2bc4208,1,val_ood,rot90,translate_up,translate_up -> rot90,"pair (f,g): fgx=f(g(x)); task-token order [g,f] means g -> f",128,128,128,shared_queries,42,78000,256,256,0.01,2,"{""fixed_ranks"": [1, 2, 4, 8, 16, 32], ""variance_thresholds"": [0.9, 0.95]}",recorded_ood,direct_vs_seen_template_atomic_token_swap,0.0,0.0,,,0,too_few_or_constant_samples,1.0,,
/home/ubuntu/cogitao-research/checkpoints/cogitao_vit_cross_attention/cogitao_c1_experiment_1_vit6_function_mlp_cross_attention/run_000/last.ckpt,c6578b6a655d823b9e27296aaf186e6b5b97bad640fb400cc5f2abaa6f308e6d,dfec9cbb2afe6616194c1fb41430c0c5d2bc4208,1,val_ood,rot90,translate_up,translate_up -> rot90,"pair (f,g): fgx=f(g(x)); task-token order [g,f] means g -> f",128,128,128,first_cross_attention,42,78000,256,256,0.01,2,"{""fixed_ranks"": [1, 2, 4, 8, 16, 32], ""variance_thresholds"": [0.9, 0.95]}",recorded_ood,direct_vs_seen_template_atomic_token_swap,3.122502256758253e-17,0.0,1.0000000000000002,1.2420620087993939e-15,32,ok,1.0,0.0,0.0
/home/ubuntu/cogitao-research/checkpoints/cogitao_vit_cross_attention/cogitao_c1_experiment_1_vit6_function_mlp_cross_attention/run_000/last.ckpt,c6578b6a655d823b9e27296aaf186e6b5b97bad640fb400cc5f2abaa6f308e6d,dfec9cbb2afe6616194c1fb41430c0c5d2bc4208,1,val_ood,rot90,translate_up,translate_up -> rot90,"pair (f,g): fgx=f(g(x)); task-token order [g,f] means g -> f",128,128,128,first_cross_attention_attention,42,78000,256,256,0.01,2,"{""fixed_ranks"": [1, 2, 4, 8, 16, 32], ""variance_thresholds"": [0.9, 0.95]}",recorded_ood,direct_vs_seen_template_atomic_token_swap,2.949029909160572e-17,0.0,1.0,6.245004513516506e-17,32,ok,1.0,0.0,0.0
/home/ubuntu/cogitao-research/checkpoints/cogitao_vit_cross_attention/cogitao_c1_experiment_1_vit6_function_mlp_cross_attention/run_000/last.ckpt,c6578b6a655d823b9e27296aaf186e6b5b97bad640fb400cc5f2abaa6f308e6d,dfec9cbb2afe6616194c1fb41430c0c5d2bc4208,1,val_ood,rot90,translate_up,translate_up -> rot90,"pair (f,g): fgx=f(g(x)); task-token order [g,f] means g -> f",128,128,128,second_cross_attention,42,78000,256,256,0.01,2,"{""fixed_ranks"": [1, 2, 4, 8, 16, 32], ""variance_thresholds"": [0.9, 0.95]}",recorded_ood,direct_vs_seen_template_atomic_token_swap,4.5102810375396984e-17,0.0,1.0,1.3461454173580023e-15,32,ok,1.0,0.0,0.0
/home/ubuntu/cogitao-research/checkpoints/cogitao_vit_cross_attention/cogitao_c1_experiment_1_vit6_function_mlp_cross_attention/run_000/last.ckpt,c6578b6a655d823b9e27296aaf186e6b5b97bad640fb400cc5f2abaa6f308e6d,dfec9cbb2afe6616194c1fb41430c0c5d2bc4208,1,val_ood,rot90,translate_up,translate_up -> rot90,"pair (f,g): fgx=f(g(x)); task-token order [g,f] means g -> f",128,128,128,second_cross_attention_attention,42,78000,256,256,0.01,2,"{""fixed_ranks"": [1, 2, 4, 8, 16, 32], ""variance_thresholds"": [0.9, 0.95]}",recorded_ood,direct_vs_seen_template_atomic_token_swap,3.9898639947466563e-17,0.0,0.9999999999999999,3.191891195797325e-16,32,ok,1.0,0.0,0.0
/home/ubuntu/cogitao-research/checkpoints/cogitao_vit_cross_attention/cogitao_c1_experiment_1_vit6_function_mlp_cross_attention/run_000/last.ckpt,c6578b6a655d823b9e27296aaf186e6b5b97bad640fb400cc5f2abaa6f308e6d,dfec9cbb2afe6616194c1fb41430c0c5d2bc4208,1,val_ood,rot90,translate_up,translate_up -> rot90,"pair (f,g): fgx=f(g(x)); task-token order [g,f] means g -> f",128,128,128,decoder_logits,42,78000,256,256,0.01,2,"{""fixed_ranks"": [1, 2, 4, 8, 16, 32], ""variance_thresholds"": [0.9, 0.95]}",recorded_ood,direct_vs_seen_template_atomic_token_swap,3.9898639947466563e-17,0.0,1.0000000000000004,8.673617379884035e-16,32,ok,1.0,0.0,0.0
/home/ubuntu/cogitao-research/checkpoints/cogitao_vit_cross_attention/cogitao_c1_experiment_1_vit6_function_mlp_cross_attention/run_000/last.ckpt,c6578b6a655d823b9e27296aaf186e6b5b97bad640fb400cc5f2abaa6f308e6d,dfec9cbb2afe6616194c1fb41430c0c5d2bc4208,1,test_ood,rot90,translate_up,translate_up -> rot90,"pair (f,g): fgx=f(g(x)); task-token order [g,f] means g -> f",128,128,128,image_final_norm,42,78000,256,256,0.01,2,"{""fixed_ranks"": [1, 2, 4, 8, 16, 32], ""variance_thresholds"": [0.9, 0.95]}",recorded_ood,B_vs_D_all,0.06716149328386099,0.3614204132990933,0.9859511884475587,0.28798443878921626,32,ok,0.0,,
/home/ubuntu/cogitao-research/checkpoints/cogitao_vit_cross_attention/cogitao_c1_experiment_1_vit6_function_mlp_cross_attention/run_000/last.ckpt,c6578b6a655d823b9e27296aaf186e6b5b97bad640fb400cc5f2abaa6f308e6d,dfec9cbb2afe6616194c1fb41430c0c5d2bc4208,1,test_ood,rot90,translate_up,translate_up -> rot90,"pair (f,g): fgx=f(g(x)); task-token order [g,f] means g -> f",128,128,128,function_embeddings,42,78000,256,256,0.01,2,"{""fixed_ranks"": [1, 2, 4, 8, 16, 32], ""variance_thresholds"": [0.9, 0.95]}",recorded_ood,B_vs_D_all,1.0447476108531428,1.4777906266154348,,,0,too_few_or_constant_samples,0.0,,
/home/ubuntu/cogitao-research/checkpoints/cogitao_vit_cross_attention/cogitao_c1_experiment_1_vit6_function_mlp_cross_attention/run_000/last.ckpt,c6578b6a655d823b9e27296aaf186e6b5b97bad640fb400cc5f2abaa6f308e6d,dfec9cbb2afe6616194c1fb41430c0c5d2bc4208,1,test_ood,rot90,translate_up,translate_up -> rot90,"pair (f,g): fgx=f(g(x)); task-token order [g,f] means g -> f",128,128,128,function_mlp,42,78000,256,256,0.01,2,"{""fixed_ranks"": [1, 2, 4, 8, 16, 32], ""variance_thresholds"": [0.9, 0.95]}",recorded_ood,B_vs_D_all,0.9171156096031349,1.3762628323652064,,,0,too_few_or_constant_samples,0.0,,
/home/ubuntu/cogitao-research/checkpoints/cogitao_vit_cross_attention/cogitao_c1_experiment_1_vit6_function_mlp_cross_attention/run_000/last.ckpt,c6578b6a655d823b9e27296aaf186e6b5b97bad640fb400cc5f2abaa6f308e6d,dfec9cbb2afe6616194c1fb41430c0c5d2bc4208,1,test_ood,rot90,translate_up,translate_up -> rot90,"pair (f,g): fgx=f(g(x)); task-token order [g,f] means g -> f",128,128,128,shared_queries,42,78000,256,256,0.01,2,"{""fixed_ranks"": [1, 2, 4, 8, 16, 32], ""variance_thresholds"": [0.9, 0.95]}",recorded_ood,B_vs_D_all,0.7329147871987096,1.2318148147796533,,,0,too_few_or_constant_samples,0.0,,
/home/ubuntu/cogitao-research/checkpoints/cogitao_vit_cross_attention/cogitao_c1_experiment_1_vit6_function_mlp_cross_attention/run_000/last.ckpt,c6578b6a655d823b9e27296aaf186e6b5b97bad640fb400cc5f2abaa6f308e6d,dfec9cbb2afe6616194c1fb41430c0c5d2bc4208,1,test_ood,rot90,translate_up,translate_up -> rot90,"pair (f,g): fgx=f(g(x)); task-token order [g,f] means g -> f",128,128,128,first_cross_attention,42,78000,256,256,0.01,2,"{""fixed_ranks"": [1, 2, 4, 8, 16, 32], ""variance_thresholds"": [0.9, 0.95]}",recorded_ood,B_vs_D_all,0.2290268707257458,0.6709672420720139,0.8771749619403061,0.43443360849618495,32,ok,0.0,4.253029299253194,0.16018032574503602
/home/ubuntu/cogitao-research/checkpoints/cogitao_vit_cross_attention/cogitao_c1_experiment_1_vit6_function_mlp_cross_attention/run_000/last.ckpt,c6578b6a655d823b9e27296aaf186e6b5b97bad640fb400cc5f2abaa6f308e6d,dfec9cbb2afe6616194c1fb41430c0c5d2bc4208,1,test_ood,rot90,translate_up,translate_up -> rot90,"pair (f,g): fgx=f(g(x)); task-token order [g,f] means g -> f",128,128,128,first_cross_attention_attention,42,78000,256,256,0.01,2,"{""fixed_ranks"": [1, 2, 4, 8, 16, 32], ""variance_thresholds"": [0.9, 0.95]}",recorded_ood,B_vs_D_all,0.7445709162370855,1.2171432562207152,0.9783204884247944,0.8076282178548582,32,ok,0.0,3.6723594582057233,0.3645006000837179
/home/ubuntu/cogitao-research/checkpoints/cogitao_vit_cross_attention/cogitao_c1_experiment_1_vit6_function_mlp_cross_attention/run_000/last.ckpt,c6578b6a655d823b9e27296aaf186e6b5b97bad640fb400cc5f2abaa6f308e6d,dfec9cbb2afe6616194c1fb41430c0c5d2bc4208,1,test_ood,rot90,translate_up,translate_up -> rot90,"pair (f,g): fgx=f(g(x)); task-token order [g,f] means g -> f",128,128,128,second_cross_attention,42,78000,256,256,0.01,2,"{""fixed_ranks"": [1, 2, 4, 8, 16, 32], ""variance_thresholds"": [0.9, 0.95]}",recorded_ood,B_vs_D_all,0.04978233444010208,0.3136151227849533,0.8959614619469451,0.2637963688630989,32,ok,0.0,1.7666367471221158,0.06584587101230643
/home/ubuntu/cogitao-research/checkpoints/cogitao_vit_cross_attention/cogitao_c1_experiment_1_vit6_function_mlp_cross_attention/run_000/last.ckpt,c6578b6a655d823b9e27296aaf186e6b5b97bad640fb400cc5f2abaa6f308e6d,dfec9cbb2afe6616194c1fb41430c0c5d2bc4208,1,test_ood,rot90,translate_up,translate_up -> rot90,"pair (f,g): fgx=f(g(x)); task-token order [g,f] means g -> f",128,128,128,second_cross_attention_attention,42,78000,256,256,0.01,2,"{""fixed_ranks"": [1, 2, 4, 8, 16, 32], ""variance_thresholds"": [0.9, 0.95]}",recorded_ood,B_vs_D_all,0.1907641186527066,0.6017341567724964,0.8820023081506833,0.40073333990022464,32,ok,0.0,1.2510912027345484,0.13024084736907107
/home/ubuntu/cogitao-research/checkpoints/cogitao_vit_cross_attention/cogitao_c1_experiment_1_vit6_function_mlp_cross_attention/run_000/last.ckpt,c6578b6a655d823b9e27296aaf186e6b5b97bad640fb400cc5f2abaa6f308e6d,dfec9cbb2afe6616194c1fb41430c0c5d2bc4208,1,test_ood,rot90,translate_up,translate_up -> rot90,"pair (f,g): fgx=f(g(x)); task-token order [g,f] means g -> f",128,128,128,decoder_logits,42,78000,256,256,0.01,2,"{""fixed_ranks"": [1, 2, 4, 8, 16, 32], ""variance_thresholds"": [0.9, 0.95]}",recorded_ood,B_vs_D_all,0.0960975792084198,0.4589842046774206,0.821815465242789,0.5777677977757842,32,ok,0.0,0.9180608295521471,0.052079217185502756
/home/ubuntu/cogitao-research/checkpoints/cogitao_vit_cross_attention/cogitao_c1_experiment_1_vit6_function_mlp_cross_attention/run_000/last.ckpt,c6578b6a655d823b9e27296aaf186e6b5b97bad640fb400cc5f2abaa6f308e6d,dfec9cbb2afe6616194c1fb41430c0c5d2bc4208,1,test_ood,rot90,translate_up,translate_up -> rot90,"pair (f,g): fgx=f(g(x)); task-token order [g,f] means g -> f",128,69,69,image_final_norm,42,78000,256,256,0.01,2,"{""fixed_ranks"": [1, 2, 4, 8, 16, 32], ""variance_thresholds"": [0.9, 0.95]}",recorded_ood,B_exact_success_D_exact_failure,0.06164719712655429,0.34574955048273104,0.9868671304001546,0.37295654130855715,32,ok,0.0,,
/home/ubuntu/cogitao-research/checkpoints/cogitao_vit_cross_attention/cogitao_c1_experiment_1_vit6_function_mlp_cross_attention/run_000/last.ckpt,c6578b6a655d823b9e27296aaf186e6b5b97bad640fb400cc5f2abaa6f308e6d,dfec9cbb2afe6616194c1fb41430c0c5d2bc4208,1,test_ood,rot90,translate_up,translate_up -> rot90,"pair (f,g): fgx=f(g(x)); task-token order [g,f] means g -> f",128,69,69,function_embeddings,42,78000,256,256,0.01,2,"{""fixed_ranks"": [1, 2, 4, 8, 16, 32], ""variance_thresholds"": [0.9, 0.95]}",recorded_ood,B_exact_success_D_exact_failure,1.0447476108531422,1.4777906266154348,,,0,too_few_or_constant_samples,0.0,,
/home/ubuntu/cogitao-research/checkpoints/cogitao_vit_cross_attention/cogitao_c1_experiment_1_vit6_function_mlp_cross_attention/run_000/last.ckpt,c6578b6a655d823b9e27296aaf186e6b5b97bad640fb400cc5f2abaa6f308e6d,dfec9cbb2afe6616194c1fb41430c0c5d2bc4208,1,test_ood,rot90,translate_up,translate_up -> rot90,"pair (f,g): fgx=f(g(x)); task-token order [g,f] means g -> f",128,69,69,function_mlp,42,78000,256,256,0.01,2,"{""fixed_ranks"": [1, 2, 4, 8, 16, 32], ""variance_thresholds"": [0.9, 0.95]}",recorded_ood,B_exact_success_D_exact_failure,0.917115609603135,1.376262832365206,,,0,too_few_or_constant_samples,0.0,,
/home/ubuntu/cogitao-research/checkpoints/cogitao_vit_cross_attention/cogitao_c1_experiment_1_vit6_function_mlp_cross_attention/run_000/last.ckpt,c6578b6a655d823b9e27296aaf186e6b5b97bad640fb400cc5f2abaa6f308e6d,dfec9cbb2afe6616194c1fb41430c0c5d2bc4208,1,test_ood,rot90,translate_up,translate_up -> rot90,"pair (f,g): fgx=f(g(x)); task-token order [g,f] means g -> f",128,69,69,shared_queries,42,78000,256,256,0.01,2,"{""fixed_ranks"": [1, 2, 4, 8, 16, 32], ""variance_thresholds"": [0.9, 0.95]}",recorded_ood,B_exact_success_D_exact_failure,0.7329147871987097,1.2318148147796533,,,0,too_few_or_constant_samples,0.0,,
/home/ubuntu/cogitao-research/checkpoints/cogitao_vit_cross_attention/cogitao_c1_experiment_1_vit6_function_mlp_cross_attention/run_000/last.ckpt,c6578b6a655d823b9e27296aaf186e6b5b97bad640fb400cc5f2abaa6f308e6d,dfec9cbb2afe6616194c1fb41430c0c5d2bc4208,1,test_ood,rot90,translate_up,translate_up -> rot90,"pair (f,g): fgx=f(g(x)); task-token order [g,f] means g -> f",128,69,69,first_cross_attention,42,78000,256,256,0.01,2,"{""fixed_ranks"": [1, 2, 4, 8, 16, 32], ""variance_thresholds"": [0.9, 0.95]}",recorded_ood,B_exact_success_D_exact_failure,0.22406662368571306,0.6625764089505998,0.8745375052325148,0.4465746191088015,32,ok,0.0,4.209090411670752,0.15878921152216507
/home/ubuntu/cogitao-research/checkpoints/cogitao_vit_cross_attention/cogitao_c1_experiment_1_vit6_function_mlp_cross_attention/run_000/last.ckpt,c6578b6a655d823b9e27296aaf186e6b5b97bad640fb400cc5f2abaa6f308e6d,dfec9cbb2afe6616194c1fb41430c0c5d2bc4208,1,test_ood,rot90,translate_up,translate_up -> rot90,"pair (f,g): fgx=f(g(x)); task-token order [g,f] means g -> f",128,69,69,first_cross_attention_attention,42,78000,256,256,0.01,2,"{""fixed_ranks"": [1, 2, 4, 8, 16, 32], ""variance_thresholds"": [0.9, 0.95]}",recorded_ood,B_exact_success_D_exact_failure,0.7466649736497608,1.218599574513665,0.9856445534413946,0.8622001487278061,32,ok,0.0,3.6821882896571827,0.36586480055849824
/home/ubuntu/cogitao-research/checkpoints/cogitao_vit_cross_attention/cogitao_c1_experiment_1_vit6_function_mlp_cross_attention/run_000/last.ckpt,c6578b6a655d823b9e27296aaf186e6b5b97bad640fb400cc5f2abaa6f308e6d,dfec9cbb2afe6616194c1fb41430c0c5d2bc4208,1,test_ood,rot90,translate_up,translate_up -> rot90,"pair (f,g): fgx=f(g(x)); task-token order [g,f] means g -> f",128,69,69,second_cross_attention,42,78000,256,256,0.01,2,"{""fixed_ranks"": [1, 2, 4, 8, 16, 32], ""variance_thresholds"": [0.9, 0.95]}",recorded_ood,B_exact_success_D_exact_failure,0.04818767397423306,0.3095340613714054,0.9074135859573983,0.34598106636313974,32,ok,0.0,1.6249791522197985,0.06116117443269094
/home/ubuntu/cogitao-research/checkpoints/cogitao_vit_cross_attention/cogitao_c1_experiment_1_vit6_function_mlp_cross_attention/run_000/last.ckpt,c6578b6a655d823b9e27296aaf186e6b5b97bad640fb400cc5f2abaa6f308e6d,dfec9cbb2afe6616194c1fb41430c0c5d2bc4208,1,test_ood,rot90,translate_up,translate_up -> rot90,"pair (f,g): fgx=f(g(x)); task-token order [g,f] means g -> f",128,69,69,second_cross_attention_attention,42,78000,256,256,0.01,2,"{""fixed_ranks"": [1, 2, 4, 8, 16, 32], ""variance_thresholds"": [0.9, 0.95]}",recorded_ood,B_exact_success_D_exact_failure,0.1899692540728418,0.599773814260678,0.8821703751390406,0.46686233343634503,32,ok,0.0,1.2800967312241176,0.12967758170641747
/home/ubuntu/cogitao-research/checkpoints/cogitao_vit_cross_attention/cogitao_c1_experiment_1_vit6_function_mlp_cross_attention/run_000/last.ckpt,c6578b6a655d823b9e27296aaf186e6b5b97bad640fb400cc5f2abaa6f308e6d,dfec9cbb2afe6616194c1fb41430c0c5d2bc4208,1,test_ood,rot90,translate_up,translate_up -> rot90,"pair (f,g): fgx=f(g(x)); task-token order [g,f] means g -> f",128,69,69,decoder_logits,42,78000,256,256,0.01,2,"{""fixed_ranks"": [1, 2, 4, 8, 16, 32], ""variance_thresholds"": [0.9, 0.95]}",recorded_ood,B_exact_success_D_exact_failure,0.08919152861833768,0.4430074592194972,0.8701234335812804,0.639087546845968,32,ok,0.0,0.8252890068904521,0.04565045034361586
/home/ubuntu/cogitao-research/checkpoints/cogitao_vit_cross_attention/cogitao_c1_experiment_1_vit6_function_mlp_cross_attention/run_000/last.ckpt,c6578b6a655d823b9e27296aaf186e6b5b97bad640fb400cc5f2abaa6f308e6d,dfec9cbb2afe6616194c1fb41430c0c5d2bc4208,1,test_ood,rot90,translate_up,translate_up -> rot90,"pair (f,g): fgx=f(g(x)); task-token order [g,f] means g -> f",128,128,128,image_final_norm,42,78000,256,256,0.01,2,"{""fixed_ranks"": [1, 2, 4, 8, 16, 32], ""variance_thresholds"": [0.9, 0.95]}",recorded_ood,oracle_verified_program_order_invariance,2.168404344971009e-17,0.0,0.9999999999999999,4.996003610813204e-16,32,ok,0.0,,
/home/ubuntu/cogitao-research/checkpoints/cogitao_vit_cross_attention/cogitao_c1_experiment_1_vit6_function_mlp_cross_attention/run_000/last.ckpt,c6578b6a655d823b9e27296aaf186e6b5b97bad640fb400cc5f2abaa6f308e6d,dfec9cbb2afe6616194c1fb41430c0c5d2bc4208,1,test_ood,rot90,translate_up,translate_up -> rot90,"pair (f,g): fgx=f(g(x)); task-token order [g,f] means g -> f",128,128,128,function_embeddings,42,78000,256,256,0.01,2,"{""fixed_ranks"": [1, 2, 4, 8, 16, 32], ""variance_thresholds"": [0.9, 0.95]}",recorded_ood,oracle_verified_program_order_invariance,1.0569481184088934,1.4539244261024915,,,0,too_few_or_constant_samples,0.0,,
/home/ubuntu/cogitao-research/checkpoints/cogitao_vit_cross_attention/cogitao_c1_experiment_1_vit6_function_mlp_cross_attention/run_000/last.ckpt,c6578b6a655d823b9e27296aaf186e6b5b97bad640fb400cc5f2abaa6f308e6d,dfec9cbb2afe6616194c1fb41430c0c5d2bc4208,1,test_ood,rot90,translate_up,translate_up -> rot90,"pair (f,g): fgx=f(g(x)); task-token order [g,f] means g -> f",128,128,128,function_mlp,42,78000,256,256,0.01,2,"{""fixed_ranks"": [1, 2, 4, 8, 16, 32], ""variance_thresholds"": [0.9, 0.95]}",recorded_ood,oracle_verified_program_order_invariance,1.1945885334713573,1.5518969830294294,,,0,too_few_or_constant_samples,0.0,,
/home/ubuntu/cogitao-research/checkpoints/cogitao_vit_cross_attention/cogitao_c1_experiment_1_vit6_function_mlp_cross_attention/run_000/last.ckpt,c6578b6a655d823b9e27296aaf186e6b5b97bad640fb400cc5f2abaa6f308e6d,dfec9cbb2afe6616194c1fb41430c0c5d2bc4208,1,test_ood,rot90,translate_up,translate_up -> rot90,"pair (f,g): fgx=f(g(x)); task-token order [g,f] means g -> f",128,128,128,shared_queries,42,78000,256,256,0.01,2,"{""fixed_ranks"": [1, 2, 4, 8, 16, 32], ""variance_thresholds"": [0.9, 0.95]}",recorded_ood,oracle_verified_program_order_invariance,0.9567156749348095,1.3886045969500163,,,0,too_few_or_constant_samples,0.0,,
/home/ubuntu/cogitao-research/checkpoints/cogitao_vit_cross_attention/cogitao_c1_experiment_1_vit6_function_mlp_cross_attention/run_000/last.ckpt,c6578b6a655d823b9e27296aaf186e6b5b97bad640fb400cc5f2abaa6f308e6d,dfec9cbb2afe6616194c1fb41430c0c5d2bc4208,1,test_ood,rot90,translate_up,translate_up -> rot90,"pair (f,g): fgx=f(g(x)); task-token order [g,f] means g -> f",128,128,128,first_cross_attention,42,78000,256,256,0.01,2,"{""fixed_ranks"": [1, 2, 4, 8, 16, 32], ""variance_thresholds"": [0.9, 0.95]}",recorded_ood,oracle_verified_program_order_invariance,0.22061847606519677,0.6619001128346462,0.9541830869501569,0.4345454452117602,32,ok,0.0,4.043309767761482,0.1527607925009673
/home/ubuntu/cogitao-research/checkpoints/cogitao_vit_cross_attention/cogitao_c1_experiment_1_vit6_function_mlp_cross_attention/run_000/last.ckpt,c6578b6a655d823b9e27296aaf186e6b5b97bad640fb400cc5f2abaa6f308e6d,dfec9cbb2afe6616194c1fb41430c0c5d2bc4208,1,test_ood,rot90,translate_up,translate_up -> rot90,"pair (f,g): fgx=f(g(x)); task-token order [g,f] means g -> f",128,128,128,first_cross_attention_attention,42,78000,256,256,0.01,2,"{""fixed_ranks"": [1, 2, 4, 8, 16, 32], ""variance_thresholds"": [0.9, 0.95]}",recorded_ood,oracle_verified_program_order_invariance,0.07784493252823915,0.4022890525660938,0.9931055844719422,0.1424983422589384,32,ok,0.0,0.23990005055536381,0.05197070060574914
/home/ubuntu/cogitao-research/checkpoints/cogitao_vit_cross_attention/cogitao_c1_experiment_1_vit6_function_mlp_cross_attention/run_000/last.ckpt,c6578b6a655d823b9e27296aaf186e6b5b97bad640fb400cc5f2abaa6f308e6d,dfec9cbb2afe6616194c1fb41430c0c5d2bc4208,1,test_ood,rot90,translate_up,translate_up -> rot90,"pair (f,g): fgx=f(g(x)); task-token order [g,f] means g -> f",128,128,128,second_cross_attention,42,78000,256,256,0.01,2,"{""fixed_ranks"": [1, 2, 4, 8, 16, 32], ""variance_thresholds"": [0.9, 0.95]}",recorded_ood,oracle_verified_program_order_invariance,0.032207013647592715,0.25134343887149435,0.9104667320946498,0.21361870790826026,32,ok,0.0,1.4759597302121024,0.055634878397289825
/home/ubuntu/cogitao-research/checkpoints/cogitao_vit_cross_attention/cogitao_c1_experiment_1_vit6_function_mlp_cross_attention/run_000/last.ckpt,c6578b6a655d823b9e27296aaf186e6b5b97bad640fb400cc5f2abaa6f308e6d,dfec9cbb2afe6616194c1fb41430c0c5d2bc4208,1,test_ood,rot90,translate_up,translate_up -> rot90,"pair (f,g): fgx=f(g(x)); task-token order [g,f] means g -> f",128,128,128,second_cross_attention_attention,42,78000,256,256,0.01,2,"{""fixed_ranks"": [1, 2, 4, 8, 16, 32], ""variance_thresholds"": [0.9, 0.95]}",recorded_ood,oracle_verified_program_order_invariance,0.12722367401435133,0.4860541354861764,0.9620732612650069,0.3029350499046378,32,ok,0.0,0.629992753570657,0.08370432177511895
/home/ubuntu/cogitao-research/checkpoints/cogitao_vit_cross_attention/cogitao_c1_experiment_1_vit6_function_mlp_cross_attention/run_000/last.ckpt,c6578b6a655d823b9e27296aaf186e6b5b97bad640fb400cc5f2abaa6f308e6d,dfec9cbb2afe6616194c1fb41430c0c5d2bc4208,1,test_ood,rot90,translate_up,translate_up -> rot90,"pair (f,g): fgx=f(g(x)); task-token order [g,f] means g -> f",128,128,128,decoder_logits,42,78000,256,256,0.01,2,"{""fixed_ranks"": [1, 2, 4, 8, 16, 32], ""variance_thresholds"": [0.9, 0.95]}",recorded_ood,oracle_verified_program_order_invariance,0.07953948492226316,0.4019558986528038,0.8378671577839074,0.5333132594820353,32,ok,0.0,0.6741092890154599,0.040468235041954556
/home/ubuntu/cogitao-research/checkpoints/cogitao_vit_cross_attention/cogitao_c1_experiment_1_vit6_function_mlp_cross_attention/run_000/last.ckpt,c6578b6a655d823b9e27296aaf186e6b5b97bad640fb400cc5f2abaa6f308e6d,dfec9cbb2afe6616194c1fb41430c0c5d2bc4208,1,test_ood,rot90,translate_up,translate_up -> rot90,"pair (f,g): fgx=f(g(x)); task-token order [g,f] means g -> f",128,128,128,image_final_norm,42,78000,256,256,0.01,2,"{""fixed_ranks"": [1, 2, 4, 8, 16, 32], ""variance_thresholds"": [0.9, 0.95]}",recorded_ood,direct_vs_seen_template_atomic_token_swap,2.168404344971009e-17,0.0,0.9999999999999999,4.996003610813204e-16,32,ok,1.0,,
/home/ubuntu/cogitao-research/checkpoints/cogitao_vit_cross_attention/cogitao_c1_experiment_1_vit6_function_mlp_cross_attention/run_000/last.ckpt,c6578b6a655d823b9e27296aaf186e6b5b97bad640fb400cc5f2abaa6f308e6d,dfec9cbb2afe6616194c1fb41430c0c5d2bc4208,1,test_ood,rot90,translate_up,translate_up -> rot90,"pair (f,g): fgx=f(g(x)); task-token order [g,f] means g -> f",128,128,128,function_embeddings,42,78000,256,256,0.01,2,"{""fixed_ranks"": [1, 2, 4, 8, 16, 32], ""variance_thresholds"": [0.9, 0.95]}",recorded_ood,direct_vs_seen_template_atomic_token_swap,0.0,0.0,,,0,too_few_or_constant_samples,1.0,,
/home/ubuntu/cogitao-research/checkpoints/cogitao_vit_cross_attention/cogitao_c1_experiment_1_vit6_function_mlp_cross_attention/run_000/last.ckpt,c6578b6a655d823b9e27296aaf186e6b5b97bad640fb400cc5f2abaa6f308e6d,dfec9cbb2afe6616194c1fb41430c0c5d2bc4208,1,test_ood,rot90,translate_up,translate_up -> rot90,"pair (f,g): fgx=f(g(x)); task-token order [g,f] means g -> f",128,128,128,function_mlp,42,78000,256,256,0.01,2,"{""fixed_ranks"": [1, 2, 4, 8, 16, 32], ""variance_thresholds"": [0.9, 0.95]}",recorded_ood,direct_vs_seen_template_atomic_token_swap,2.220446049250313e-16,0.0,,,0,too_few_or_constant_samples,1.0,,
/home/ubuntu/cogitao-research/checkpoints/cogitao_vit_cross_attention/cogitao_c1_experiment_1_vit6_function_mlp_cross_attention/run_000/last.ckpt,c6578b6a655d823b9e27296aaf186e6b5b97bad640fb400cc5f2abaa6f308e6d,dfec9cbb2afe6616194c1fb41430c0c5d2bc4208,1,test_ood,rot90,translate_up,translate_up -> rot90,"pair (f,g): fgx=f(g(x)); task-token order [g,f] means g -> f",128,128,128,shared_queries,42,78000,256,256,0.01,2,"{""fixed_ranks"": [1, 2, 4, 8, 16, 32], ""variance_thresholds"": [0.9, 0.95]}",recorded_ood,direct_vs_seen_template_atomic_token_swap,0.0,0.0,,,0,too_few_or_constant_samples,1.0,,
/home/ubuntu/cogitao-research/checkpoints/cogitao_vit_cross_attention/cogitao_c1_experiment_1_vit6_function_mlp_cross_attention/run_000/last.ckpt,c6578b6a655d823b9e27296aaf186e6b5b97bad640fb400cc5f2abaa6f308e6d,dfec9cbb2afe6616194c1fb41430c0c5d2bc4208,1,test_ood,rot90,translate_up,translate_up -> rot90,"pair (f,g): fgx=f(g(x)); task-token order [g,f] means g -> f",128,128,128,first_cross_attention,42,78000,256,256,0.01,2,"{""fixed_ranks"": [1, 2, 4, 8, 16, 32], ""variance_thresholds"": [0.9, 0.95]}",recorded_ood,direct_vs_seen_template_atomic_token_swap,2.2551405187698492e-17,0.0,0.9999999999999996,6.591949208711867e-16,32,ok,1.0,0.0,0.0
/home/ubuntu/cogitao-research/checkpoints/cogitao_vit_cross_attention/cogitao_c1_experiment_1_vit6_function_mlp_cross_attention/run_000/last.ckpt,c6578b6a655d823b9e27296aaf186e6b5b97bad640fb400cc5f2abaa6f308e6d,dfec9cbb2afe6616194c1fb41430c0c5d2bc4208,1,test_ood,rot90,translate_up,translate_up -> rot90,"pair (f,g): fgx=f(g(x)); task-token order [g,f] means g -> f",128,128,128,first_cross_attention_attention,42,78000,256,256,0.01,2,"{""fixed_ranks"": [1, 2, 4, 8, 16, 32], ""variance_thresholds"": [0.9, 0.95]}",recorded_ood,direct_vs_seen_template_atomic_token_swap,4.163336342344337e-17,0.0,0.9999999999999999,7.771561172376096e-16,32,ok,1.0,0.0,0.0
/home/ubuntu/cogitao-research/checkpoints/cogitao_vit_cross_attention/cogitao_c1_experiment_1_vit6_function_mlp_cross_attention/run_000/last.ckpt,c6578b6a655d823b9e27296aaf186e6b5b97bad640fb400cc5f2abaa6f308e6d,dfec9cbb2afe6616194c1fb41430c0c5d2bc4208,1,test_ood,rot90,translate_up,translate_up -> rot90,"pair (f,g): fgx=f(g(x)); task-token order [g,f] means g -> f",128,128,128,second_cross_attention,42,78000,256,256,0.01,2,"{""fixed_ranks"": [1, 2, 4, 8, 16, 32], ""variance_thresholds"": [0.9, 0.95]}",recorded_ood,direct_vs_seen_template_atomic_token_swap,4.336808689942018e-17,0.0,1.0000000000000004,9.228728892196614e-16,32,ok,1.0,0.0,0.0
/home/ubuntu/cogitao-research/checkpoints/cogitao_vit_cross_attention/cogitao_c1_experiment_1_vit6_function_mlp_cross_attention/run_000/last.ckpt,c6578b6a655d823b9e27296aaf186e6b5b97bad640fb400cc5f2abaa6f308e6d,dfec9cbb2afe6616194c1fb41430c0c5d2bc4208,1,test_ood,rot90,translate_up,translate_up -> rot90,"pair (f,g): fgx=f(g(x)); task-token order [g,f] means g -> f",128,128,128,second_cross_attention_attention,42,78000,256,256,0.01,2,"{""fixed_ranks"": [1, 2, 4, 8, 16, 32], ""variance_thresholds"": [0.9, 0.95]}",recorded_ood,direct_vs_seen_template_atomic_token_swap,6.591949208711867e-17,0.0,1.0000000000000002,3.677613769070831e-16,32,ok,1.0,0.0,0.0
/home/ubuntu/cogitao-research/checkpoints/cogitao_vit_cross_attention/cogitao_c1_experiment_1_vit6_function_mlp_cross_attention/run_000/last.ckpt,c6578b6a655d823b9e27296aaf186e6b5b97bad640fb400cc5f2abaa6f308e6d,dfec9cbb2afe6616194c1fb41430c0c5d2bc4208,1,test_ood,rot90,translate_up,translate_up -> rot90,"pair (f,g): fgx=f(g(x)); task-token order [g,f] means g -> f",128,128,128,decoder_logits,42,78000,256,256,0.01,2,"{""fixed_ranks"": [1, 2, 4, 8, 16, 32], ""variance_thresholds"": [0.9, 0.95]}",recorded_ood,direct_vs_seen_template_atomic_token_swap,4.85722573273506e-17,0.0,1.0000000000000004,1.2420620087993939e-15,32,ok,1.0,0.0,0.0
