checkpoint_path,checkpoint_sha256,git_commit,experiment_id,split,f,g,program,function_ordering,oracle_valid_count,model_sample_count,sample_count,layer,seed,global_step,probe_fit_sample_count,g_probe_fit_sample_count,ridge,pool_grid,pca_settings,source_kind,id_atomic_error,g_id_atomic_error,atomic_baseline_split,context_error,composition_error,matched_atomic_error,identity_error,zero_error,only_g_error,only_f_error,shuffled_operator_error,transfer_gap,g_context_error,g_transfer_gap,cheating_composition_upper_bound_error,commutator_data_defect,commuting_samples,reverse_valid_samples,effective_source_rank,latent_dimension,underidentified,probe_train_error,upper_bound_label,upper_bound_fit_samples
/home/ubuntu/cogitao-research/checkpoints/cogitao_vit_cross_attention/cogitao_c1_experiment_3_vit6_function_mlp_cross_attention/run_000/last.ckpt,900674f94996e9b2f5190e7cd8bac4486d09332daaf131226f7f107123274de1,dfec9cbb2afe6616194c1fb41430c0c5d2bc4208,3,val,crop_bottom_side,rot90,rot90 -> crop_bottom_side,"pair (f,g): fgx=f(g(x)); task-token order [g,f] means g -> f",128,128,128,image_input_tokens,42,78000,256,256,0.01,2,"{""fixed_ranks"": [1, 2, 4, 8, 16, 32], ""variance_thresholds"": [0.9, 0.95]}",synthetic_context_on_atomic_id,0.024272510285179818,0.023859041390573706,val,0.02174964560538139,0.026507313713896183,0.021975522753327155,0.051523316010822044,1.0,0.049665038822072724,0.02587443049258442,0.026450356872420498,-0.002522864679798428,0.023687129410551108,-0.00017191198002260033,0.04786135093810358,,0,128,255,512,True,0.020677492730559542,CHEATING; fit on first half of this split; score second half only,64
/home/ubuntu/cogitao-research/checkpoints/cogitao_vit_cross_attention/cogitao_c1_experiment_3_vit6_function_mlp_cross_attention/run_000/last.ckpt,900674f94996e9b2f5190e7cd8bac4486d09332daaf131226f7f107123274de1,dfec9cbb2afe6616194c1fb41430c0c5d2bc4208,3,val,crop_bottom_side,rot90,rot90 -> crop_bottom_side,"pair (f,g): fgx=f(g(x)); task-token order [g,f] means g -> f",128,128,128,image_block_01,42,78000,256,256,0.01,2,"{""fixed_ranks"": [1, 2, 4, 8, 16, 32], ""variance_thresholds"": [0.9, 0.95]}",synthetic_context_on_atomic_id,0.09179608839911718,0.1364141829328462,val,0.09639216021083873,0.15287699042148634,0.09885680435074679,0.1752070910510547,1.0,0.18576623614146065,0.13514144922317511,0.1590772814346949,0.00459607181172154,0.18017737928756883,0.04376319635472262,0.18836253409694198,,0,128,255,512,True,0.04287905467913117,CHEATING; fit on first half of this split; score second half only,64
/home/ubuntu/cogitao-research/checkpoints/cogitao_vit_cross_attention/cogitao_c1_experiment_3_vit6_function_mlp_cross_attention/run_000/last.ckpt,900674f94996e9b2f5190e7cd8bac4486d09332daaf131226f7f107123274de1,dfec9cbb2afe6616194c1fb41430c0c5d2bc4208,3,val,crop_bottom_side,rot90,rot90 -> crop_bottom_side,"pair (f,g): fgx=f(g(x)); task-token order [g,f] means g -> f",128,128,128,image_block_02,42,78000,256,256,0.01,2,"{""fixed_ranks"": [1, 2, 4, 8, 16, 32], ""variance_thresholds"": [0.9, 0.95]}",synthetic_context_on_atomic_id,0.1153577704725501,0.17637660704035163,val,0.12285940336846415,0.19320561019253596,0.12428380210471679,0.21738348052837264,1.0,0.227879711561387,0.1820720677067909,0.21710951923874378,0.0075016328959140646,0.20902141392757484,0.03264480688722321,0.24258890967487734,,0,128,255,512,True,0.03986927149857255,CHEATING; fit on first half of this split; score second half only,64
/home/ubuntu/cogitao-research/checkpoints/cogitao_vit_cross_attention/cogitao_c1_experiment_3_vit6_function_mlp_cross_attention/run_000/last.ckpt,900674f94996e9b2f5190e7cd8bac4486d09332daaf131226f7f107123274de1,dfec9cbb2afe6616194c1fb41430c0c5d2bc4208,3,val,crop_bottom_side,rot90,rot90 -> crop_bottom_side,"pair (f,g): fgx=f(g(x)); task-token order [g,f] means g -> f",128,128,128,image_block_03,42,78000,256,256,0.01,2,"{""fixed_ranks"": [1, 2, 4, 8, 16, 32], ""variance_thresholds"": [0.9, 0.95]}",synthetic_context_on_atomic_id,0.14346277785313816,0.21493741647991596,val,0.16016582467427853,0.23248145538478088,0.15293324471375325,0.2800405913076241,1.0,0.2752451574285337,0.23738640255328908,0.2999929820339672,0.01670304682114037,0.23633510180143075,0.021397685321514773,0.27927661780766777,,0,128,255,512,True,0.042271704857491675,CHEATING; fit on first half of this split; score second half only,64
/home/ubuntu/cogitao-research/checkpoints/cogitao_vit_cross_attention/cogitao_c1_experiment_3_vit6_function_mlp_cross_attention/run_000/last.ckpt,900674f94996e9b2f5190e7cd8bac4486d09332daaf131226f7f107123274de1,dfec9cbb2afe6616194c1fb41430c0c5d2bc4208,3,val,crop_bottom_side,rot90,rot90 -> crop_bottom_side,"pair (f,g): fgx=f(g(x)); task-token order [g,f] means g -> f",128,128,128,image_block_04,42,78000,256,256,0.01,2,"{""fixed_ranks"": [1, 2, 4, 8, 16, 32], ""variance_thresholds"": [0.9, 0.95]}",synthetic_context_on_atomic_id,0.15425080191057494,0.20619839477334087,val,0.16994320042554192,0.2335474922430842,0.1646093470406468,0.2874247384349411,1.0,0.28148381256378985,0.24538098720443413,0.32385003394155876,0.01569239851496699,0.22157581516931338,0.015377420395972504,0.27346634448343,,0,128,255,512,True,0.03968412131895504,CHEATING; fit on first half of this split; score second half only,64
/home/ubuntu/cogitao-research/checkpoints/cogitao_vit_cross_attention/cogitao_c1_experiment_3_vit6_function_mlp_cross_attention/run_000/last.ckpt,900674f94996e9b2f5190e7cd8bac4486d09332daaf131226f7f107123274de1,dfec9cbb2afe6616194c1fb41430c0c5d2bc4208,3,val,crop_bottom_side,rot90,rot90 -> crop_bottom_side,"pair (f,g): fgx=f(g(x)); task-token order [g,f] means g -> f",128,128,128,image_block_05,42,78000,256,256,0.01,2,"{""fixed_ranks"": [1, 2, 4, 8, 16, 32], ""variance_thresholds"": [0.9, 0.95]}",synthetic_context_on_atomic_id,0.16350241968960644,0.2346834202187361,val,0.17566264743357168,0.2641822440683871,0.17328967341018608,0.3174928667540067,1.0,0.3051071870746103,0.27534970348796173,0.3595331861996107,0.012160227743965253,0.24217281827058285,0.007489398051846765,0.30150287376523627,,0,128,255,512,True,0.035188981061498904,CHEATING; fit on first half of this split; score second half only,64
/home/ubuntu/cogitao-research/checkpoints/cogitao_vit_cross_attention/cogitao_c1_experiment_3_vit6_function_mlp_cross_attention/run_000/last.ckpt,900674f94996e9b2f5190e7cd8bac4486d09332daaf131226f7f107123274de1,dfec9cbb2afe6616194c1fb41430c0c5d2bc4208,3,val,crop_bottom_side,rot90,rot90 -> crop_bottom_side,"pair (f,g): fgx=f(g(x)); task-token order [g,f] means g -> f",128,128,128,image_block_06,42,78000,256,256,0.01,2,"{""fixed_ranks"": [1, 2, 4, 8, 16, 32], ""variance_thresholds"": [0.9, 0.95]}",synthetic_context_on_atomic_id,0.20193210890400637,0.25158832657860725,val,0.21981317804906433,0.2961455180511773,0.2185770964131165,0.4066711517975499,1.0,0.3597593391135521,0.34178031161002964,0.48528587609117557,0.01788106914505794,0.2659834900379695,0.014395163459362254,0.3258898705680935,,0,128,255,512,True,0.0365391617208872,CHEATING; fit on first half of this split; score second half only,64
/home/ubuntu/cogitao-research/checkpoints/cogitao_vit_cross_attention/cogitao_c1_experiment_3_vit6_function_mlp_cross_attention/run_000/last.ckpt,900674f94996e9b2f5190e7cd8bac4486d09332daaf131226f7f107123274de1,dfec9cbb2afe6616194c1fb41430c0c5d2bc4208,3,val,crop_bottom_side,rot90,rot90 -> crop_bottom_side,"pair (f,g): fgx=f(g(x)); task-token order [g,f] means g -> f",128,128,128,image_final_norm,42,78000,256,256,0.01,2,"{""fixed_ranks"": [1, 2, 4, 8, 16, 32], ""variance_thresholds"": [0.9, 0.95]}",synthetic_context_on_atomic_id,0.1981872124211159,0.2454207402058756,val,0.21491845683083824,0.28685844243144465,0.21344836559187502,0.4020419052390708,1.0,0.3545909409354582,0.3330468882270802,0.4773795577759927,0.01673124440972233,0.25988058365555256,0.014459843449676955,0.3166283949791391,,0,128,255,512,True,0.03542881497111623,CHEATING; fit on first half of this split; score second half only,64
/home/ubuntu/cogitao-research/checkpoints/cogitao_vit_cross_attention/cogitao_c1_experiment_3_vit6_function_mlp_cross_attention/run_000/last.ckpt,900674f94996e9b2f5190e7cd8bac4486d09332daaf131226f7f107123274de1,dfec9cbb2afe6616194c1fb41430c0c5d2bc4208,3,test,crop_bottom_side,rot90,rot90 -> crop_bottom_side,"pair (f,g): fgx=f(g(x)); task-token order [g,f] means g -> f",128,128,128,image_input_tokens,42,78000,256,256,0.01,2,"{""fixed_ranks"": [1, 2, 4, 8, 16, 32], ""variance_thresholds"": [0.9, 0.95]}",synthetic_context_on_atomic_id,0.02394040109610342,0.02386705527804018,test,0.020767568282271512,0.026445194610245616,0.02095064679801733,0.05230970855895596,1.0,0.0516326606226621,0.02533422400945785,0.026394215930162293,-0.0031728328138319107,0.026390232648895003,0.0025231773708548227,0.03681918504448262,,0,128,255,512,True,0.020677492730559542,CHEATING; fit on first half of this split; score second half only,64
/home/ubuntu/cogitao-research/checkpoints/cogitao_vit_cross_attention/cogitao_c1_experiment_3_vit6_function_mlp_cross_attention/run_000/last.ckpt,900674f94996e9b2f5190e7cd8bac4486d09332daaf131226f7f107123274de1,dfec9cbb2afe6616194c1fb41430c0c5d2bc4208,3,test,crop_bottom_side,rot90,rot90 -> crop_bottom_side,"pair (f,g): fgx=f(g(x)); task-token order [g,f] means g -> f",128,128,128,image_block_01,42,78000,256,256,0.01,2,"{""fixed_ranks"": [1, 2, 4, 8, 16, 32], ""variance_thresholds"": [0.9, 0.95]}",synthetic_context_on_atomic_id,0.0881790213835258,0.13454118950586835,test,0.08933198651375877,0.14951891062316489,0.09358027796749661,0.17837320449110083,1.0,0.19169082665409407,0.1286429402511814,0.15237162898020534,0.0011529651302329648,0.18174040319948492,0.047199213693616585,0.19320663709476946,,0,128,255,512,True,0.04287905467913117,CHEATING; fit on first half of this split; score second half only,64
/home/ubuntu/cogitao-research/checkpoints/cogitao_vit_cross_attention/cogitao_c1_experiment_3_vit6_function_mlp_cross_attention/run_000/last.ckpt,900674f94996e9b2f5190e7cd8bac4486d09332daaf131226f7f107123274de1,dfec9cbb2afe6616194c1fb41430c0c5d2bc4208,3,test,crop_bottom_side,rot90,rot90 -> crop_bottom_side,"pair (f,g): fgx=f(g(x)); task-token order [g,f] means g -> f",128,128,128,image_block_02,42,78000,256,256,0.01,2,"{""fixed_ranks"": [1, 2, 4, 8, 16, 32], ""variance_thresholds"": [0.9, 0.95]}",synthetic_context_on_atomic_id,0.11108906394707756,0.17416189261557297,test,0.11918827813989877,0.1950569652049788,0.11993491732299673,0.22135296771407198,1.0,0.23203801382603517,0.17520881209184214,0.21111808767894352,0.008099214192821221,0.2182471637337685,0.04408527111819553,0.2362412823444386,,0,128,255,512,True,0.03986927149857255,CHEATING; fit on first half of this split; score second half only,64
/home/ubuntu/cogitao-research/checkpoints/cogitao_vit_cross_attention/cogitao_c1_experiment_3_vit6_function_mlp_cross_attention/run_000/last.ckpt,900674f94996e9b2f5190e7cd8bac4486d09332daaf131226f7f107123274de1,dfec9cbb2afe6616194c1fb41430c0c5d2bc4208,3,test,crop_bottom_side,rot90,rot90 -> crop_bottom_side,"pair (f,g): fgx=f(g(x)); task-token order [g,f] means g -> f",128,128,128,image_block_03,42,78000,256,256,0.01,2,"{""fixed_ranks"": [1, 2, 4, 8, 16, 32], ""variance_thresholds"": [0.9, 0.95]}",synthetic_context_on_atomic_id,0.1433263720044937,0.20206199584443013,test,0.1501492343235505,0.22616883461318132,0.15497101787856077,0.27877986100303187,1.0,0.2781523925593109,0.22416332825095225,0.29672405092516485,0.006822862319056823,0.24147056298303454,0.039408567138604404,0.27397680222988663,,0,128,255,512,True,0.042271704857491675,CHEATING; fit on first half of this split; score second half only,64
/home/ubuntu/cogitao-research/checkpoints/cogitao_vit_cross_attention/cogitao_c1_experiment_3_vit6_function_mlp_cross_attention/run_000/last.ckpt,900674f94996e9b2f5190e7cd8bac4486d09332daaf131226f7f107123274de1,dfec9cbb2afe6616194c1fb41430c0c5d2bc4208,3,test,crop_bottom_side,rot90,rot90 -> crop_bottom_side,"pair (f,g): fgx=f(g(x)); task-token order [g,f] means g -> f",128,128,128,image_block_04,42,78000,256,256,0.01,2,"{""fixed_ranks"": [1, 2, 4, 8, 16, 32], ""variance_thresholds"": [0.9, 0.95]}",synthetic_context_on_atomic_id,0.15208553590456927,0.1966567061343968,test,0.1583839493347623,0.2244089932626132,0.16319525621497244,0.2880724947829014,1.0,0.282360298936782,0.23125604347791406,0.32299164802069535,0.0062984134301929985,0.2253281118819434,0.028671405747546598,0.27282392056622906,,0,128,255,512,True,0.03968412131895504,CHEATING; fit on first half of this split; score second half only,64
/home/ubuntu/cogitao-research/checkpoints/cogitao_vit_cross_attention/cogitao_c1_experiment_3_vit6_function_mlp_cross_attention/run_000/last.ckpt,900674f94996e9b2f5190e7cd8bac4486d09332daaf131226f7f107123274de1,dfec9cbb2afe6616194c1fb41430c0c5d2bc4208,3,test,crop_bottom_side,rot90,rot90 -> crop_bottom_side,"pair (f,g): fgx=f(g(x)); task-token order [g,f] means g -> f",128,128,128,image_block_05,42,78000,256,256,0.01,2,"{""fixed_ranks"": [1, 2, 4, 8, 16, 32], ""variance_thresholds"": [0.9, 0.95]}",synthetic_context_on_atomic_id,0.16153164020789176,0.22886739059600172,test,0.17097393589629403,0.25239078125193765,0.17256612035891644,0.31580093218188643,1.0,0.3064567556997849,0.2619463919672035,0.3609452395559536,0.009442295688402262,0.25103690257374445,0.022169511977742702,0.2938036678988868,,0,128,255,512,True,0.035188981061498904,CHEATING; fit on first half of this split; score second half only,64
/home/ubuntu/cogitao-research/checkpoints/cogitao_vit_cross_attention/cogitao_c1_experiment_3_vit6_function_mlp_cross_attention/run_000/last.ckpt,900674f94996e9b2f5190e7cd8bac4486d09332daaf131226f7f107123274de1,dfec9cbb2afe6616194c1fb41430c0c5d2bc4208,3,test,crop_bottom_side,rot90,rot90 -> crop_bottom_side,"pair (f,g): fgx=f(g(x)); task-token order [g,f] means g -> f",128,128,128,image_block_06,42,78000,256,256,0.01,2,"{""fixed_ranks"": [1, 2, 4, 8, 16, 32], ""variance_thresholds"": [0.9, 0.95]}",synthetic_context_on_atomic_id,0.19994892768014713,0.24613031435564794,test,0.21310091711349977,0.28542573714631786,0.21360577305829767,0.4055169559438844,1.0,0.36672660953524827,0.32447659700845605,0.4995648295265148,0.013151989433352631,0.2713905210587034,0.025260206703055486,0.32086279061716105,,0,128,255,512,True,0.0365391617208872,CHEATING; fit on first half of this split; score second half only,64
/home/ubuntu/cogitao-research/checkpoints/cogitao_vit_cross_attention/cogitao_c1_experiment_3_vit6_function_mlp_cross_attention/run_000/last.ckpt,900674f94996e9b2f5190e7cd8bac4486d09332daaf131226f7f107123274de1,dfec9cbb2afe6616194c1fb41430c0c5d2bc4208,3,test,crop_bottom_side,rot90,rot90 -> crop_bottom_side,"pair (f,g): fgx=f(g(x)); task-token order [g,f] means g -> f",128,128,128,image_final_norm,42,78000,256,256,0.01,2,"{""fixed_ranks"": [1, 2, 4, 8, 16, 32], ""variance_thresholds"": [0.9, 0.95]}",synthetic_context_on_atomic_id,0.1954442100718175,0.23953738075504225,test,0.20847784394485497,0.2765092098608716,0.20844064708501867,0.40101212324509566,1.0,0.3614764070663378,0.31621572473677706,0.49197783999023603,0.01303363387303749,0.2648931341581455,0.025355753403103233,0.3120225309105683,,0,128,255,512,True,0.03542881497111623,CHEATING; fit on first half of this split; score second half only,64
/home/ubuntu/cogitao-research/checkpoints/cogitao_vit_cross_attention/cogitao_c1_experiment_3_vit6_function_mlp_cross_attention/run_000/last.ckpt,900674f94996e9b2f5190e7cd8bac4486d09332daaf131226f7f107123274de1,dfec9cbb2afe6616194c1fb41430c0c5d2bc4208,3,val_ood,crop_bottom_side,rot90,rot90 -> crop_bottom_side,"pair (f,g): fgx=f(g(x)); task-token order [g,f] means g -> f",128,128,128,image_input_tokens,42,78000,256,256,0.01,2,"{""fixed_ranks"": [1, 2, 4, 8, 16, 32], ""variance_thresholds"": [0.9, 0.95]}",recorded_ood,0.024272510285179818,0.023859041390573706,val,0.02629209850834826,0.032062556250337215,0.02564457351295806,0.06272322554793003,1.0,0.0608230244567474,0.030885992367770287,0.03192815534122261,0.002019588223168439,0.030528703541013388,0.006669662150439685,0.050878268544475275,,0,128,255,512,True,0.020677492730559542,CHEATING; fit on first half of this split; score second half only,64
/home/ubuntu/cogitao-research/checkpoints/cogitao_vit_cross_attention/cogitao_c1_experiment_3_vit6_function_mlp_cross_attention/run_000/last.ckpt,900674f94996e9b2f5190e7cd8bac4486d09332daaf131226f7f107123274de1,dfec9cbb2afe6616194c1fb41430c0c5d2bc4208,3,val_ood,crop_bottom_side,rot90,rot90 -> crop_bottom_side,"pair (f,g): fgx=f(g(x)); task-token order [g,f] means g -> f",128,128,128,image_block_01,42,78000,256,256,0.01,2,"{""fixed_ranks"": [1, 2, 4, 8, 16, 32], ""variance_thresholds"": [0.9, 0.95]}",recorded_ood,0.09179608839911718,0.1364141829328462,val,0.09336791199876493,0.15097828286697745,0.08662744569581535,0.19805572139865468,1.0,0.2088261603415752,0.129512824748352,0.15388953732546387,0.0015718235996477555,0.18480303072928822,0.04838884779644202,0.1925345708755617,,0,128,255,512,True,0.04287905467913117,CHEATING; fit on first half of this split; score second half only,64
/home/ubuntu/cogitao-research/checkpoints/cogitao_vit_cross_attention/cogitao_c1_experiment_3_vit6_function_mlp_cross_attention/run_000/last.ckpt,900674f94996e9b2f5190e7cd8bac4486d09332daaf131226f7f107123274de1,dfec9cbb2afe6616194c1fb41430c0c5d2bc4208,3,val_ood,crop_bottom_side,rot90,rot90 -> crop_bottom_side,"pair (f,g): fgx=f(g(x)); task-token order [g,f] means g -> f",128,128,128,image_block_02,42,78000,256,256,0.01,2,"{""fixed_ranks"": [1, 2, 4, 8, 16, 32], ""variance_thresholds"": [0.9, 0.95]}",recorded_ood,0.1153577704725501,0.17637660704035163,val,0.11646001065742477,0.19320017925311755,0.11082700626889755,0.24439204954890023,1.0,0.24952413491775555,0.17467311174549993,0.21180884632773167,0.0011022401848746744,0.21726718949595447,0.04089058245560286,0.23212038935339338,,0,128,255,512,True,0.03986927149857255,CHEATING; fit on first half of this split; score second half only,64
/home/ubuntu/cogitao-research/checkpoints/cogitao_vit_cross_attention/cogitao_c1_experiment_3_vit6_function_mlp_cross_attention/run_000/last.ckpt,900674f94996e9b2f5190e7cd8bac4486d09332daaf131226f7f107123274de1,dfec9cbb2afe6616194c1fb41430c0c5d2bc4208,3,val_ood,crop_bottom_side,rot90,rot90 -> crop_bottom_side,"pair (f,g): fgx=f(g(x)); task-token order [g,f] means g -> f",128,128,128,image_block_03,42,78000,256,256,0.01,2,"{""fixed_ranks"": [1, 2, 4, 8, 16, 32], ""variance_thresholds"": [0.9, 0.95]}",recorded_ood,0.14346277785313816,0.21493741647991596,val,0.14964321923470691,0.22918985907440614,0.14349802417203467,0.3097828460059288,1.0,0.2967904412224458,0.22750789920154135,0.32296646479923335,0.006180441381568764,0.2467890818384349,0.03185166535851894,0.25967364949437743,,0,128,255,512,True,0.042271704857491675,CHEATING; fit on first half of this split; score second half only,64
/home/ubuntu/cogitao-research/checkpoints/cogitao_vit_cross_attention/cogitao_c1_experiment_3_vit6_function_mlp_cross_attention/run_000/last.ckpt,900674f94996e9b2f5190e7cd8bac4486d09332daaf131226f7f107123274de1,dfec9cbb2afe6616194c1fb41430c0c5d2bc4208,3,val_ood,crop_bottom_side,rot90,rot90 -> crop_bottom_side,"pair (f,g): fgx=f(g(x)); task-token order [g,f] means g -> f",128,128,128,image_block_04,42,78000,256,256,0.01,2,"{""fixed_ranks"": [1, 2, 4, 8, 16, 32], ""variance_thresholds"": [0.9, 0.95]}",recorded_ood,0.15425080191057494,0.20619839477334087,val,0.15926642087931187,0.22683105865064912,0.15084545330330154,0.3243346952472814,1.0,0.3037807600431845,0.23592602845799288,0.3518972921030947,0.005015618968736937,0.23089768133347288,0.02469928656013201,0.2571934243661029,,0,128,255,512,True,0.03968412131895504,CHEATING; fit on first half of this split; score second half only,64
/home/ubuntu/cogitao-research/checkpoints/cogitao_vit_cross_attention/cogitao_c1_experiment_3_vit6_function_mlp_cross_attention/run_000/last.ckpt,900674f94996e9b2f5190e7cd8bac4486d09332daaf131226f7f107123274de1,dfec9cbb2afe6616194c1fb41430c0c5d2bc4208,3,val_ood,crop_bottom_side,rot90,rot90 -> crop_bottom_side,"pair (f,g): fgx=f(g(x)); task-token order [g,f] means g -> f",128,128,128,image_block_05,42,78000,256,256,0.01,2,"{""fixed_ranks"": [1, 2, 4, 8, 16, 32], ""variance_thresholds"": [0.9, 0.95]}",recorded_ood,0.16350241968960644,0.2346834202187361,val,0.1698597423974333,0.2528761434966982,0.160259098090999,0.3530388148449749,1.0,0.32536332530413703,0.26728443969120635,0.3908234753371196,0.006357322707826851,0.25343172327029323,0.01874830305155715,0.2803941044595419,,0,128,255,512,True,0.035188981061498904,CHEATING; fit on first half of this split; score second half only,64
/home/ubuntu/cogitao-research/checkpoints/cogitao_vit_cross_attention/cogitao_c1_experiment_3_vit6_function_mlp_cross_attention/run_000/last.ckpt,900674f94996e9b2f5190e7cd8bac4486d09332daaf131226f7f107123274de1,dfec9cbb2afe6616194c1fb41430c0c5d2bc4208,3,val_ood,crop_bottom_side,rot90,rot90 -> crop_bottom_side,"pair (f,g): fgx=f(g(x)); task-token order [g,f] means g -> f",128,128,128,image_block_06,42,78000,256,256,0.01,2,"{""fixed_ranks"": [1, 2, 4, 8, 16, 32], ""variance_thresholds"": [0.9, 0.95]}",recorded_ood,0.20193210890400637,0.25158832657860725,val,0.2049303869723122,0.28259319347785095,0.19195665628101666,0.45434803381769223,1.0,0.39180072821398143,0.3277966428315988,0.5472584144414446,0.002998278068305842,0.27051250978520347,0.018924183206596192,0.309576865032916,,0,128,255,512,True,0.0365391617208872,CHEATING; fit on first half of this split; score second half only,64
/home/ubuntu/cogitao-research/checkpoints/cogitao_vit_cross_attention/cogitao_c1_experiment_3_vit6_function_mlp_cross_attention/run_000/last.ckpt,900674f94996e9b2f5190e7cd8bac4486d09332daaf131226f7f107123274de1,dfec9cbb2afe6616194c1fb41430c0c5d2bc4208,3,val_ood,crop_bottom_side,rot90,rot90 -> crop_bottom_side,"pair (f,g): fgx=f(g(x)); task-token order [g,f] means g -> f",128,128,128,image_final_norm,42,78000,256,256,0.01,2,"{""fixed_ranks"": [1, 2, 4, 8, 16, 32], ""variance_thresholds"": [0.9, 0.95]}",recorded_ood,0.1981872124211159,0.2454207402058756,val,0.20061861243715465,0.27429572585129824,0.18768990878241126,0.4489108337229393,1.0,0.38584984073322326,0.3194729552033703,0.5373747089548081,0.0024314000160387565,0.2640782106714924,0.018657470465616822,0.3001463260123338,,0,128,255,512,True,0.03542881497111623,CHEATING; fit on first half of this split; score second half only,64
/home/ubuntu/cogitao-research/checkpoints/cogitao_vit_cross_attention/cogitao_c1_experiment_3_vit6_function_mlp_cross_attention/run_000/last.ckpt,900674f94996e9b2f5190e7cd8bac4486d09332daaf131226f7f107123274de1,dfec9cbb2afe6616194c1fb41430c0c5d2bc4208,3,test_ood,crop_bottom_side,rot90,rot90 -> crop_bottom_side,"pair (f,g): fgx=f(g(x)); task-token order [g,f] means g -> f",128,128,128,image_input_tokens,42,78000,256,256,0.01,2,"{""fixed_ranks"": [1, 2, 4, 8, 16, 32], ""variance_thresholds"": [0.9, 0.95]}",recorded_ood,0.02394040109610342,0.02386705527804018,test,0.025787876025184855,0.03028868375587837,0.024696567774620808,0.06246579576221513,1.0,0.05998160044370834,0.028870274305165235,0.030313158236608698,0.0018474749290814394,0.030112042276214633,0.006244986998174452,0.05016125534527327,,0,128,255,512,True,0.020677492730559542,CHEATING; fit on first half of this split; score second half only,64
/home/ubuntu/cogitao-research/checkpoints/cogitao_vit_cross_attention/cogitao_c1_experiment_3_vit6_function_mlp_cross_attention/run_000/last.ckpt,900674f94996e9b2f5190e7cd8bac4486d09332daaf131226f7f107123274de1,dfec9cbb2afe6616194c1fb41430c0c5d2bc4208,3,test_ood,crop_bottom_side,rot90,rot90 -> crop_bottom_side,"pair (f,g): fgx=f(g(x)); task-token order [g,f] means g -> f",128,128,128,image_block_01,42,78000,256,256,0.01,2,"{""fixed_ranks"": [1, 2, 4, 8, 16, 32], ""variance_thresholds"": [0.9, 0.95]}",recorded_ood,0.0881790213835258,0.13454118950586835,test,0.09004871210496818,0.14323125425130112,0.0864335478919954,0.19757315667436248,1.0,0.20360366644815459,0.12755325803620543,0.14616625359620056,0.001869690721442361,0.18168186754759846,0.0471406780417301,0.20238873859684467,,0,128,255,512,True,0.04287905467913117,CHEATING; fit on first half of this split; score second half only,64
/home/ubuntu/cogitao-research/checkpoints/cogitao_vit_cross_attention/cogitao_c1_experiment_3_vit6_function_mlp_cross_attention/run_000/last.ckpt,900674f94996e9b2f5190e7cd8bac4486d09332daaf131226f7f107123274de1,dfec9cbb2afe6616194c1fb41430c0c5d2bc4208,3,test_ood,crop_bottom_side,rot90,rot90 -> crop_bottom_side,"pair (f,g): fgx=f(g(x)); task-token order [g,f] means g -> f",128,128,128,image_block_02,42,78000,256,256,0.01,2,"{""fixed_ranks"": [1, 2, 4, 8, 16, 32], ""variance_thresholds"": [0.9, 0.95]}",recorded_ood,0.11108906394707756,0.17416189261557297,test,0.11335391941696515,0.18972688017718115,0.11097251284517859,0.24134617749987836,1.0,0.24630305483201137,0.17554292225984536,0.20663592324016067,0.002264855469887593,0.21505091881411142,0.040889026198538465,0.2456409191036154,,0,128,255,512,True,0.03986927149857255,CHEATING; fit on first half of this split; score second half only,64
/home/ubuntu/cogitao-research/checkpoints/cogitao_vit_cross_attention/cogitao_c1_experiment_3_vit6_function_mlp_cross_attention/run_000/last.ckpt,900674f94996e9b2f5190e7cd8bac4486d09332daaf131226f7f107123274de1,dfec9cbb2afe6616194c1fb41430c0c5d2bc4208,3,test_ood,crop_bottom_side,rot90,rot90 -> crop_bottom_side,"pair (f,g): fgx=f(g(x)); task-token order [g,f] means g -> f",128,128,128,image_block_03,42,78000,256,256,0.01,2,"{""fixed_ranks"": [1, 2, 4, 8, 16, 32], ""variance_thresholds"": [0.9, 0.95]}",recorded_ood,0.1433263720044937,0.20206199584443013,test,0.14663394612887792,0.22805968612208355,0.14266992909095777,0.30324286538239453,1.0,0.29792061922709845,0.22346636810013537,0.3145609028909928,0.003307574124384219,0.24695574649210822,0.044893750647678074,0.2898378028710276,,0,128,255,512,True,0.042271704857491675,CHEATING; fit on first half of this split; score second half only,64
/home/ubuntu/cogitao-research/checkpoints/cogitao_vit_cross_attention/cogitao_c1_experiment_3_vit6_function_mlp_cross_attention/run_000/last.ckpt,900674f94996e9b2f5190e7cd8bac4486d09332daaf131226f7f107123274de1,dfec9cbb2afe6616194c1fb41430c0c5d2bc4208,3,test_ood,crop_bottom_side,rot90,rot90 -> crop_bottom_side,"pair (f,g): fgx=f(g(x)); task-token order [g,f] means g -> f",128,128,128,image_block_04,42,78000,256,256,0.01,2,"{""fixed_ranks"": [1, 2, 4, 8, 16, 32], ""variance_thresholds"": [0.9, 0.95]}",recorded_ood,0.15208553590456927,0.1966567061343968,test,0.16007617809797198,0.23146687475836747,0.15316997671805677,0.3177998246360525,1.0,0.30575623026077536,0.2334978145999278,0.34446771402493526,0.007990642193402715,0.2358492029208298,0.039192496786432995,0.282088781940704,,0,128,255,512,True,0.03968412131895504,CHEATING; fit on first half of this split; score second half only,64
/home/ubuntu/cogitao-research/checkpoints/cogitao_vit_cross_attention/cogitao_c1_experiment_3_vit6_function_mlp_cross_attention/run_000/last.ckpt,900674f94996e9b2f5190e7cd8bac4486d09332daaf131226f7f107123274de1,dfec9cbb2afe6616194c1fb41430c0c5d2bc4208,3,test_ood,crop_bottom_side,rot90,rot90 -> crop_bottom_side,"pair (f,g): fgx=f(g(x)); task-token order [g,f] means g -> f",128,128,128,image_block_05,42,78000,256,256,0.01,2,"{""fixed_ranks"": [1, 2, 4, 8, 16, 32], ""variance_thresholds"": [0.9, 0.95]}",recorded_ood,0.16153164020789176,0.22886739059600172,test,0.1708137012982835,0.2599868821542491,0.16220647800019766,0.34591979748471696,1.0,0.32989121358280993,0.26478012326853,0.3898112315184792,0.00928206109039173,0.2557041896004649,0.026836799004463188,0.3046663765447158,,0,128,255,512,True,0.035188981061498904,CHEATING; fit on first half of this split; score second half only,64
/home/ubuntu/cogitao-research/checkpoints/cogitao_vit_cross_attention/cogitao_c1_experiment_3_vit6_function_mlp_cross_attention/run_000/last.ckpt,900674f94996e9b2f5190e7cd8bac4486d09332daaf131226f7f107123274de1,dfec9cbb2afe6616194c1fb41430c0c5d2bc4208,3,test_ood,crop_bottom_side,rot90,rot90 -> crop_bottom_side,"pair (f,g): fgx=f(g(x)); task-token order [g,f] means g -> f",128,128,128,image_block_06,42,78000,256,256,0.01,2,"{""fixed_ranks"": [1, 2, 4, 8, 16, 32], ""variance_thresholds"": [0.9, 0.95]}",recorded_ood,0.19994892768014713,0.24613031435564794,test,0.20411241666356394,0.28390354026907383,0.19739394620434356,0.4510103072681193,1.0,0.3960656399436697,0.3212776495616467,0.5508712004014891,0.004163488983416815,0.2711752289375676,0.025044914581919705,0.32034717465010965,,0,128,255,512,True,0.0365391617208872,CHEATING; fit on first half of this split; score second half only,64
/home/ubuntu/cogitao-research/checkpoints/cogitao_vit_cross_attention/cogitao_c1_experiment_3_vit6_function_mlp_cross_attention/run_000/last.ckpt,900674f94996e9b2f5190e7cd8bac4486d09332daaf131226f7f107123274de1,dfec9cbb2afe6616194c1fb41430c0c5d2bc4208,3,test_ood,crop_bottom_side,rot90,rot90 -> crop_bottom_side,"pair (f,g): fgx=f(g(x)); task-token order [g,f] means g -> f",128,128,128,image_final_norm,42,78000,256,256,0.01,2,"{""fixed_ranks"": [1, 2, 4, 8, 16, 32], ""variance_thresholds"": [0.9, 0.95]}",recorded_ood,0.1954442100718175,0.23953738075504225,test,0.19931740684774418,0.27577048279598776,0.19325566951003248,0.44508248656223154,1.0,0.38968474460075847,0.31289007416763115,0.5415259356087858,0.00387319677592671,0.2647258857944582,0.025188505039415922,0.3109963321909981,,0,128,255,512,True,0.03542881497111623,CHEATING; fit on first half of this split; score second half only,64
