checkpoint_path,checkpoint_sha256,git_commit,experiment_id,split,f,g,program,function_ordering,oracle_valid_count,model_sample_count,sample_count,layer,seed,global_step,probe_fit_sample_count,g_probe_fit_sample_count,ridge,pool_grid,pca_settings,source_kind,source_index,left,right,defect,structural_tautology,retained
/home/ubuntu/cogitao-research/checkpoints/cogitao_vit_cross_attention/cogitao_c1_experiment_3_vit6_function_mlp_cross_attention/run_000/last.ckpt,900674f94996e9b2f5190e7cd8bac4486d09332daaf131226f7f107123274de1,dfec9cbb2afe6616194c1fb41430c0c5d2bc4208,3,val,crop_bottom_side,rot90,rot90 -> crop_bottom_side,"pair (f,g): fgx=f(g(x)); task-token order [g,f] means g -> f",128,128,128,image_input_tokens,42,78000,256,256,0.01,2,"{""fixed_ranks"": [1, 2, 4, 8, 16, 32], ""variance_thresholds"": [0.9, 0.95]}",synthetic_context_on_atomic_id,161,crop_bottom_side^2,crop_bottom_side,0.014171644623356681,0,1
/home/ubuntu/cogitao-research/checkpoints/cogitao_vit_cross_attention/cogitao_c1_experiment_3_vit6_function_mlp_cross_attention/run_000/last.ckpt,900674f94996e9b2f5190e7cd8bac4486d09332daaf131226f7f107123274de1,dfec9cbb2afe6616194c1fb41430c0c5d2bc4208,3,val,crop_bottom_side,rot90,rot90 -> crop_bottom_side,"pair (f,g): fgx=f(g(x)); task-token order [g,f] means g -> f",128,128,128,image_input_tokens,42,78000,256,256,0.01,2,"{""fixed_ranks"": [1, 2, 4, 8, 16, 32], ""variance_thresholds"": [0.9, 0.95]}",synthetic_context_on_atomic_id,146,rot90^2,I,0.022684382184842814,0,1
/home/ubuntu/cogitao-research/checkpoints/cogitao_vit_cross_attention/cogitao_c1_experiment_3_vit6_function_mlp_cross_attention/run_000/last.ckpt,900674f94996e9b2f5190e7cd8bac4486d09332daaf131226f7f107123274de1,dfec9cbb2afe6616194c1fb41430c0c5d2bc4208,3,val,crop_bottom_side,rot90,rot90 -> crop_bottom_side,"pair (f,g): fgx=f(g(x)); task-token order [g,f] means g -> f",128,128,128,image_input_tokens,42,78000,256,256,0.01,2,"{""fixed_ranks"": [1, 2, 4, 8, 16, 32], ""variance_thresholds"": [0.9, 0.95]}",synthetic_context_on_atomic_id,228,rot90^2,I,0.05037205923810428,0,0
/home/ubuntu/cogitao-research/checkpoints/cogitao_vit_cross_attention/cogitao_c1_experiment_3_vit6_function_mlp_cross_attention/run_000/last.ckpt,900674f94996e9b2f5190e7cd8bac4486d09332daaf131226f7f107123274de1,dfec9cbb2afe6616194c1fb41430c0c5d2bc4208,3,val,crop_bottom_side,rot90,rot90 -> crop_bottom_side,"pair (f,g): fgx=f(g(x)); task-token order [g,f] means g -> f",128,128,128,image_block_01,42,78000,256,256,0.01,2,"{""fixed_ranks"": [1, 2, 4, 8, 16, 32], ""variance_thresholds"": [0.9, 0.95]}",synthetic_context_on_atomic_id,161,crop_bottom_side^2,crop_bottom_side,0.14331225176720347,0,0
/home/ubuntu/cogitao-research/checkpoints/cogitao_vit_cross_attention/cogitao_c1_experiment_3_vit6_function_mlp_cross_attention/run_000/last.ckpt,900674f94996e9b2f5190e7cd8bac4486d09332daaf131226f7f107123274de1,dfec9cbb2afe6616194c1fb41430c0c5d2bc4208,3,val,crop_bottom_side,rot90,rot90 -> crop_bottom_side,"pair (f,g): fgx=f(g(x)); task-token order [g,f] means g -> f",128,128,128,image_block_01,42,78000,256,256,0.01,2,"{""fixed_ranks"": [1, 2, 4, 8, 16, 32], ""variance_thresholds"": [0.9, 0.95]}",synthetic_context_on_atomic_id,146,rot90^2,I,0.07633878053079612,0,0
/home/ubuntu/cogitao-research/checkpoints/cogitao_vit_cross_attention/cogitao_c1_experiment_3_vit6_function_mlp_cross_attention/run_000/last.ckpt,900674f94996e9b2f5190e7cd8bac4486d09332daaf131226f7f107123274de1,dfec9cbb2afe6616194c1fb41430c0c5d2bc4208,3,val,crop_bottom_side,rot90,rot90 -> crop_bottom_side,"pair (f,g): fgx=f(g(x)); task-token order [g,f] means g -> f",128,128,128,image_block_01,42,78000,256,256,0.01,2,"{""fixed_ranks"": [1, 2, 4, 8, 16, 32], ""variance_thresholds"": [0.9, 0.95]}",synthetic_context_on_atomic_id,228,rot90^2,I,0.16179040710620282,0,0
/home/ubuntu/cogitao-research/checkpoints/cogitao_vit_cross_attention/cogitao_c1_experiment_3_vit6_function_mlp_cross_attention/run_000/last.ckpt,900674f94996e9b2f5190e7cd8bac4486d09332daaf131226f7f107123274de1,dfec9cbb2afe6616194c1fb41430c0c5d2bc4208,3,val,crop_bottom_side,rot90,rot90 -> crop_bottom_side,"pair (f,g): fgx=f(g(x)); task-token order [g,f] means g -> f",128,128,128,image_block_02,42,78000,256,256,0.01,2,"{""fixed_ranks"": [1, 2, 4, 8, 16, 32], ""variance_thresholds"": [0.9, 0.95]}",synthetic_context_on_atomic_id,161,crop_bottom_side^2,crop_bottom_side,0.17380147464149812,0,0
/home/ubuntu/cogitao-research/checkpoints/cogitao_vit_cross_attention/cogitao_c1_experiment_3_vit6_function_mlp_cross_attention/run_000/last.ckpt,900674f94996e9b2f5190e7cd8bac4486d09332daaf131226f7f107123274de1,dfec9cbb2afe6616194c1fb41430c0c5d2bc4208,3,val,crop_bottom_side,rot90,rot90 -> crop_bottom_side,"pair (f,g): fgx=f(g(x)); task-token order [g,f] means g -> f",128,128,128,image_block_02,42,78000,256,256,0.01,2,"{""fixed_ranks"": [1, 2, 4, 8, 16, 32], ""variance_thresholds"": [0.9, 0.95]}",synthetic_context_on_atomic_id,146,rot90^2,I,0.17410228396194494,0,0
/home/ubuntu/cogitao-research/checkpoints/cogitao_vit_cross_attention/cogitao_c1_experiment_3_vit6_function_mlp_cross_attention/run_000/last.ckpt,900674f94996e9b2f5190e7cd8bac4486d09332daaf131226f7f107123274de1,dfec9cbb2afe6616194c1fb41430c0c5d2bc4208,3,val,crop_bottom_side,rot90,rot90 -> crop_bottom_side,"pair (f,g): fgx=f(g(x)); task-token order [g,f] means g -> f",128,128,128,image_block_02,42,78000,256,256,0.01,2,"{""fixed_ranks"": [1, 2, 4, 8, 16, 32], ""variance_thresholds"": [0.9, 0.95]}",synthetic_context_on_atomic_id,228,rot90^2,I,0.22065997043098945,0,0
/home/ubuntu/cogitao-research/checkpoints/cogitao_vit_cross_attention/cogitao_c1_experiment_3_vit6_function_mlp_cross_attention/run_000/last.ckpt,900674f94996e9b2f5190e7cd8bac4486d09332daaf131226f7f107123274de1,dfec9cbb2afe6616194c1fb41430c0c5d2bc4208,3,val,crop_bottom_side,rot90,rot90 -> crop_bottom_side,"pair (f,g): fgx=f(g(x)); task-token order [g,f] means g -> f",128,128,128,image_block_03,42,78000,256,256,0.01,2,"{""fixed_ranks"": [1, 2, 4, 8, 16, 32], ""variance_thresholds"": [0.9, 0.95]}",synthetic_context_on_atomic_id,161,crop_bottom_side^2,crop_bottom_side,0.1815735117694363,0,0
/home/ubuntu/cogitao-research/checkpoints/cogitao_vit_cross_attention/cogitao_c1_experiment_3_vit6_function_mlp_cross_attention/run_000/last.ckpt,900674f94996e9b2f5190e7cd8bac4486d09332daaf131226f7f107123274de1,dfec9cbb2afe6616194c1fb41430c0c5d2bc4208,3,val,crop_bottom_side,rot90,rot90 -> crop_bottom_side,"pair (f,g): fgx=f(g(x)); task-token order [g,f] means g -> f",128,128,128,image_block_03,42,78000,256,256,0.01,2,"{""fixed_ranks"": [1, 2, 4, 8, 16, 32], ""variance_thresholds"": [0.9, 0.95]}",synthetic_context_on_atomic_id,146,rot90^2,I,0.1982519406333251,0,0
/home/ubuntu/cogitao-research/checkpoints/cogitao_vit_cross_attention/cogitao_c1_experiment_3_vit6_function_mlp_cross_attention/run_000/last.ckpt,900674f94996e9b2f5190e7cd8bac4486d09332daaf131226f7f107123274de1,dfec9cbb2afe6616194c1fb41430c0c5d2bc4208,3,val,crop_bottom_side,rot90,rot90 -> crop_bottom_side,"pair (f,g): fgx=f(g(x)); task-token order [g,f] means g -> f",128,128,128,image_block_03,42,78000,256,256,0.01,2,"{""fixed_ranks"": [1, 2, 4, 8, 16, 32], ""variance_thresholds"": [0.9, 0.95]}",synthetic_context_on_atomic_id,228,rot90^2,I,0.2540544680789787,0,0
/home/ubuntu/cogitao-research/checkpoints/cogitao_vit_cross_attention/cogitao_c1_experiment_3_vit6_function_mlp_cross_attention/run_000/last.ckpt,900674f94996e9b2f5190e7cd8bac4486d09332daaf131226f7f107123274de1,dfec9cbb2afe6616194c1fb41430c0c5d2bc4208,3,val,crop_bottom_side,rot90,rot90 -> crop_bottom_side,"pair (f,g): fgx=f(g(x)); task-token order [g,f] means g -> f",128,128,128,image_block_04,42,78000,256,256,0.01,2,"{""fixed_ranks"": [1, 2, 4, 8, 16, 32], ""variance_thresholds"": [0.9, 0.95]}",synthetic_context_on_atomic_id,161,crop_bottom_side^2,crop_bottom_side,0.2298946258839543,0,0
/home/ubuntu/cogitao-research/checkpoints/cogitao_vit_cross_attention/cogitao_c1_experiment_3_vit6_function_mlp_cross_attention/run_000/last.ckpt,900674f94996e9b2f5190e7cd8bac4486d09332daaf131226f7f107123274de1,dfec9cbb2afe6616194c1fb41430c0c5d2bc4208,3,val,crop_bottom_side,rot90,rot90 -> crop_bottom_side,"pair (f,g): fgx=f(g(x)); task-token order [g,f] means g -> f",128,128,128,image_block_04,42,78000,256,256,0.01,2,"{""fixed_ranks"": [1, 2, 4, 8, 16, 32], ""variance_thresholds"": [0.9, 0.95]}",synthetic_context_on_atomic_id,146,rot90^2,I,0.18350153186550683,0,0
/home/ubuntu/cogitao-research/checkpoints/cogitao_vit_cross_attention/cogitao_c1_experiment_3_vit6_function_mlp_cross_attention/run_000/last.ckpt,900674f94996e9b2f5190e7cd8bac4486d09332daaf131226f7f107123274de1,dfec9cbb2afe6616194c1fb41430c0c5d2bc4208,3,val,crop_bottom_side,rot90,rot90 -> crop_bottom_side,"pair (f,g): fgx=f(g(x)); task-token order [g,f] means g -> f",128,128,128,image_block_04,42,78000,256,256,0.01,2,"{""fixed_ranks"": [1, 2, 4, 8, 16, 32], ""variance_thresholds"": [0.9, 0.95]}",synthetic_context_on_atomic_id,228,rot90^2,I,0.2339507622921598,0,0
/home/ubuntu/cogitao-research/checkpoints/cogitao_vit_cross_attention/cogitao_c1_experiment_3_vit6_function_mlp_cross_attention/run_000/last.ckpt,900674f94996e9b2f5190e7cd8bac4486d09332daaf131226f7f107123274de1,dfec9cbb2afe6616194c1fb41430c0c5d2bc4208,3,val,crop_bottom_side,rot90,rot90 -> crop_bottom_side,"pair (f,g): fgx=f(g(x)); task-token order [g,f] means g -> f",128,128,128,image_block_05,42,78000,256,256,0.01,2,"{""fixed_ranks"": [1, 2, 4, 8, 16, 32], ""variance_thresholds"": [0.9, 0.95]}",synthetic_context_on_atomic_id,161,crop_bottom_side^2,crop_bottom_side,0.18029618645268466,0,0
/home/ubuntu/cogitao-research/checkpoints/cogitao_vit_cross_attention/cogitao_c1_experiment_3_vit6_function_mlp_cross_attention/run_000/last.ckpt,900674f94996e9b2f5190e7cd8bac4486d09332daaf131226f7f107123274de1,dfec9cbb2afe6616194c1fb41430c0c5d2bc4208,3,val,crop_bottom_side,rot90,rot90 -> crop_bottom_side,"pair (f,g): fgx=f(g(x)); task-token order [g,f] means g -> f",128,128,128,image_block_05,42,78000,256,256,0.01,2,"{""fixed_ranks"": [1, 2, 4, 8, 16, 32], ""variance_thresholds"": [0.9, 0.95]}",synthetic_context_on_atomic_id,146,rot90^2,I,0.21805991346658327,0,0
/home/ubuntu/cogitao-research/checkpoints/cogitao_vit_cross_attention/cogitao_c1_experiment_3_vit6_function_mlp_cross_attention/run_000/last.ckpt,900674f94996e9b2f5190e7cd8bac4486d09332daaf131226f7f107123274de1,dfec9cbb2afe6616194c1fb41430c0c5d2bc4208,3,val,crop_bottom_side,rot90,rot90 -> crop_bottom_side,"pair (f,g): fgx=f(g(x)); task-token order [g,f] means g -> f",128,128,128,image_block_05,42,78000,256,256,0.01,2,"{""fixed_ranks"": [1, 2, 4, 8, 16, 32], ""variance_thresholds"": [0.9, 0.95]}",synthetic_context_on_atomic_id,228,rot90^2,I,0.29424502893507265,0,0
/home/ubuntu/cogitao-research/checkpoints/cogitao_vit_cross_attention/cogitao_c1_experiment_3_vit6_function_mlp_cross_attention/run_000/last.ckpt,900674f94996e9b2f5190e7cd8bac4486d09332daaf131226f7f107123274de1,dfec9cbb2afe6616194c1fb41430c0c5d2bc4208,3,val,crop_bottom_side,rot90,rot90 -> crop_bottom_side,"pair (f,g): fgx=f(g(x)); task-token order [g,f] means g -> f",128,128,128,image_block_06,42,78000,256,256,0.01,2,"{""fixed_ranks"": [1, 2, 4, 8, 16, 32], ""variance_thresholds"": [0.9, 0.95]}",synthetic_context_on_atomic_id,161,crop_bottom_side^2,crop_bottom_side,0.2858053339131422,0,0
/home/ubuntu/cogitao-research/checkpoints/cogitao_vit_cross_attention/cogitao_c1_experiment_3_vit6_function_mlp_cross_attention/run_000/last.ckpt,900674f94996e9b2f5190e7cd8bac4486d09332daaf131226f7f107123274de1,dfec9cbb2afe6616194c1fb41430c0c5d2bc4208,3,val,crop_bottom_side,rot90,rot90 -> crop_bottom_side,"pair (f,g): fgx=f(g(x)); task-token order [g,f] means g -> f",128,128,128,image_block_06,42,78000,256,256,0.01,2,"{""fixed_ranks"": [1, 2, 4, 8, 16, 32], ""variance_thresholds"": [0.9, 0.95]}",synthetic_context_on_atomic_id,146,rot90^2,I,0.25700077035971103,0,0
/home/ubuntu/cogitao-research/checkpoints/cogitao_vit_cross_attention/cogitao_c1_experiment_3_vit6_function_mlp_cross_attention/run_000/last.ckpt,900674f94996e9b2f5190e7cd8bac4486d09332daaf131226f7f107123274de1,dfec9cbb2afe6616194c1fb41430c0c5d2bc4208,3,val,crop_bottom_side,rot90,rot90 -> crop_bottom_side,"pair (f,g): fgx=f(g(x)); task-token order [g,f] means g -> f",128,128,128,image_block_06,42,78000,256,256,0.01,2,"{""fixed_ranks"": [1, 2, 4, 8, 16, 32], ""variance_thresholds"": [0.9, 0.95]}",synthetic_context_on_atomic_id,228,rot90^2,I,0.28744207710732356,0,0
/home/ubuntu/cogitao-research/checkpoints/cogitao_vit_cross_attention/cogitao_c1_experiment_3_vit6_function_mlp_cross_attention/run_000/last.ckpt,900674f94996e9b2f5190e7cd8bac4486d09332daaf131226f7f107123274de1,dfec9cbb2afe6616194c1fb41430c0c5d2bc4208,3,val,crop_bottom_side,rot90,rot90 -> crop_bottom_side,"pair (f,g): fgx=f(g(x)); task-token order [g,f] means g -> f",128,128,128,image_final_norm,42,78000,256,256,0.01,2,"{""fixed_ranks"": [1, 2, 4, 8, 16, 32], ""variance_thresholds"": [0.9, 0.95]}",synthetic_context_on_atomic_id,161,crop_bottom_side^2,crop_bottom_side,0.26995706872064607,0,0
/home/ubuntu/cogitao-research/checkpoints/cogitao_vit_cross_attention/cogitao_c1_experiment_3_vit6_function_mlp_cross_attention/run_000/last.ckpt,900674f94996e9b2f5190e7cd8bac4486d09332daaf131226f7f107123274de1,dfec9cbb2afe6616194c1fb41430c0c5d2bc4208,3,val,crop_bottom_side,rot90,rot90 -> crop_bottom_side,"pair (f,g): fgx=f(g(x)); task-token order [g,f] means g -> f",128,128,128,image_final_norm,42,78000,256,256,0.01,2,"{""fixed_ranks"": [1, 2, 4, 8, 16, 32], ""variance_thresholds"": [0.9, 0.95]}",synthetic_context_on_atomic_id,146,rot90^2,I,0.2572728932320701,0,0
/home/ubuntu/cogitao-research/checkpoints/cogitao_vit_cross_attention/cogitao_c1_experiment_3_vit6_function_mlp_cross_attention/run_000/last.ckpt,900674f94996e9b2f5190e7cd8bac4486d09332daaf131226f7f107123274de1,dfec9cbb2afe6616194c1fb41430c0c5d2bc4208,3,val,crop_bottom_side,rot90,rot90 -> crop_bottom_side,"pair (f,g): fgx=f(g(x)); task-token order [g,f] means g -> f",128,128,128,image_final_norm,42,78000,256,256,0.01,2,"{""fixed_ranks"": [1, 2, 4, 8, 16, 32], ""variance_thresholds"": [0.9, 0.95]}",synthetic_context_on_atomic_id,228,rot90^2,I,0.2671249914378551,0,0
/home/ubuntu/cogitao-research/checkpoints/cogitao_vit_cross_attention/cogitao_c1_experiment_3_vit6_function_mlp_cross_attention/run_000/last.ckpt,900674f94996e9b2f5190e7cd8bac4486d09332daaf131226f7f107123274de1,dfec9cbb2afe6616194c1fb41430c0c5d2bc4208,3,test,crop_bottom_side,rot90,rot90 -> crop_bottom_side,"pair (f,g): fgx=f(g(x)); task-token order [g,f] means g -> f",128,128,128,image_input_tokens,42,78000,256,256,0.01,2,"{""fixed_ranks"": [1, 2, 4, 8, 16, 32], ""variance_thresholds"": [0.9, 0.95]}",synthetic_context_on_atomic_id,173,fx,fgx,0.011844487064925191,0,1
/home/ubuntu/cogitao-research/checkpoints/cogitao_vit_cross_attention/cogitao_c1_experiment_3_vit6_function_mlp_cross_attention/run_000/last.ckpt,900674f94996e9b2f5190e7cd8bac4486d09332daaf131226f7f107123274de1,dfec9cbb2afe6616194c1fb41430c0c5d2bc4208,3,test,crop_bottom_side,rot90,rot90 -> crop_bottom_side,"pair (f,g): fgx=f(g(x)); task-token order [g,f] means g -> f",128,128,128,image_input_tokens,42,78000,256,256,0.01,2,"{""fixed_ranks"": [1, 2, 4, 8, 16, 32], ""variance_thresholds"": [0.9, 0.95]}",synthetic_context_on_atomic_id,100,crop_bottom_side^2,crop_bottom_side,0.011385369490892288,0,1
/home/ubuntu/cogitao-research/checkpoints/cogitao_vit_cross_attention/cogitao_c1_experiment_3_vit6_function_mlp_cross_attention/run_000/last.ckpt,900674f94996e9b2f5190e7cd8bac4486d09332daaf131226f7f107123274de1,dfec9cbb2afe6616194c1fb41430c0c5d2bc4208,3,test,crop_bottom_side,rot90,rot90 -> crop_bottom_side,"pair (f,g): fgx=f(g(x)); task-token order [g,f] means g -> f",128,128,128,image_input_tokens,42,78000,256,256,0.01,2,"{""fixed_ranks"": [1, 2, 4, 8, 16, 32], ""variance_thresholds"": [0.9, 0.95]}",synthetic_context_on_atomic_id,58,crop_bottom_side^2,crop_bottom_side,0.021559745347730513,0,1
/home/ubuntu/cogitao-research/checkpoints/cogitao_vit_cross_attention/cogitao_c1_experiment_3_vit6_function_mlp_cross_attention/run_000/last.ckpt,900674f94996e9b2f5190e7cd8bac4486d09332daaf131226f7f107123274de1,dfec9cbb2afe6616194c1fb41430c0c5d2bc4208,3,test,crop_bottom_side,rot90,rot90 -> crop_bottom_side,"pair (f,g): fgx=f(g(x)); task-token order [g,f] means g -> f",128,128,128,image_block_01,42,78000,256,256,0.01,2,"{""fixed_ranks"": [1, 2, 4, 8, 16, 32], ""variance_thresholds"": [0.9, 0.95]}",synthetic_context_on_atomic_id,173,fx,fgx,0.10008360871764835,0,0
/home/ubuntu/cogitao-research/checkpoints/cogitao_vit_cross_attention/cogitao_c1_experiment_3_vit6_function_mlp_cross_attention/run_000/last.ckpt,900674f94996e9b2f5190e7cd8bac4486d09332daaf131226f7f107123274de1,dfec9cbb2afe6616194c1fb41430c0c5d2bc4208,3,test,crop_bottom_side,rot90,rot90 -> crop_bottom_side,"pair (f,g): fgx=f(g(x)); task-token order [g,f] means g -> f",128,128,128,image_block_01,42,78000,256,256,0.01,2,"{""fixed_ranks"": [1, 2, 4, 8, 16, 32], ""variance_thresholds"": [0.9, 0.95]}",synthetic_context_on_atomic_id,100,crop_bottom_side^2,crop_bottom_side,0.1422337025895389,0,0
/home/ubuntu/cogitao-research/checkpoints/cogitao_vit_cross_attention/cogitao_c1_experiment_3_vit6_function_mlp_cross_attention/run_000/last.ckpt,900674f94996e9b2f5190e7cd8bac4486d09332daaf131226f7f107123274de1,dfec9cbb2afe6616194c1fb41430c0c5d2bc4208,3,test,crop_bottom_side,rot90,rot90 -> crop_bottom_side,"pair (f,g): fgx=f(g(x)); task-token order [g,f] means g -> f",128,128,128,image_block_01,42,78000,256,256,0.01,2,"{""fixed_ranks"": [1, 2, 4, 8, 16, 32], ""variance_thresholds"": [0.9, 0.95]}",synthetic_context_on_atomic_id,58,crop_bottom_side^2,crop_bottom_side,0.19226044166290798,0,0
/home/ubuntu/cogitao-research/checkpoints/cogitao_vit_cross_attention/cogitao_c1_experiment_3_vit6_function_mlp_cross_attention/run_000/last.ckpt,900674f94996e9b2f5190e7cd8bac4486d09332daaf131226f7f107123274de1,dfec9cbb2afe6616194c1fb41430c0c5d2bc4208,3,test,crop_bottom_side,rot90,rot90 -> crop_bottom_side,"pair (f,g): fgx=f(g(x)); task-token order [g,f] means g -> f",128,128,128,image_block_02,42,78000,256,256,0.01,2,"{""fixed_ranks"": [1, 2, 4, 8, 16, 32], ""variance_thresholds"": [0.9, 0.95]}",synthetic_context_on_atomic_id,173,fx,fgx,0.1273778556809769,0,0
/home/ubuntu/cogitao-research/checkpoints/cogitao_vit_cross_attention/cogitao_c1_experiment_3_vit6_function_mlp_cross_attention/run_000/last.ckpt,900674f94996e9b2f5190e7cd8bac4486d09332daaf131226f7f107123274de1,dfec9cbb2afe6616194c1fb41430c0c5d2bc4208,3,test,crop_bottom_side,rot90,rot90 -> crop_bottom_side,"pair (f,g): fgx=f(g(x)); task-token order [g,f] means g -> f",128,128,128,image_block_02,42,78000,256,256,0.01,2,"{""fixed_ranks"": [1, 2, 4, 8, 16, 32], ""variance_thresholds"": [0.9, 0.95]}",synthetic_context_on_atomic_id,100,crop_bottom_side^2,crop_bottom_side,0.17572837928024085,0,0
/home/ubuntu/cogitao-research/checkpoints/cogitao_vit_cross_attention/cogitao_c1_experiment_3_vit6_function_mlp_cross_attention/run_000/last.ckpt,900674f94996e9b2f5190e7cd8bac4486d09332daaf131226f7f107123274de1,dfec9cbb2afe6616194c1fb41430c0c5d2bc4208,3,test,crop_bottom_side,rot90,rot90 -> crop_bottom_side,"pair (f,g): fgx=f(g(x)); task-token order [g,f] means g -> f",128,128,128,image_block_02,42,78000,256,256,0.01,2,"{""fixed_ranks"": [1, 2, 4, 8, 16, 32], ""variance_thresholds"": [0.9, 0.95]}",synthetic_context_on_atomic_id,58,crop_bottom_side^2,crop_bottom_side,0.2119185934831068,0,0
/home/ubuntu/cogitao-research/checkpoints/cogitao_vit_cross_attention/cogitao_c1_experiment_3_vit6_function_mlp_cross_attention/run_000/last.ckpt,900674f94996e9b2f5190e7cd8bac4486d09332daaf131226f7f107123274de1,dfec9cbb2afe6616194c1fb41430c0c5d2bc4208,3,test,crop_bottom_side,rot90,rot90 -> crop_bottom_side,"pair (f,g): fgx=f(g(x)); task-token order [g,f] means g -> f",128,128,128,image_block_03,42,78000,256,256,0.01,2,"{""fixed_ranks"": [1, 2, 4, 8, 16, 32], ""variance_thresholds"": [0.9, 0.95]}",synthetic_context_on_atomic_id,173,fx,fgx,0.1650037324397318,0,0
/home/ubuntu/cogitao-research/checkpoints/cogitao_vit_cross_attention/cogitao_c1_experiment_3_vit6_function_mlp_cross_attention/run_000/last.ckpt,900674f94996e9b2f5190e7cd8bac4486d09332daaf131226f7f107123274de1,dfec9cbb2afe6616194c1fb41430c0c5d2bc4208,3,test,crop_bottom_side,rot90,rot90 -> crop_bottom_side,"pair (f,g): fgx=f(g(x)); task-token order [g,f] means g -> f",128,128,128,image_block_03,42,78000,256,256,0.01,2,"{""fixed_ranks"": [1, 2, 4, 8, 16, 32], ""variance_thresholds"": [0.9, 0.95]}",synthetic_context_on_atomic_id,100,crop_bottom_side^2,crop_bottom_side,0.23769328273255524,0,0
/home/ubuntu/cogitao-research/checkpoints/cogitao_vit_cross_attention/cogitao_c1_experiment_3_vit6_function_mlp_cross_attention/run_000/last.ckpt,900674f94996e9b2f5190e7cd8bac4486d09332daaf131226f7f107123274de1,dfec9cbb2afe6616194c1fb41430c0c5d2bc4208,3,test,crop_bottom_side,rot90,rot90 -> crop_bottom_side,"pair (f,g): fgx=f(g(x)); task-token order [g,f] means g -> f",128,128,128,image_block_03,42,78000,256,256,0.01,2,"{""fixed_ranks"": [1, 2, 4, 8, 16, 32], ""variance_thresholds"": [0.9, 0.95]}",synthetic_context_on_atomic_id,58,crop_bottom_side^2,crop_bottom_side,0.24487095281444043,0,0
/home/ubuntu/cogitao-research/checkpoints/cogitao_vit_cross_attention/cogitao_c1_experiment_3_vit6_function_mlp_cross_attention/run_000/last.ckpt,900674f94996e9b2f5190e7cd8bac4486d09332daaf131226f7f107123274de1,dfec9cbb2afe6616194c1fb41430c0c5d2bc4208,3,test,crop_bottom_side,rot90,rot90 -> crop_bottom_side,"pair (f,g): fgx=f(g(x)); task-token order [g,f] means g -> f",128,128,128,image_block_04,42,78000,256,256,0.01,2,"{""fixed_ranks"": [1, 2, 4, 8, 16, 32], ""variance_thresholds"": [0.9, 0.95]}",synthetic_context_on_atomic_id,173,fx,fgx,0.15638846394504302,0,0
/home/ubuntu/cogitao-research/checkpoints/cogitao_vit_cross_attention/cogitao_c1_experiment_3_vit6_function_mlp_cross_attention/run_000/last.ckpt,900674f94996e9b2f5190e7cd8bac4486d09332daaf131226f7f107123274de1,dfec9cbb2afe6616194c1fb41430c0c5d2bc4208,3,test,crop_bottom_side,rot90,rot90 -> crop_bottom_side,"pair (f,g): fgx=f(g(x)); task-token order [g,f] means g -> f",128,128,128,image_block_04,42,78000,256,256,0.01,2,"{""fixed_ranks"": [1, 2, 4, 8, 16, 32], ""variance_thresholds"": [0.9, 0.95]}",synthetic_context_on_atomic_id,100,crop_bottom_side^2,crop_bottom_side,0.27689682156212597,0,0
/home/ubuntu/cogitao-research/checkpoints/cogitao_vit_cross_attention/cogitao_c1_experiment_3_vit6_function_mlp_cross_attention/run_000/last.ckpt,900674f94996e9b2f5190e7cd8bac4486d09332daaf131226f7f107123274de1,dfec9cbb2afe6616194c1fb41430c0c5d2bc4208,3,test,crop_bottom_side,rot90,rot90 -> crop_bottom_side,"pair (f,g): fgx=f(g(x)); task-token order [g,f] means g -> f",128,128,128,image_block_04,42,78000,256,256,0.01,2,"{""fixed_ranks"": [1, 2, 4, 8, 16, 32], ""variance_thresholds"": [0.9, 0.95]}",synthetic_context_on_atomic_id,58,crop_bottom_side^2,crop_bottom_side,0.21818497450748645,0,0
/home/ubuntu/cogitao-research/checkpoints/cogitao_vit_cross_attention/cogitao_c1_experiment_3_vit6_function_mlp_cross_attention/run_000/last.ckpt,900674f94996e9b2f5190e7cd8bac4486d09332daaf131226f7f107123274de1,dfec9cbb2afe6616194c1fb41430c0c5d2bc4208,3,test,crop_bottom_side,rot90,rot90 -> crop_bottom_side,"pair (f,g): fgx=f(g(x)); task-token order [g,f] means g -> f",128,128,128,image_block_05,42,78000,256,256,0.01,2,"{""fixed_ranks"": [1, 2, 4, 8, 16, 32], ""variance_thresholds"": [0.9, 0.95]}",synthetic_context_on_atomic_id,173,fx,fgx,0.17377681404792694,0,0
/home/ubuntu/cogitao-research/checkpoints/cogitao_vit_cross_attention/cogitao_c1_experiment_3_vit6_function_mlp_cross_attention/run_000/last.ckpt,900674f94996e9b2f5190e7cd8bac4486d09332daaf131226f7f107123274de1,dfec9cbb2afe6616194c1fb41430c0c5d2bc4208,3,test,crop_bottom_side,rot90,rot90 -> crop_bottom_side,"pair (f,g): fgx=f(g(x)); task-token order [g,f] means g -> f",128,128,128,image_block_05,42,78000,256,256,0.01,2,"{""fixed_ranks"": [1, 2, 4, 8, 16, 32], ""variance_thresholds"": [0.9, 0.95]}",synthetic_context_on_atomic_id,100,crop_bottom_side^2,crop_bottom_side,0.2341576289832338,0,0
/home/ubuntu/cogitao-research/checkpoints/cogitao_vit_cross_attention/cogitao_c1_experiment_3_vit6_function_mlp_cross_attention/run_000/last.ckpt,900674f94996e9b2f5190e7cd8bac4486d09332daaf131226f7f107123274de1,dfec9cbb2afe6616194c1fb41430c0c5d2bc4208,3,test,crop_bottom_side,rot90,rot90 -> crop_bottom_side,"pair (f,g): fgx=f(g(x)); task-token order [g,f] means g -> f",128,128,128,image_block_05,42,78000,256,256,0.01,2,"{""fixed_ranks"": [1, 2, 4, 8, 16, 32], ""variance_thresholds"": [0.9, 0.95]}",synthetic_context_on_atomic_id,58,crop_bottom_side^2,crop_bottom_side,0.21559540508557223,0,0
/home/ubuntu/cogitao-research/checkpoints/cogitao_vit_cross_attention/cogitao_c1_experiment_3_vit6_function_mlp_cross_attention/run_000/last.ckpt,900674f94996e9b2f5190e7cd8bac4486d09332daaf131226f7f107123274de1,dfec9cbb2afe6616194c1fb41430c0c5d2bc4208,3,test,crop_bottom_side,rot90,rot90 -> crop_bottom_side,"pair (f,g): fgx=f(g(x)); task-token order [g,f] means g -> f",128,128,128,image_block_06,42,78000,256,256,0.01,2,"{""fixed_ranks"": [1, 2, 4, 8, 16, 32], ""variance_thresholds"": [0.9, 0.95]}",synthetic_context_on_atomic_id,173,fx,fgx,0.2227684834850187,0,0
/home/ubuntu/cogitao-research/checkpoints/cogitao_vit_cross_attention/cogitao_c1_experiment_3_vit6_function_mlp_cross_attention/run_000/last.ckpt,900674f94996e9b2f5190e7cd8bac4486d09332daaf131226f7f107123274de1,dfec9cbb2afe6616194c1fb41430c0c5d2bc4208,3,test,crop_bottom_side,rot90,rot90 -> crop_bottom_side,"pair (f,g): fgx=f(g(x)); task-token order [g,f] means g -> f",128,128,128,image_block_06,42,78000,256,256,0.01,2,"{""fixed_ranks"": [1, 2, 4, 8, 16, 32], ""variance_thresholds"": [0.9, 0.95]}",synthetic_context_on_atomic_id,100,crop_bottom_side^2,crop_bottom_side,0.3517359006111972,0,0
/home/ubuntu/cogitao-research/checkpoints/cogitao_vit_cross_attention/cogitao_c1_experiment_3_vit6_function_mlp_cross_attention/run_000/last.ckpt,900674f94996e9b2f5190e7cd8bac4486d09332daaf131226f7f107123274de1,dfec9cbb2afe6616194c1fb41430c0c5d2bc4208,3,test,crop_bottom_side,rot90,rot90 -> crop_bottom_side,"pair (f,g): fgx=f(g(x)); task-token order [g,f] means g -> f",128,128,128,image_block_06,42,78000,256,256,0.01,2,"{""fixed_ranks"": [1, 2, 4, 8, 16, 32], ""variance_thresholds"": [0.9, 0.95]}",synthetic_context_on_atomic_id,58,crop_bottom_side^2,crop_bottom_side,0.29141253160433084,0,0
/home/ubuntu/cogitao-research/checkpoints/cogitao_vit_cross_attention/cogitao_c1_experiment_3_vit6_function_mlp_cross_attention/run_000/last.ckpt,900674f94996e9b2f5190e7cd8bac4486d09332daaf131226f7f107123274de1,dfec9cbb2afe6616194c1fb41430c0c5d2bc4208,3,test,crop_bottom_side,rot90,rot90 -> crop_bottom_side,"pair (f,g): fgx=f(g(x)); task-token order [g,f] means g -> f",128,128,128,image_final_norm,42,78000,256,256,0.01,2,"{""fixed_ranks"": [1, 2, 4, 8, 16, 32], ""variance_thresholds"": [0.9, 0.95]}",synthetic_context_on_atomic_id,173,fx,fgx,0.19857161517584532,0,0
/home/ubuntu/cogitao-research/checkpoints/cogitao_vit_cross_attention/cogitao_c1_experiment_3_vit6_function_mlp_cross_attention/run_000/last.ckpt,900674f94996e9b2f5190e7cd8bac4486d09332daaf131226f7f107123274de1,dfec9cbb2afe6616194c1fb41430c0c5d2bc4208,3,test,crop_bottom_side,rot90,rot90 -> crop_bottom_side,"pair (f,g): fgx=f(g(x)); task-token order [g,f] means g -> f",128,128,128,image_final_norm,42,78000,256,256,0.01,2,"{""fixed_ranks"": [1, 2, 4, 8, 16, 32], ""variance_thresholds"": [0.9, 0.95]}",synthetic_context_on_atomic_id,100,crop_bottom_side^2,crop_bottom_side,0.33214416458540047,0,0
/home/ubuntu/cogitao-research/checkpoints/cogitao_vit_cross_attention/cogitao_c1_experiment_3_vit6_function_mlp_cross_attention/run_000/last.ckpt,900674f94996e9b2f5190e7cd8bac4486d09332daaf131226f7f107123274de1,dfec9cbb2afe6616194c1fb41430c0c5d2bc4208,3,test,crop_bottom_side,rot90,rot90 -> crop_bottom_side,"pair (f,g): fgx=f(g(x)); task-token order [g,f] means g -> f",128,128,128,image_final_norm,42,78000,256,256,0.01,2,"{""fixed_ranks"": [1, 2, 4, 8, 16, 32], ""variance_thresholds"": [0.9, 0.95]}",synthetic_context_on_atomic_id,58,crop_bottom_side^2,crop_bottom_side,0.27430911662327245,0,0
/home/ubuntu/cogitao-research/checkpoints/cogitao_vit_cross_attention/cogitao_c1_experiment_3_vit6_function_mlp_cross_attention/run_000/last.ckpt,900674f94996e9b2f5190e7cd8bac4486d09332daaf131226f7f107123274de1,dfec9cbb2afe6616194c1fb41430c0c5d2bc4208,3,test_ood,crop_bottom_side,rot90,rot90 -> crop_bottom_side,"pair (f,g): fgx=f(g(x)); task-token order [g,f] means g -> f",128,128,128,image_input_tokens,42,78000,256,256,0.01,2,"{""fixed_ranks"": [1, 2, 4, 8, 16, 32], ""variance_thresholds"": [0.9, 0.95]}",recorded_ood,467,rot90^2,I,0.030040950629653913,0,1
/home/ubuntu/cogitao-research/checkpoints/cogitao_vit_cross_attention/cogitao_c1_experiment_3_vit6_function_mlp_cross_attention/run_000/last.ckpt,900674f94996e9b2f5190e7cd8bac4486d09332daaf131226f7f107123274de1,dfec9cbb2afe6616194c1fb41430c0c5d2bc4208,3,test_ood,crop_bottom_side,rot90,rot90 -> crop_bottom_side,"pair (f,g): fgx=f(g(x)); task-token order [g,f] means g -> f",128,128,128,image_block_01,42,78000,256,256,0.01,2,"{""fixed_ranks"": [1, 2, 4, 8, 16, 32], ""variance_thresholds"": [0.9, 0.95]}",recorded_ood,467,rot90^2,I,0.15961475136696834,0,0
/home/ubuntu/cogitao-research/checkpoints/cogitao_vit_cross_attention/cogitao_c1_experiment_3_vit6_function_mlp_cross_attention/run_000/last.ckpt,900674f94996e9b2f5190e7cd8bac4486d09332daaf131226f7f107123274de1,dfec9cbb2afe6616194c1fb41430c0c5d2bc4208,3,test_ood,crop_bottom_side,rot90,rot90 -> crop_bottom_side,"pair (f,g): fgx=f(g(x)); task-token order [g,f] means g -> f",128,128,128,image_block_02,42,78000,256,256,0.01,2,"{""fixed_ranks"": [1, 2, 4, 8, 16, 32], ""variance_thresholds"": [0.9, 0.95]}",recorded_ood,467,rot90^2,I,0.1969753636350176,0,0
/home/ubuntu/cogitao-research/checkpoints/cogitao_vit_cross_attention/cogitao_c1_experiment_3_vit6_function_mlp_cross_attention/run_000/last.ckpt,900674f94996e9b2f5190e7cd8bac4486d09332daaf131226f7f107123274de1,dfec9cbb2afe6616194c1fb41430c0c5d2bc4208,3,test_ood,crop_bottom_side,rot90,rot90 -> crop_bottom_side,"pair (f,g): fgx=f(g(x)); task-token order [g,f] means g -> f",128,128,128,image_block_03,42,78000,256,256,0.01,2,"{""fixed_ranks"": [1, 2, 4, 8, 16, 32], ""variance_thresholds"": [0.9, 0.95]}",recorded_ood,467,rot90^2,I,0.41767686848806956,0,0
/home/ubuntu/cogitao-research/checkpoints/cogitao_vit_cross_attention/cogitao_c1_experiment_3_vit6_function_mlp_cross_attention/run_000/last.ckpt,900674f94996e9b2f5190e7cd8bac4486d09332daaf131226f7f107123274de1,dfec9cbb2afe6616194c1fb41430c0c5d2bc4208,3,test_ood,crop_bottom_side,rot90,rot90 -> crop_bottom_side,"pair (f,g): fgx=f(g(x)); task-token order [g,f] means g -> f",128,128,128,image_block_04,42,78000,256,256,0.01,2,"{""fixed_ranks"": [1, 2, 4, 8, 16, 32], ""variance_thresholds"": [0.9, 0.95]}",recorded_ood,467,rot90^2,I,0.3165808257593393,0,0
/home/ubuntu/cogitao-research/checkpoints/cogitao_vit_cross_attention/cogitao_c1_experiment_3_vit6_function_mlp_cross_attention/run_000/last.ckpt,900674f94996e9b2f5190e7cd8bac4486d09332daaf131226f7f107123274de1,dfec9cbb2afe6616194c1fb41430c0c5d2bc4208,3,test_ood,crop_bottom_side,rot90,rot90 -> crop_bottom_side,"pair (f,g): fgx=f(g(x)); task-token order [g,f] means g -> f",128,128,128,image_block_05,42,78000,256,256,0.01,2,"{""fixed_ranks"": [1, 2, 4, 8, 16, 32], ""variance_thresholds"": [0.9, 0.95]}",recorded_ood,467,rot90^2,I,0.411609748338152,0,0
/home/ubuntu/cogitao-research/checkpoints/cogitao_vit_cross_attention/cogitao_c1_experiment_3_vit6_function_mlp_cross_attention/run_000/last.ckpt,900674f94996e9b2f5190e7cd8bac4486d09332daaf131226f7f107123274de1,dfec9cbb2afe6616194c1fb41430c0c5d2bc4208,3,test_ood,crop_bottom_side,rot90,rot90 -> crop_bottom_side,"pair (f,g): fgx=f(g(x)); task-token order [g,f] means g -> f",128,128,128,image_block_06,42,78000,256,256,0.01,2,"{""fixed_ranks"": [1, 2, 4, 8, 16, 32], ""variance_thresholds"": [0.9, 0.95]}",recorded_ood,467,rot90^2,I,0.41646059351147463,0,0
/home/ubuntu/cogitao-research/checkpoints/cogitao_vit_cross_attention/cogitao_c1_experiment_3_vit6_function_mlp_cross_attention/run_000/last.ckpt,900674f94996e9b2f5190e7cd8bac4486d09332daaf131226f7f107123274de1,dfec9cbb2afe6616194c1fb41430c0c5d2bc4208,3,test_ood,crop_bottom_side,rot90,rot90 -> crop_bottom_side,"pair (f,g): fgx=f(g(x)); task-token order [g,f] means g -> f",128,128,128,image_final_norm,42,78000,256,256,0.01,2,"{""fixed_ranks"": [1, 2, 4, 8, 16, 32], ""variance_thresholds"": [0.9, 0.95]}",recorded_ood,467,rot90^2,I,0.3964785846299663,0,0
