checkpoint_path,checkpoint_sha256,git_commit,experiment_id,split,f,g,program,function_ordering,oracle_valid_count,model_sample_count,sample_count,layer,seed,global_step,probe_fit_sample_count,g_probe_fit_sample_count,ridge,pool_grid,pca_settings,source_kind,status,oracle_intermediate_reinference_match_fraction,resize_oracle_order_pixel_defect,resize_oracle_order_valid_samples,input_resize_fraction,A_exact_accuracy,A_cross_entropy,A_nll,A_confidence,A_entropy,A_brier,A_example_ece,A_object_accuracy,A_ece,B_exact_accuracy,B_cross_entropy,B_nll,B_confidence,B_entropy,B_brier,B_example_ece,B_object_accuracy,B_ece,C_first_exact_accuracy,C_first_cross_entropy,C_first_nll,C_first_confidence,C_first_entropy,C_first_brier,C_first_example_ece,C_first_object_accuracy,C_first_ece,C_exact_accuracy,C_cross_entropy,C_nll,C_confidence,C_entropy,C_brier,C_example_ece,C_object_accuracy,C_ece,D_exact_accuracy,D_cross_entropy,D_nll,D_confidence,D_entropy,D_brier,D_example_ece,D_object_accuracy,D_ece
/home/ubuntu/cogitao-research/checkpoints/cogitao_vit_cross_attention/cogitao_c1_experiment_1_vit6_function_mlp_cross_attention/run_000/last.ckpt,c6578b6a655d823b9e27296aaf186e6b5b97bad640fb400cc5f2abaa6f308e6d,dfec9cbb2afe6616194c1fb41430c0c5d2bc4208,1,val,rot90,translate_up,translate_up -> rot90,"pair (f,g): fgx=f(g(x)); task-token order [g,f] means g -> f",128,128,128,,42,78000,256,256,0.01,2,"{""fixed_ranks"": [1, 2, 4, 8, 16, 32], ""variance_thresholds"": [0.9, 0.95]}",synthetic_context_on_atomic_id,ok,1.0,0.038579999999999996,125,1.0,0.5625,0.014043237082660198,5.617294788360596,0.994009256362915,0.01686401292681694,0.006795003544539213,0.005745590664446354,0.9446720844507217,0.0018173657567240298,0.5,0.01638573780655861,6.554294586181641,0.9941240549087524,0.016543224453926086,0.007671338506042957,0.006268106866627932,0.9377775627374649,0.0012764075212180614,0.9140625,0.003549473360180855,1.419789433479309,0.998684823513031,0.004053094424307346,0.0017797870095819235,0.001445690868422389,0.9867058473825454,0.00036050191381946205,0.484375,0.029088687151670456,11.635475158691406,0.9942072629928589,0.016148217022418976,0.010125786997377872,0.007120936643332243,0.9250988563895226,0.002086276914924383,0.0,1.0815927982330322,432.63714599609375,0.99055016040802,0.024565957486629486,0.1496867835521698,0.07449735701084137,0.16322756482288242,0.07153603633400053
/home/ubuntu/cogitao-research/checkpoints/cogitao_vit_cross_attention/cogitao_c1_experiment_1_vit6_function_mlp_cross_attention/run_000/last.ckpt,c6578b6a655d823b9e27296aaf186e6b5b97bad640fb400cc5f2abaa6f308e6d,dfec9cbb2afe6616194c1fb41430c0c5d2bc4208,1,test,rot90,translate_up,translate_up -> rot90,"pair (f,g): fgx=f(g(x)); task-token order [g,f] means g -> f",128,128,128,,42,78000,256,256,0.01,2,"{""fixed_ranks"": [1, 2, 4, 8, 16, 32], ""variance_thresholds"": [0.9, 0.95]}",synthetic_context_on_atomic_id,ok,1.0,0.04282786885245902,122,1.0,0.46875,0.017938880249857903,7.175551891326904,0.9933527708053589,0.018402129411697388,0.009264322929084301,0.006599456071853638,0.9248274863511324,0.001229859019513242,0.4296875,0.018183633685112,7.2734527587890625,0.992862343788147,0.019903985783457756,0.009252926334738731,0.007084472104907036,0.9233363089710475,0.0010541506030131132,0.875,0.0035384483635425568,1.4153791666030884,0.9988076686859131,0.0035496270284056664,0.0018315983470529318,0.001390125253237784,0.9838329070806503,0.00037245837040245533,0.4140625,0.02473028190433979,9.892112731933594,0.9935165643692017,0.018066177144646645,0.010222235694527626,0.007502728141844273,0.919662838280201,0.0020088545221369713,0.0,1.1437065601348877,457.4826354980469,0.990126371383667,0.026123061776161194,0.16180452704429626,0.08060984313488007,0.17190606907010078,0.07759225752670318
/home/ubuntu/cogitao-research/checkpoints/cogitao_vit_cross_attention/cogitao_c1_experiment_1_vit6_function_mlp_cross_attention/run_000/last.ckpt,c6578b6a655d823b9e27296aaf186e6b5b97bad640fb400cc5f2abaa6f308e6d,dfec9cbb2afe6616194c1fb41430c0c5d2bc4208,1,val_ood,rot90,translate_up,translate_up -> rot90,"pair (f,g): fgx=f(g(x)); task-token order [g,f] means g -> f",128,128,128,,42,78000,256,256,0.01,2,"{""fixed_ranks"": [1, 2, 4, 8, 16, 32], ""variance_thresholds"": [0.9, 0.95]}",recorded_ood,ok,1.0,0.03864754098360655,122,1.0,0.5390625,0.021293703466653824,8.517480850219727,0.993840217590332,0.0171951986849308,0.009363158605992794,0.006812938954681158,0.9268195936083793,0.002028932338580489,0.5625,0.022474687546491623,8.989875793457031,0.9932464361190796,0.018972154706716537,0.010584232397377491,0.007503058761358261,0.9225525480508805,0.0015777822211384773,0.9140625,0.002356249373406172,0.9424997568130493,0.9992306232452393,0.0026035048067569733,0.000951430294662714,0.0010153623297810555,0.993812347650528,0.0004139268677681685,0.5546875,0.026850184425711632,10.740073204040527,0.9934139251708984,0.01857738196849823,0.010976362973451614,0.007734671235084534,0.9218935833871365,0.002225708356127143,0.0,1.054194450378418,421.67779541015625,0.9902768135070801,0.02510245144367218,0.14869824051856995,0.07414589822292328,0.17543303961865606,0.07092373301507905
/home/ubuntu/cogitao-research/checkpoints/cogitao_vit_cross_attention/cogitao_c1_experiment_1_vit6_function_mlp_cross_attention/run_000/last.ckpt,c6578b6a655d823b9e27296aaf186e6b5b97bad640fb400cc5f2abaa6f308e6d,dfec9cbb2afe6616194c1fb41430c0c5d2bc4208,1,test_ood,rot90,translate_up,translate_up -> rot90,"pair (f,g): fgx=f(g(x)); task-token order [g,f] means g -> f",128,128,128,,42,78000,256,256,0.01,2,"{""fixed_ranks"": [1, 2, 4, 8, 16, 32], ""variance_thresholds"": [0.9, 0.95]}",recorded_ood,ok,1.0,0.03792682926829269,123,1.0,0.546875,0.014732250943779945,5.892900466918945,0.9940344095230103,0.016796831041574478,0.007803684566169977,0.006603222340345383,0.9397321793437003,0.001312339575961232,0.5390625,0.014950319193303585,5.980128288269043,0.99412602186203,0.016788598150014877,0.007451827172189951,0.006284625269472599,0.9503514805436134,0.0012794057722203434,0.890625,0.001533461268991232,0.613384485244751,0.9992060661315918,0.0025251349434256554,0.0007261434220708907,0.0009095750865526497,0.9940846908092499,0.0004068029695190489,0.515625,0.02203865721821785,8.815463066101074,0.9941209554672241,0.016624249517917633,0.009014420211315155,0.006784362718462944,0.9386986929178237,0.0014575052447617055,0.0,1.0553960800170898,422.15838623046875,0.9898352026939392,0.025923902168869972,0.15040168166160583,0.07439909875392914,0.19233333002775907,0.07098777959588914
/home/ubuntu/cogitao-research/checkpoints/cogitao_vit_cross_attention/cogitao_c1_experiment_2_vit6_function_mlp_cross_attention/run_000/last.ckpt,9fc5e4f84cb131416f158af2b67349dc93c59e82f33086a7eeab2f7d6f335a7f,dfec9cbb2afe6616194c1fb41430c0c5d2bc4208,2,val,change_shape_color,pad_right,pad_right -> change_shape_color,"pair (f,g): fgx=f(g(x)); task-token order [g,f] means g -> f",128,128,128,,42,78000,256,256,0.01,2,"{""fixed_ranks"": [1, 2, 4, 8, 16, 32], ""variance_thresholds"": [0.9, 0.95]}",synthetic_context_on_atomic_id,ok,1.0,0.006191406250000001,128,1.0,1.0,8.691082621226087e-05,0.034764330834150314,0.9999245405197144,0.00023927669099066406,3.347100573591888e-05,7.54415086703375e-05,1.0,7.510117022320628e-05,0.7265625,0.006413295399397612,2.5653181076049805,0.9988056421279907,0.0032677771523594856,0.0030703151132911444,0.002212295774370432,0.9853979313373566,0.0009742543386528268,0.9765625,0.00039096217369660735,0.15638487040996552,0.9998701810836792,0.0004456017632037401,0.00019888936367351562,0.00018113032274413854,0.9982635241746902,9.389799321070313e-05,0.7109375,0.009142114780843258,3.656845808029175,0.9988236427307129,0.003221446182578802,0.003379405941814184,0.0023374371230602264,0.9838912349939347,0.00114993090799544,0.0,1.004253625869751,401.70147705078125,0.9888501167297363,0.02681676857173443,0.19072434306144714,0.09473159909248352,0.10468241927213967,0.09297144724056125
/home/ubuntu/cogitao-research/checkpoints/cogitao_vit_cross_attention/cogitao_c1_experiment_2_vit6_function_mlp_cross_attention/run_000/last.ckpt,9fc5e4f84cb131416f158af2b67349dc93c59e82f33086a7eeab2f7d6f335a7f,dfec9cbb2afe6616194c1fb41430c0c5d2bc4208,2,test,change_shape_color,pad_right,pad_right -> change_shape_color,"pair (f,g): fgx=f(g(x)); task-token order [g,f] means g -> f",128,128,128,,42,78000,256,256,0.01,2,"{""fixed_ranks"": [1, 2, 4, 8, 16, 32], ""variance_thresholds"": [0.9, 0.95]}",synthetic_context_on_atomic_id,ok,1.0,0.0078515625,128,1.0,0.9921875,0.00019784868345595896,0.07913947105407715,0.9998518228530884,0.0003899186267517507,0.00010440345795359462,0.00015634766896255314,0.9995404410362243,0.00012828650535084307,0.765625,0.005200680810958147,2.0802721977233887,0.9987478256225586,0.003490169532597065,0.0024063109885901213,0.001851055072620511,0.9879288733005522,0.0005900575686246157,0.9609375,0.002756175585091114,1.1024702787399292,0.9996548891067505,0.0008953013457357883,0.0009531055111438036,0.00063835404580459,0.9951046457886695,0.0004824874736368656,0.7578125,0.011835804209113121,4.7343220710754395,0.9987770915031433,0.00341302203014493,0.003404553048312664,0.0023093591444194317,0.9836515414714813,0.0010365252383053303,0.0,1.0233349800109863,409.333984375,0.9892516732215881,0.02633087709546089,0.19208833575248718,0.09596407413482666,0.12011758418753743,0.09364621065324172
/home/ubuntu/cogitao-research/checkpoints/cogitao_vit_cross_attention/cogitao_c1_experiment_2_vit6_function_mlp_cross_attention/run_000/last.ckpt,9fc5e4f84cb131416f158af2b67349dc93c59e82f33086a7eeab2f7d6f335a7f,dfec9cbb2afe6616194c1fb41430c0c5d2bc4208,2,val_ood,change_shape_color,pad_right,pad_right -> change_shape_color,"pair (f,g): fgx=f(g(x)); task-token order [g,f] means g -> f",128,128,128,,42,78000,256,256,0.01,2,"{""fixed_ranks"": [1, 2, 4, 8, 16, 32], ""variance_thresholds"": [0.9, 0.95]}",recorded_ood,ok,1.0,0.00685546875,128,1.0,0.984375,0.00019496296590659767,0.07798518240451813,0.999863862991333,0.0004010999109596014,0.00010153412586078048,0.00015191806596703827,0.9992187505960464,0.00015164864948019385,0.75,0.007260284386575222,2.904113531112671,0.9985944032669067,0.003948362544178963,0.0031853504478931427,0.0022674263454973698,0.9873948162794113,0.0007475697784684598,0.953125,0.0008743763901293278,0.3497505784034729,0.9995777606964111,0.0011711179977282882,0.0004988314467482269,0.0004913226584903896,0.9969355201721191,0.00028706637676805257,0.734375,0.012941590510308743,5.176636695861816,0.9986027479171753,0.0039748018607497215,0.00404018722474575,0.0026532162446528673,0.9833204406499862,0.0011575885186903179,0.0,0.9657780528068542,386.31121826171875,0.9898055791854858,0.024484772235155106,0.17993396520614624,0.08975787460803986,0.1182070767134428,0.08784718132345005
/home/ubuntu/cogitao-research/checkpoints/cogitao_vit_cross_attention/cogitao_c1_experiment_2_vit6_function_mlp_cross_attention/run_000/last.ckpt,9fc5e4f84cb131416f158af2b67349dc93c59e82f33086a7eeab2f7d6f335a7f,dfec9cbb2afe6616194c1fb41430c0c5d2bc4208,2,test_ood,change_shape_color,pad_right,pad_right -> change_shape_color,"pair (f,g): fgx=f(g(x)); task-token order [g,f] means g -> f",128,128,128,,42,78000,256,256,0.01,2,"{""fixed_ranks"": [1, 2, 4, 8, 16, 32], ""variance_thresholds"": [0.9, 0.95]}",recorded_ood,ok,1.0,0.007031250000000001,128,1.0,0.96875,0.0009716228814795613,0.3886491060256958,0.9998689889907837,0.0003893315442837775,0.0005077599780634046,0.00030216830782592297,0.9976121592521667,0.000247463388950564,0.671875,0.00810215249657631,3.240861415863037,0.9983486533164978,0.004387653432786465,0.0038885173853486776,0.002513094339519739,0.9805972874164581,0.0011024854774586857,0.9609375,0.0013842314947396517,0.5536925792694092,0.9997231960296631,0.0008357294136658311,0.0005970674683339894,0.0004988173022866249,0.9982296913862229,0.0003611748229013756,0.6640625,0.011866770684719086,4.746708869934082,0.9984290599822998,0.0042643360793590546,0.004244251176714897,0.002694576047360897,0.9797928512096405,0.0013250133511610329,0.0,0.9116102457046509,364.64410400390625,0.98973548412323,0.024506770074367523,0.173704594373703,0.08657581359148026,0.11066420888528228,0.08461827415041626
/home/ubuntu/cogitao-research/checkpoints/cogitao_vit_cross_attention/cogitao_c1_experiment_3_vit6_function_mlp_cross_attention/run_000/last.ckpt,900674f94996e9b2f5190e7cd8bac4486d09332daaf131226f7f107123274de1,dfec9cbb2afe6616194c1fb41430c0c5d2bc4208,3,val,crop_bottom_side,rot90,rot90 -> crop_bottom_side,"pair (f,g): fgx=f(g(x)); task-token order [g,f] means g -> f",128,128,128,,42,78000,256,256,0.01,2,"{""fixed_ranks"": [1, 2, 4, 8, 16, 32], ""variance_thresholds"": [0.9, 0.95]}",synthetic_context_on_atomic_id,ok,0.9453125,0.026169724770642205,109,1.0,0.640625,0.05460909381508827,21.843639373779297,0.9997061491012573,0.0007571106543764472,0.008338505402207375,0.004362712614238262,0.879797905087471,0.004090545731596649,0.4375,0.07668092101812363,30.672367095947266,0.9993630051612854,0.0017104668077081442,0.013109313324093819,0.006816383916884661,0.8314703001081943,0.006316661089658737,0.6953125,0.00814167968928814,3.2566723823547363,0.9984942078590393,0.0037548881955444813,0.003539993893355131,0.002627583686262369,0.9758137571811676,0.0011077126953750848,0.3515625,0.10524415224790573,42.09766387939453,0.9994380474090576,0.0014633210375905037,0.0152050806209445,0.007883880287408829,0.8129808296263218,0.007435707831755281,0.0,0.45363008975982666,181.45204162597656,0.9932942390441895,0.01610073447227478,0.10665376484394073,0.054966360330581665,0.30304548449814317,0.051850401845294984
/home/ubuntu/cogitao-research/checkpoints/cogitao_vit_cross_attention/cogitao_c1_experiment_3_vit6_function_mlp_cross_attention/run_000/last.ckpt,900674f94996e9b2f5190e7cd8bac4486d09332daaf131226f7f107123274de1,dfec9cbb2afe6616194c1fb41430c0c5d2bc4208,3,test,crop_bottom_side,rot90,rot90 -> crop_bottom_side,"pair (f,g): fgx=f(g(x)); task-token order [g,f] means g -> f",128,128,128,,42,78000,256,256,0.01,2,"{""fixed_ranks"": [1, 2, 4, 8, 16, 32], ""variance_thresholds"": [0.9, 0.95]}",synthetic_context_on_atomic_id,ok,0.9609375,0.024426605504587154,109,1.0,0.6484375,0.04275456443428993,17.10182762145996,0.9996674060821533,0.0009687358397059143,0.006358774844557047,0.003390592522919178,0.9157146145403385,0.0031560618290677666,0.640625,0.04281347244977951,17.12538719177246,0.9995288848876953,0.0012269341386854649,0.006880777422338724,0.003731361124664545,0.9135876801609993,0.003224324733018875,0.7109375,0.008569028228521347,3.4276113510131836,0.9987815618515015,0.0032820324413478374,0.0035219346173107624,0.002412875648587942,0.9751413536071778,0.0011055071977898478,0.5390625,0.06705306470394135,26.82122802734375,0.9995440244674683,0.0012236713664606214,0.009098038077354431,0.004786352626979351,0.8941550108790397,0.004385819958988577,0.0,0.4368991553783417,174.75967407226562,0.9927505850791931,0.017196297645568848,0.10274073481559753,0.05300973355770111,0.3081728214398026,0.04900072132702917
/home/ubuntu/cogitao-research/checkpoints/cogitao_vit_cross_attention/cogitao_c1_experiment_3_vit6_function_mlp_cross_attention/run_000/last.ckpt,900674f94996e9b2f5190e7cd8bac4486d09332daaf131226f7f107123274de1,dfec9cbb2afe6616194c1fb41430c0c5d2bc4208,3,val_ood,crop_bottom_side,rot90,rot90 -> crop_bottom_side,"pair (f,g): fgx=f(g(x)); task-token order [g,f] means g -> f",128,128,128,,42,78000,256,256,0.01,2,"{""fixed_ranks"": [1, 2, 4, 8, 16, 32], ""variance_thresholds"": [0.9, 0.95]}",recorded_ood,ok,0.9296875,0.027129629629629635,108,1.0,0.9921875,0.00020721055625472218,0.08288422226905823,0.999830961227417,0.00046243268297985196,9.819114347919822e-05,0.0001494098105467856,0.9997767859697342,0.00014921906171366572,0.78125,0.01427159458398819,5.708637237548828,0.9996094703674316,0.001063789241015911,0.0034523610956966877,0.0019581906963139772,0.9610178253054619,0.0016361686843447388,0.6640625,0.006513241678476334,2.6052968502044678,0.9984398484230042,0.0042418912053108215,0.003223210107535124,0.002539769746363163,0.9802463626861572,0.0007900501450058073,0.65625,0.03306761384010315,13.227045059204102,0.9996009469032288,0.0010791614186018705,0.005390152335166931,0.0029108633752912283,0.9440269997715949,0.002590561599936336,0.0,0.558295726776123,223.31829833984375,0.9922058582305908,0.01886436715722084,0.12329324334859848,0.0632048174738884,0.29480255814269185,0.05931919257855043
/home/ubuntu/cogitao-research/checkpoints/cogitao_vit_cross_attention/cogitao_c1_experiment_3_vit6_function_mlp_cross_attention/run_000/last.ckpt,900674f94996e9b2f5190e7cd8bac4486d09332daaf131226f7f107123274de1,dfec9cbb2afe6616194c1fb41430c0c5d2bc4208,3,test_ood,crop_bottom_side,rot90,rot90 -> crop_bottom_side,"pair (f,g): fgx=f(g(x)); task-token order [g,f] means g -> f",128,128,128,,42,78000,256,256,0.01,2,"{""fixed_ranks"": [1, 2, 4, 8, 16, 32], ""variance_thresholds"": [0.9, 0.95]}",recorded_ood,ok,0.9453125,0.029473684210526315,114,1.0,0.9375,0.0013733883388340473,0.5493553280830383,0.9997892379760742,0.0006440674187615514,0.0006686157430522144,0.0004990557790733874,0.9927747529745101,0.00028787545161321757,0.71875,0.01887170411646366,7.548681259155273,0.9993165135383606,0.001700441469438374,0.005185022950172424,0.0029420831706374884,0.9438848979771137,0.0023228540568379684,0.703125,0.007029828615486622,2.811931610107422,0.9983927011489868,0.004368518013507128,0.0033821584656834602,0.0025674989446997643,0.9809321922063827,0.0007867629628162831,0.6015625,0.04440556466579437,17.762226104736328,0.9994202852249146,0.001520260819233954,0.007770358584821224,0.004159634932875633,0.9244174180924892,0.003753597412141971,0.0,0.5530823469161987,221.2329559326172,0.992193341255188,0.018929168581962585,0.12361056357622147,0.06357771158218384,0.2968888887017966,0.05904089368355926
/home/ubuntu/cogitao-research/checkpoints/cogitao_vit_cross_attention/cogitao_c1_experiment_4_vit6_function_mlp_cross_attention/run_000/last.ckpt,35f91e02d5b826c89f6b24f52abf83581220b4b6676009c59b6715b0b2251589,dfec9cbb2afe6616194c1fb41430c0c5d2bc4208,4,val,crop_contours,double_right,double_right -> crop_contours,"pair (f,g): fgx=f(g(x)); task-token order [g,f] means g -> f",11,11,11,,42,78000,256,256,0.01,2,"{""fixed_ranks"": [1, 2, 4, 8, 16, 32], ""variance_thresholds"": [0.9, 0.95]}",synthetic_context_on_atomic_id,ok,0.8181818181818182,0.033888888888888885,9,1.0,0.9090909361839294,0.000646501372102648,0.2586005628108978,0.9995979070663452,0.0010091523872688413,0.0003941112372558564,0.0004811383842024952,0.9818181818181819,0.0004810690473426472,0.0,0.4075477719306946,163.01910400390625,0.9893694519996643,0.027164310216903687,0.10096561163663864,0.05289412662386894,0.4837395975806497,0.04692173181609674,0.9090909361839294,0.00303769507445395,1.2150782346725464,0.9990392327308655,0.0028000676538795233,0.0013463548384606838,0.0013808717485517263,0.9965034970370206,0.0008755492080341685,0.0,0.40862083435058594,163.4483184814453,0.9896609783172607,0.02688457816839218,0.10176599025726318,0.05280444771051407,0.47674659165469074,0.047667644931511446,0.0,1.2666823863983154,506.6729431152344,0.9981926083564758,0.004465138539671898,0.17602452635765076,0.08871258050203323,0.11478731653907083,0.08796529849821871
/home/ubuntu/cogitao-research/checkpoints/cogitao_vit_cross_attention/cogitao_c1_experiment_4_vit6_function_mlp_cross_attention/run_000/last.ckpt,35f91e02d5b826c89f6b24f52abf83581220b4b6676009c59b6715b0b2251589,dfec9cbb2afe6616194c1fb41430c0c5d2bc4208,4,test,crop_contours,double_right,double_right -> crop_contours,"pair (f,g): fgx=f(g(x)); task-token order [g,f] means g -> f",8,8,8,,42,78000,256,256,0.01,2,"{""fixed_ranks"": [1, 2, 4, 8, 16, 32], ""variance_thresholds"": [0.9, 0.95]}",synthetic_context_on_atomic_id,ok,1.0,0.04928571428571428,7,1.0,0.625,0.004340925253927708,1.7363700866699219,0.9992831945419312,0.0018297148635610938,0.002650485374033451,0.0016913175350055099,0.9057539749145508,0.0014774390123784543,0.0,0.31808048486709595,127.2322006225586,0.9916627407073975,0.0202849879860878,0.09541705995798111,0.049572162330150604,0.45942772865295406,0.04659544819034636,1.0,0.00015909300418570638,0.06363721191883087,0.999847412109375,0.0006046550697647035,2.4377693989663385e-05,0.00015254222671501338,1.0,0.0001526089757680893,0.0,0.31808048486709595,127.2322006225586,0.9916627407073975,0.0202849879860878,0.09541705995798111,0.049572162330150604,0.45942772865295406,0.04659544819034636,0.0,1.0660622119903564,426.42486572265625,0.9982808828353882,0.005040269810706377,0.1679198145866394,0.08460833132266998,0.1492663764953613,0.08327029015868902
/home/ubuntu/cogitao-research/checkpoints/cogitao_vit_cross_attention/cogitao_c1_experiment_4_vit6_function_mlp_cross_attention/run_000/last.ckpt,35f91e02d5b826c89f6b24f52abf83581220b4b6676009c59b6715b0b2251589,dfec9cbb2afe6616194c1fb41430c0c5d2bc4208,4,val_ood,crop_contours,double_right,double_right -> crop_contours,"pair (f,g): fgx=f(g(x)); task-token order [g,f] means g -> f",55,55,55,,42,78000,256,256,0.01,2,"{""fixed_ranks"": [1, 2, 4, 8, 16, 32], ""variance_thresholds"": [0.9, 0.95]}",recorded_ood,ok,0.7090909090909091,0.03920212765957447,47,1.0,0.9818181991577148,0.00020156354003120214,0.08062540739774704,0.9998499155044556,0.0003972628037445247,9.89270702120848e-05,0.0001441562344552949,0.997979798750444,0.00014393841136585582,0.0,0.40432506799697876,161.73001098632812,0.9866024851799011,0.03261396288871765,0.11632795631885529,0.05955696105957031,0.4039851164384321,0.053113944806835865,0.9454545378684998,0.001075024832971394,0.43000999093055725,0.9996443390846252,0.0010389318922534585,0.0006051045493222773,0.0005678661982528865,0.9985532462380149,0.00027936034040017564,0.0,0.40480202436447144,161.92079162597656,0.9866843223571777,0.03251345455646515,0.11654455214738846,0.059476081281900406,0.40416229872270054,0.053234234609387136,0.0,1.173714518547058,469.4857482910156,0.9972145557403564,0.007011382840573788,0.18503756821155548,0.09383738785982132,0.12784841171177952,0.09176020793481307
/home/ubuntu/cogitao-research/checkpoints/cogitao_vit_cross_attention/cogitao_c1_experiment_4_vit6_function_mlp_cross_attention/run_000/last.ckpt,35f91e02d5b826c89f6b24f52abf83581220b4b6676009c59b6715b0b2251589,dfec9cbb2afe6616194c1fb41430c0c5d2bc4208,4,test_ood,crop_contours,double_right,double_right -> crop_contours,"pair (f,g): fgx=f(g(x)); task-token order [g,f] means g -> f",61,61,61,,42,78000,256,256,0.01,2,"{""fixed_ranks"": [1, 2, 4, 8, 16, 32], ""variance_thresholds"": [0.9, 0.95]}",recorded_ood,ok,0.7049180327868853,0.04148936170212766,47,1.0,0.9672130942344666,0.000727995065972209,0.2911980152130127,0.9998604655265808,0.00038276700070127845,0.0004742286109831184,0.0002894907374866307,0.990489700817671,0.0002700195351585013,0.0,0.46914321184158325,187.6573028564453,0.9866820573806763,0.03311273828148842,0.12936533987522125,0.06628736108541489,0.3654677231585393,0.06026625717516805,0.9180327653884888,0.00470225652679801,1.880902647972107,0.999613344669342,0.001313251443207264,0.0013350103981792927,0.000957722426392138,0.9967879173403882,0.0004804962922315129,0.0,0.4677702486515045,187.1081085205078,0.9867468476295471,0.03294675424695015,0.12936663627624512,0.06625340133905411,0.36611147020683915,0.06036247887205882,0.0,1.2619153261184692,504.7662048339844,0.9973382949829102,0.006501693744212389,0.19504350423812866,0.098915234208107,0.12573785617703298,0.09719631879056086
/home/ubuntu/cogitao-research/checkpoints/cogitao_vit_cross_attention/cogitao_c1_experiment_5_vit6_function_mlp_cross_attention/run_000/last.ckpt,2bff05e8e2e5f390f6eb1f5cbf0ac8187832a8a365af10da7100cb8d732aa3f2,dfec9cbb2afe6616194c1fb41430c0c5d2bc4208,5,val,extend_contours_same_color,pad_left,pad_left -> extend_contours_same_color,"pair (f,g): fgx=f(g(x)); task-token order [g,f] means g -> f",126,126,126,,42,71370,256,256,0.01,2,"{""fixed_ranks"": [1, 2, 4, 8, 16, 32], ""variance_thresholds"": [0.9, 0.95]}",synthetic_context_on_atomic_id,ok,0.9920634920634921,0.03611111111111112,126,1.0,0.9603174328804016,0.0016666484298184514,0.6666594743728638,0.9996638894081116,0.0010898231994360685,0.0007390053942799568,0.0005175549886189401,0.9972571787758479,0.0003443744116359287,0.6428571343421936,0.029081283137202263,11.632514953613281,0.9966383576393127,0.009434452280402184,0.010965835303068161,0.006027353461831808,0.9717994962419783,0.003582727097802692,0.9841269850730896,0.0006115229334682226,0.24460914731025696,0.9998478889465332,0.0005076006054878235,0.0003172449069097638,0.0002428119769319892,0.9986417122492716,0.00011658810906940036,0.6428571343421936,0.03254339471459389,13.01735782623291,0.996602475643158,0.00957417581230402,0.011913642287254333,0.006514608860015869,0.9697815292600601,0.004062760521968206,0.0,0.5580161809921265,223.2064208984375,0.9947517514228821,0.013096190989017487,0.1408492773771286,0.07244015485048294,0.6420978237333751,0.06925592687394884
/home/ubuntu/cogitao-research/checkpoints/cogitao_vit_cross_attention/cogitao_c1_experiment_5_vit6_function_mlp_cross_attention/run_000/last.ckpt,2bff05e8e2e5f390f6eb1f5cbf0ac8187832a8a365af10da7100cb8d732aa3f2,dfec9cbb2afe6616194c1fb41430c0c5d2bc4208,5,test,extend_contours_same_color,pad_left,pad_left -> extend_contours_same_color,"pair (f,g): fgx=f(g(x)); task-token order [g,f] means g -> f",128,128,128,,42,71370,256,256,0.01,2,"{""fixed_ranks"": [1, 2, 4, 8, 16, 32], ""variance_thresholds"": [0.9, 0.95]}",synthetic_context_on_atomic_id,ok,1.0,0.035625,128,1.0,0.9921875,0.00014556891983374953,0.05822756886482239,0.9999384880065918,0.00031891936669126153,6.960151222301647e-05,9.19335798243992e-05,0.999799679517746,8.464178536087275e-05,0.6484375,0.03448042273521423,13.792168617248535,0.9965049028396606,0.00965532474219799,0.012684491463005543,0.006924233864992857,0.9672325700521469,0.004587907698005438,1.0,3.143064532196149e-05,0.012572258710861206,0.9999706745147705,0.0001436000457033515,6.820504495408386e-06,2.9288528821780346e-05,1.0,2.888202667236328e-05,0.6484375,0.03448042273521423,13.792168617248535,0.9965049028396606,0.00965532474219799,0.012684491463005543,0.006924233864992857,0.9672325700521469,0.004587907698005438,0.0,0.5403668284416199,216.14671325683594,0.9946089386940002,0.013181088492274284,0.1386740803718567,0.07119126617908478,0.6344548106193542,0.06821397475898267
/home/ubuntu/cogitao-research/checkpoints/cogitao_vit_cross_attention/cogitao_c1_experiment_5_vit6_function_mlp_cross_attention/run_000/last.ckpt,2bff05e8e2e5f390f6eb1f5cbf0ac8187832a8a365af10da7100cb8d732aa3f2,dfec9cbb2afe6616194c1fb41430c0c5d2bc4208,5,val_ood,extend_contours_same_color,pad_left,pad_left -> extend_contours_same_color,"pair (f,g): fgx=f(g(x)); task-token order [g,f] means g -> f",128,128,128,,42,71370,256,256,0.01,2,"{""fixed_ranks"": [1, 2, 4, 8, 16, 32], ""variance_thresholds"": [0.9, 0.95]}",recorded_ood,ok,1.0,0.0350390625,128,1.0,0.96875,0.0007188550662249327,0.28754204511642456,0.9997166395187378,0.0009352605557069182,0.0004234520602039993,0.0003562381025403738,0.99772145986557,0.0002595323190325871,0.671875,0.030109165236353874,12.043664932250977,0.996672511100769,0.009373077191412449,0.012119771912693977,0.006660680752247572,0.9691481363773347,0.0042622962407767775,0.984375,0.000444854493252933,0.17794179916381836,0.9998282194137573,0.0004900163039565086,0.0002916667435783893,0.0002535686071496457,0.9981411045789719,0.0001791907986626029,0.671875,0.032052770256996155,12.821106910705566,0.9966594576835632,0.00939925480633974,0.012489131651818752,0.007034475915133953,0.9690163499116897,0.004731372263631783,0.0,0.5497735738754272,219.90943908691406,0.9949344396591187,0.012543931603431702,0.14123454689979553,0.07269211113452911,0.6176929545402527,0.06948487538844347
/home/ubuntu/cogitao-research/checkpoints/cogitao_vit_cross_attention/cogitao_c1_experiment_5_vit6_function_mlp_cross_attention/run_000/last.ckpt,2bff05e8e2e5f390f6eb1f5cbf0ac8187832a8a365af10da7100cb8d732aa3f2,dfec9cbb2afe6616194c1fb41430c0c5d2bc4208,5,test_ood,extend_contours_same_color,pad_left,pad_left -> extend_contours_same_color,"pair (f,g): fgx=f(g(x)); task-token order [g,f] means g -> f",128,128,128,,42,71370,256,256,0.01,2,"{""fixed_ranks"": [1, 2, 4, 8, 16, 32], ""variance_thresholds"": [0.9, 0.95]}",recorded_ood,ok,0.9921875,0.03865234375,128,1.0,0.96875,0.0015776660293340683,0.6310664415359497,0.9996894598007202,0.0010839385213330388,0.0006128858658485115,0.0004770983650814742,0.9978832435607911,0.00027516628615558146,0.6484375,0.032407697290182114,12.963079452514648,0.9958022832870483,0.011547015979886055,0.011222440749406815,0.006377584300935268,0.9720375895500183,0.0030219842842780053,0.9921875,0.0004141073441132903,0.16564294695854187,0.9998963475227356,0.000371773901861161,0.00017118027608375996,0.00014987520989961922,0.9981971156597138,0.00011757962056435645,0.6484375,0.033099062740802765,13.2396240234375,0.995728075504303,0.011753648519515991,0.011485745199024677,0.0064389207400381565,0.9713626492023468,0.0032165276748128235,0.0,0.5880534648895264,235.2213897705078,0.9947680234909058,0.013064801692962646,0.14810402691364288,0.07600682973861694,0.6340558907389641,0.072947277231724
