split,group_by,group,samples,grid_accuracy_pct,per_pixel_accuracy_pct,object_per_pixel_accuracy_pct,cross_entropy_loss
val,attribute,orientation,112,75.0,99.81026785714286,97.87482443664756,0.0062482565916293096
val,attribute,position,222,95.04504504504504,99.96396396396396,99.69284464647104,0.0019116996081982051
val,attribute,size,111,96.3963963963964,99.98648648648648,99.81967683310981,0.0005462040909246506
val,function,crop_bottom_side,111,96.3963963963964,99.98648648648648,99.81967683310981,0.0005462040909246506
val,function,pad_top,111,93.69369369369369,99.94144144144144,99.56601245983227,0.00327719512547176
val,function,rot90,112,75.0,99.81026785714286,97.87482443664756,0.0062482565916293096
val,overall,all_atomic,334,88.32335329341318,99.9124251497006,99.08320912700927,0.0033658744050373782
val_ood,overall,all_atomic,0,,,,
test,attribute,orientation,112,80.35714285714286,99.85267857142857,98.28448822455746,0.005492641043634389
test,attribute,position,222,90.09009009009009,99.95270270270271,99.59672010159707,0.001649126582269078
test,attribute,size,111,99.09909909909909,99.99774774774775,99.96782498316722,0.00025004847895791874
test,function,crop_bottom_side,111,99.09909909909909,99.99774774774775,99.96782498316722,0.00025004847895791874
test,function,pad_top,111,81.08108108108108,99.90765765765765,99.22561522002692,0.003048204685580237
test,function,rot90,112,80.35714285714286,99.85267857142857,98.28448822455746,0.005492641043634389
test,overall,all_atomic,334,86.82634730538922,99.91916167664671,99.15669025061374,0.0029379697549424756
test_ood,overall,all_atomic,0,,,,
