split,element,order,layer,samples,resize_mismatch_mean,equivariance_defect_mean,foreground_equivariance_defect_mean,identity_channel_defect_mean,no_spatial_permutation_defect_mean,operator_order_closure_error,data_order_closure_defect_mean,source_gram_rank,dimension
val,e,1,image_input_tokens,34,0.0,0.0,0.0,0.0,0.0,0.0,0.0,128,128
val,e,1,image_block_01,34,0.0,0.0,0.0,0.0,0.0,0.0,0.0,128,128
val,e,1,image_block_02,34,0.0,0.0,0.0,0.0,0.0,0.0,0.0,128,128
val,e,1,image_block_03,34,0.0,0.0,0.0,0.0,0.0,0.0,0.0,128,128
val,e,1,image_block_04,34,0.0,0.0,0.0,0.0,0.0,0.0,0.0,128,128
val,e,1,image_block_05,34,0.0,0.0,0.0,0.0,0.0,0.0,0.0,128,128
val,e,1,image_block_06,34,0.0,0.0,0.0,0.0,0.0,0.0,0.0,128,128
val,e,1,image_final_norm,34,0.0,0.0,0.0,0.0,0.0,0.0,0.0,128,128
val,r90,4,image_input_tokens,34,0.051029411764705886,0.40646826663993424,0.7111482616858794,0.70793452695614,0.3523700531850545,1.089346244113751,0.16764484915622,128,128
val,r90,4,image_block_01,34,0.051029411764705886,0.6543418477745565,0.8139903404588594,1.027125555076752,0.5255799642068172,1.0163073415662605,0.17303275826758382,128,128
val,r90,4,image_block_02,34,0.051029411764705886,0.6946056437189069,0.8448364485120838,1.0350218754398663,0.7982999620604178,1.023112142340347,0.2627841327903684,128,128
val,r90,4,image_block_03,34,0.051029411764705886,0.7149947412936988,0.8621595625139418,1.0212297902217522,0.8474673724927732,1.0368702283099143,0.29177954210358786,128,128
val,r90,4,image_block_04,34,0.051029411764705886,0.7004966608496449,0.9063087373929218,0.9858191213665277,0.8482247162658303,1.0185091539388542,0.2907771545574281,128,128
val,r90,4,image_block_05,34,0.051029411764705886,0.7262825139166774,0.9667361987076274,1.0058765496233817,0.8794322260113996,1.0333383532305962,0.31831636892927984,128,128
val,r90,4,image_block_06,34,0.051029411764705886,0.7681104639761951,1.028819353638131,1.0335192460875837,0.9112319338073728,1.0045988779437176,0.34982034038454674,128,128
val,r90,4,image_final_norm,34,0.051029411764705886,0.7698987629344667,1.0071915579223036,1.0342469514111157,0.9141068779912273,0.9974401615537647,0.35672002918957046,128,128
val,r180,2,image_input_tokens,34,0.08132352941176471,0.37789638247655244,0.7761140110768178,0.7893769130566992,0.35892142294672036,0.015554085395556052,0.008998854058395959,128,128
val,r180,2,image_block_01,34,0.08132352941176471,0.48640530335021515,0.7240077880310994,1.1492646446012427,0.5585362913565302,0.4278625722936796,0.043726689171258035,128,128
val,r180,2,image_block_02,34,0.08132352941176471,0.5167274743953892,0.7130364936527439,1.1364689191970538,0.7649692497351082,0.4827955605947771,0.08180226081457394,128,128
val,r180,2,image_block_03,34,0.08132352941176471,0.5286876779501408,0.7333791739459165,1.1030107965178053,0.8094733424529396,0.5144982733348654,0.09009128753258083,128,128
val,r180,2,image_block_04,34,0.08132352941176471,0.5184292568541133,0.7827822727177952,1.0439574698867224,0.8128525401390564,0.4691196054421248,0.09411221930097458,128,128
val,r180,2,image_block_05,34,0.08132352941176471,0.5389291188291745,0.8557857552499073,1.0524484686544466,0.8470933507412802,0.532309078976802,0.11295119790367918,128,128
val,r180,2,image_block_06,34,0.08132352941176471,0.5635277665670104,0.8955685070056927,1.063921140771902,0.8806844629426813,0.515300419933182,0.11654391849513722,128,128
val,r180,2,image_final_norm,34,0.08132352941176471,0.5731001770388207,0.8761130911414373,1.0776368721067633,0.8900583382204756,0.49341921224358115,0.11550959672125151,128,128
val,r270,4,image_input_tokens,34,0.051176470588235295,0.40580572777204604,0.7014017873002503,0.707961637262577,0.3555929296398191,1.0891020287431687,0.16789994411063278,128,128
val,r270,4,image_block_01,34,0.051176470588235295,0.6560328398536001,0.8084433443472457,1.0301175783293852,0.5136588523824094,0.9876112338793275,0.17796000586402974,128,128
val,r270,4,image_block_02,34,0.051176470588235295,0.699983187883976,0.8421160805494309,1.0504569100085897,0.802980128138816,1.003513611186027,0.261931134387638,128,128
val,r270,4,image_block_03,34,0.051176470588235295,0.7150330034473928,0.858018789575639,1.0302028377272536,0.8452731726777454,1.0129581577219255,0.28989038989735233,128,128
val,r270,4,image_block_04,34,0.051176470588235295,0.6990503151191986,0.9047238639711772,0.9956508926795616,0.8431516128194161,1.0288079014370186,0.289373914900742,128,128
val,r270,4,image_block_05,34,0.051176470588235295,0.7239899538239398,0.9608840611781622,1.0170536319120662,0.8764768586271462,1.0422668120027243,0.31140554742654214,128,128
val,r270,4,image_block_06,34,0.051176470588235295,0.7658899425711048,1.0241772536867697,1.0476048853908497,0.9088905536247138,1.0026086623132695,0.3449127454246657,128,128
val,r270,4,image_final_norm,34,0.051176470588235295,0.7660836494988076,1.0056441757592194,1.0440460490908223,0.9056612500170058,1.0033427652109896,0.3492806964489914,128,128
val,m,2,image_input_tokens,34,0.051176470588235295,0.3253229182088371,0.6530607264293288,0.6539500360253474,0.33691669476645464,0.00825547923165383,0.005732470051771591,128,128
val,m,2,image_block_01,34,0.051176470588235295,0.3708215161980192,0.5887265745081403,0.8581979014061474,0.39751648013192553,0.32789281801600956,0.029730386091051858,128,128
val,m,2,image_block_02,34,0.051176470588235295,0.3988277500803929,0.6096432263830082,0.8905621084836075,0.6178161986387396,0.27454476147267304,0.044976622922832575,128,128
val,m,2,image_block_03,34,0.051176470588235295,0.4175202229548485,0.6308205257857991,0.8540074424842015,0.6611695013100601,0.36112699032999257,0.06041019249346129,128,128
val,m,2,image_block_04,34,0.051176470588235295,0.42275481953200855,0.6791236932570426,0.8086931010467735,0.6687635027898553,0.40033971562089854,0.07155585740271231,128,128
val,m,2,image_block_05,34,0.051176470588235295,0.44167942094509344,0.745259668337424,0.8121144612902985,0.6959803077400487,0.40522618047114717,0.08562097077907735,128,128
val,m,2,image_block_06,34,0.051176470588235295,0.4635607896092326,0.7645033210154248,0.8106794623707673,0.7063822037491426,0.3825588952211249,0.08628339957329785,128,128
val,m,2,image_final_norm,34,0.051176470588235295,0.4729216470028161,0.7483792998374407,0.8051029235180651,0.7074369966071351,0.31052811815641207,0.0817714219717781,128,128
val,r90_m,2,image_input_tokens,34,0.08132352941176471,0.439689610054343,0.809268053552996,0.7000761651901577,0.3330158658300429,0.016345685626316532,0.012081397914966558,128,128
val,r90_m,2,image_block_01,34,0.08132352941176471,0.6709562558011736,0.8603193891864762,1.040748620148824,0.47193319526933697,0.5248789143990735,0.09015063709466127,128,128
val,r90_m,2,image_block_02,34,0.08132352941176471,0.7114580612229906,0.8815027070138342,1.0344302267489043,0.6963362196241878,0.634483127977596,0.16098364062589815,128,128
val,r90_m,2,image_block_03,34,0.08132352941176471,0.7266491877573358,0.8978093990143133,1.0152009768984056,0.7404064204250937,0.6899055483753975,0.1951287526033032,128,128
val,r90_m,2,image_block_04,34,0.08132352941176471,0.7110397827460733,0.940908018761804,0.9797331263573812,0.7438768228656456,0.7214696253906211,0.20051767439502585,128,128
val,r90_m,2,image_block_05,34,0.08132352941176471,0.7365464993149916,1.0007879600392686,1.0027349178697806,0.7773368863378107,0.7498938883820037,0.21705688076817226,128,128
val,r90_m,2,image_block_06,34,0.08132352941176471,0.7762036250372164,1.0583952936347705,1.0295246364885102,0.8143934328602527,0.7537373796700076,0.24148624489869963,128,128
val,r90_m,2,image_final_norm,34,0.08132352941176471,0.7794626540861922,1.0413851480382657,1.0321722435966674,0.8189509564714312,0.7414122763123598,0.24135371934057606,128,128
val,r180_m,2,image_input_tokens,34,0.051029411764705886,0.3337721128092202,0.6647918960134986,0.5801910875313125,0.3417389802722095,0.009180792797788518,0.005180756320270793,128,128
val,r180_m,2,image_block_01,34,0.051029411764705886,0.45425616503209915,0.638914296229561,0.8486417269467025,0.4916711495222653,0.32906138413407243,0.024067065751624594,128,128
val,r180_m,2,image_block_02,34,0.051029411764705886,0.48823256213358873,0.6256843761908218,0.8568717914647871,0.7247814791549932,0.3511922423385585,0.04864328125195051,128,128
val,r180_m,2,image_block_03,34,0.051029411764705886,0.4959547768201594,0.6451800464318114,0.8416960397899329,0.7675128490097889,0.34150828026032815,0.05615686958111499,128,128
val,r180_m,2,image_block_04,34,0.051029411764705886,0.48115048887879547,0.693175584436755,0.8008441780486819,0.7583889706021242,0.39538200728502293,0.06423096740709835,128,128
val,r180_m,2,image_block_05,34,0.051029411764705886,0.4994525201546112,0.7541873632542945,0.8141204095989591,0.7887729733866866,0.34457574883415437,0.07209604122575797,128,128
val,r180_m,2,image_block_06,34,0.051029411764705886,0.5215605299328365,0.8017699180529015,0.8351684801207578,0.8254312076120103,0.3752659800918845,0.07826411424811251,128,128
val,r180_m,2,image_final_norm,34,0.051029411764705886,0.5246081847537551,0.7775268796002501,0.8583196814934028,0.8394528457846543,0.3446730291117725,0.07604246403541015,128,128
val,r270_m,2,image_input_tokens,34,0.0,0.339911202062662,0.3708344455813958,0.6646600066165971,0.32339056384244386,0.008241667190353078,0.007228102375394719,128,128
val,r270_m,2,image_block_01,34,0.0,0.6280688703439627,0.6854607460469277,1.0063917202221115,0.4904323652306676,0.49175088015285623,0.0722829130849325,128,128
val,r270_m,2,image_block_02,34,0.0,0.6743630778441277,0.7499284484225766,1.006695613381735,0.7041249006783706,0.633067175083408,0.1435873783320811,128,128
val,r270_m,2,image_block_03,34,0.0,0.695863030019219,0.7732256701305832,1.0028251776229182,0.7562995915889784,0.680866172718943,0.17447490185065342,128,128
val,r270_m,2,image_block_04,34,0.0,0.6805744382705888,0.8128724352190251,0.973516158680322,0.7608998868436043,0.6689717916754805,0.17430597987868116,128,128
val,r270_m,2,image_block_05,34,0.0,0.7049113796942683,0.8648461125286727,0.9930639936246444,0.7906390419081551,0.6892888045829139,0.19036433959089033,128,128
val,r270_m,2,image_block_06,34,0.0,0.7498521771869671,0.9430975679370784,1.0270650374750812,0.8269398013161142,0.7051733326570547,0.21010387591322427,128,128
val,r270_m,2,image_final_norm,34,0.0,0.7471683921650668,0.9247549773053576,1.0226833609435841,0.8333660521801523,0.7025055980416115,0.2125923527448601,128,128
test,e,1,image_input_tokens,34,0.0,0.0,0.0,0.0,0.0,0.0,0.0,128,128
test,e,1,image_block_01,34,0.0,0.0,0.0,0.0,0.0,0.0,0.0,128,128
test,e,1,image_block_02,34,0.0,0.0,0.0,0.0,0.0,0.0,0.0,128,128
test,e,1,image_block_03,34,0.0,0.0,0.0,0.0,0.0,0.0,0.0,128,128
test,e,1,image_block_04,34,0.0,0.0,0.0,0.0,0.0,0.0,0.0,128,128
test,e,1,image_block_05,34,0.0,0.0,0.0,0.0,0.0,0.0,0.0,128,128
test,e,1,image_block_06,34,0.0,0.0,0.0,0.0,0.0,0.0,0.0,128,128
test,e,1,image_final_norm,34,0.0,0.0,0.0,0.0,0.0,0.0,0.0,128,128
test,r90,4,image_input_tokens,34,0.049705882352941176,0.40465109654865433,0.7155672639530222,0.7068827691060795,0.3468790853903765,1.089346244113751,0.1675109491021776,128,128
test,r90,4,image_block_01,34,0.049705882352941176,0.6597484170521133,0.823254178485361,1.0261352847007115,0.5083743863422745,1.0163073415662605,0.17173585446705883,128,128
test,r90,4,image_block_02,34,0.049705882352941176,0.705302622039558,0.8444357477019934,1.0535576201311638,0.8097541494803376,1.023112142340347,0.2646783304911632,128,128
test,r90,4,image_block_03,34,0.049705882352941176,0.7201985736674051,0.8634834560772254,1.0361766816710984,0.8591503543233392,1.0368702283099143,0.2927650608087619,128,128
test,r90,4,image_block_04,34,0.049705882352941176,0.7021454943949502,0.9050798492846945,0.9981631676811951,0.8562158885199909,1.0185091539388542,0.29250355743046275,128,128
test,r90,4,image_block_05,34,0.049705882352941176,0.7228547279608607,0.9629107391039007,1.0131401227835921,0.8836343998970846,1.0333383532305962,0.3229176625808704,128,128
test,r90,4,image_block_06,34,0.049705882352941176,0.7663867060716326,1.0334209140023582,1.042545085738003,0.9168591550213502,1.0045988779437176,0.35192457010682593,128,128
test,r90,4,image_final_norm,34,0.049705882352941176,0.76758982265551,1.0206612322739719,1.0412832582278777,0.9151698114492454,0.9974401615537647,0.3586705838435688,128,128
test,r180,2,image_input_tokens,34,0.08080882352941177,0.3754781264832636,0.784010377082882,0.7878584647870349,0.3469236774177595,0.015554085395556052,0.008725504559174644,128,128
test,r180,2,image_block_01,34,0.08080882352941177,0.49372609237958853,0.737696302417981,1.1503494935667322,0.5302291718488085,0.4278625722936796,0.043432767289449725,128,128
test,r180,2,image_block_02,34,0.08080882352941177,0.5254683684471881,0.7225923665054992,1.1382786111025835,0.733475822158076,0.4827955605947771,0.07981046695212385,128,128
test,r180,2,image_block_03,34,0.08080882352941177,0.5357935596992722,0.7400739449538891,1.100433512720869,0.7786966024800814,0.5144982733348654,0.08958509056308539,128,128
test,r180,2,image_block_04,34,0.08080882352941177,0.5226382639574756,0.7889060035201163,1.0390853719847466,0.7825244580313633,0.4691196054421248,0.09417177125723242,128,128
test,r180,2,image_block_05,34,0.08080882352941177,0.540625963547739,0.8580510657478494,1.040603916297657,0.8100435488009543,0.532309078976802,0.11293099332026663,128,128
test,r180,2,image_block_06,34,0.08080882352941177,0.566073568804705,0.9033478705844217,1.0529310601061443,0.8453156896275716,0.515300419933182,0.11576524304986349,128,128
test,r180,2,image_final_norm,34,0.08080882352941177,0.5713813289126084,0.8823029213841707,1.0639073422640324,0.8530629788620671,0.49341921224358115,0.1151032644027691,128,128
test,r270,4,image_input_tokens,34,0.052500000000000005,0.4052067240025704,0.7184021451572963,0.7072505337507554,0.3463812560658435,1.0891020287431687,0.1676991435000179,128,128
test,r270,4,image_block_01,34,0.052500000000000005,0.6578630872258469,0.8212724236618032,1.0259617625126765,0.5091311946947947,0.9876112338793275,0.17798833980011325,128,128
test,r270,4,image_block_02,34,0.052500000000000005,0.7059307194449269,0.8477294052282902,1.0493357325867108,0.8123889325228292,1.003513611186027,0.26608379210105676,128,128
test,r270,4,image_block_03,34,0.052500000000000005,0.7222383566907296,0.8648680119278108,1.0338740553830892,0.8643907488097244,1.0129581577219255,0.29214825409351797,128,128
test,r270,4,image_block_04,34,0.052500000000000005,0.7052856900535018,0.9080841193290347,0.9974267660285241,0.8618714116166318,1.0288079014370186,0.29238335202454785,128,128
test,r270,4,image_block_05,34,0.052500000000000005,0.7256008031327821,0.9651208295767151,1.0115518799692678,0.891695073267955,1.0422668120027243,0.3186571693937429,128,128
test,r270,4,image_block_06,34,0.052500000000000005,0.7677228581251841,1.0328304101247772,1.0398213492038666,0.9246415042815512,1.0026086623132695,0.3508921204903183,128,128
test,r270,4,image_final_norm,34,0.052500000000000005,0.7647878588492405,1.0150580194747516,1.0331615174940347,0.9191280061699388,1.0033427652109896,0.3554325108588011,128,128
test,m,2,image_input_tokens,34,0.052500000000000005,0.325056761062108,0.6708612790600819,0.6535380285389442,0.3332628440568821,0.00825547923165383,0.005572285189097051,128,128
test,m,2,image_block_01,34,0.052500000000000005,0.3690487499254233,0.5947965186803565,0.856732980915477,0.37783273883454765,0.32789281801600956,0.029418077442271963,128,128
test,m,2,image_block_02,34,0.052500000000000005,0.402450206613749,0.6102028430241946,0.876682571312494,0.5904693069059539,0.27454476147267304,0.045267770409065704,128,128
test,m,2,image_block_03,34,0.052500000000000005,0.41816551934092455,0.630241717038423,0.8344992764568522,0.6314901994049491,0.36112699032999257,0.060472813881345025,128,128
test,m,2,image_block_04,34,0.052500000000000005,0.4216097495648747,0.6798100242551891,0.7855439853680862,0.6370193328374314,0.40033971562089854,0.07180531984054087,128,128
test,m,2,image_block_05,34,0.052500000000000005,0.44068521453693055,0.7485557230629934,0.7839542815715793,0.6626024709027417,0.40522618047114717,0.08603071269906493,128,128
test,m,2,image_block_06,34,0.052500000000000005,0.46304651934280705,0.774446838648105,0.7829600827740328,0.6753422761582721,0.3825588952211249,0.08618031962515192,128,128
test,m,2,image_final_norm,34,0.052500000000000005,0.4695330915258595,0.7540610819733484,0.775233037160329,0.6770821994576652,0.31052811815641207,0.08170740873488586,128,128
test,r90_m,2,image_input_tokens,34,0.08080882352941177,0.4377238724727203,0.8186425933933076,0.6987471129937832,0.31874139992131706,0.016345685626316532,0.011760176696246969,128,128
test,r90_m,2,image_block_01,34,0.08080882352941177,0.6715879638919641,0.869127415198226,1.0351393799152961,0.4773223907578096,0.5248789143990735,0.08991466879568209,128,128
test,r90_m,2,image_block_02,34,0.08080882352941177,0.7157475915311978,0.8835405427877204,1.0430310279845083,0.7328345477462876,0.634483127977596,0.1600206611255383,128,128
test,r90_m,2,image_block_03,34,0.08080882352941177,0.7289105902959235,0.8969154276206313,1.0230223740370394,0.7750965220606035,0.6899055483753975,0.19423166893209437,128,128
test,r90_m,2,image_block_04,34,0.08080882352941177,0.7097030407000995,0.94092709010933,0.9874654086558756,0.7750076986871344,0.7214696253906211,0.20187539518887332,128,128
test,r90_m,2,image_block_05,34,0.08080882352941177,0.732379779851249,1.000687770306917,1.0079455036075404,0.8041770048668707,0.7498938883820037,0.21990443495667733,128,128
test,r90_m,2,image_block_06,34,0.08080882352941177,0.7743504806235573,1.0639877745840158,1.0360609998357058,0.8415613320283662,0.7537373796700076,0.24238596888384342,128,128
test,r90_m,2,image_final_norm,34,0.08080882352941177,0.777202947584692,1.0495052906789792,1.0348109557412029,0.8439524009011805,0.7414122763123598,0.24211649757311537,128,128
test,r180_m,2,image_input_tokens,34,0.049705882352941176,0.3320307472163327,0.6696187006929005,0.5790123910979957,0.33104110154806216,0.009180792797788518,0.005194834262442451,128,128
test,r180_m,2,image_block_01,34,0.049705882352941176,0.45953308968867457,0.6424325660543309,0.8496642072871821,0.4802859871100629,0.32906138413407243,0.024860781284354535,128,128
test,r180_m,2,image_block_02,34,0.049705882352941176,0.4935723153629032,0.6278120819588461,0.8665374403415972,0.71707116177667,0.3511922423385585,0.049206870683442094,128,128
test,r180_m,2,image_block_03,34,0.049705882352941176,0.5036550241920598,0.6477673991770264,0.8524151128625688,0.7641218668042904,0.34150828026032815,0.0569264553657402,128,128
test,r180_m,2,image_block_04,34,0.049705882352941176,0.48796686778281595,0.6936322907986903,0.8122104230945679,0.7576546329700626,0.39538200728502293,0.0651893567013221,128,128
test,r180_m,2,image_block_05,34,0.049705882352941176,0.5017900244797342,0.7547976979835499,0.8204746503522934,0.7830535567237753,0.34457574883415437,0.07314805367154002,128,128
test,r180_m,2,image_block_06,34,0.049705882352941176,0.5228564849750054,0.8026615315025953,0.8413976657146446,0.819206782827135,0.3752659800918845,0.07795450481872732,128,128
test,r180_m,2,image_final_norm,34,0.049705882352941176,0.5239738649310607,0.7826250451184682,0.8628997287366033,0.8322108399767663,0.3446730291117725,0.07614206765101351,128,128
test,r270_m,2,image_input_tokens,34,0.0,0.3394779785816927,0.3640604918486047,0.6641430442196722,0.3230603247806067,0.008241667190353078,0.007033637632070392,128,128
test,r270_m,2,image_block_01,34,0.0,0.6333335235810744,0.6899323773452184,1.0012611561043232,0.4721624890358234,0.49175088015285623,0.07293876378560836,128,128
test,r270_m,2,image_block_02,34,0.0,0.6887525414206059,0.7497806803513594,1.020642230625406,0.7215855970082218,0.633067175083408,0.14437342988217236,128,128
test,r270_m,2,image_block_03,34,0.0,0.7052517193949076,0.7722541725560967,1.0162503435026378,0.776295669689439,0.680866172718943,0.1748017833527403,128,128
test,r270_m,2,image_block_04,34,0.0,0.6864933488688496,0.8087179359942266,0.9803799435198118,0.780000836324624,0.6689717916754805,0.1751696669818185,128,128
test,r270_m,2,image_block_05,34,0.0,0.7066852203478294,0.8620018625087863,0.9909543455562861,0.8079689744435994,0.6892888045829139,0.19412984105507816,128,128
test,r270_m,2,image_block_06,34,0.0,0.750475918730723,0.9496639980959775,1.021904763476193,0.8447111257077724,0.7051733326570547,0.21231660810180467,128,128
test,r270_m,2,image_final_norm,34,0.0,0.7453801288275368,0.9341568791948992,1.0181664287772396,0.8452782271509253,0.7025055980416115,0.21461988106467184,128,128
