split,layer,first,second,product,operator_error,heldout_data_error
val,image_input_tokens,e,e,e,0.0,0.0
val,image_input_tokens,e,r90,r90,0.0,0.0
val,image_input_tokens,e,r180,r180,0.0,0.0
val,image_input_tokens,e,r270,r270,0.0,0.0
val,image_input_tokens,e,m,m,0.0,0.0
val,image_input_tokens,e,r90_m,r90_m,0.0,0.0
val,image_input_tokens,e,r180_m,r180_m,0.0,0.0
val,image_input_tokens,e,r270_m,r270_m,0.0,0.0
val,image_input_tokens,r90,e,r90,0.0,0.0
val,image_input_tokens,r90,r90,r180,1.0082463381099283,0.15613129946678647
val,image_input_tokens,r90,r180,r270,1.0081807283680568,0.16093951517384164
val,image_input_tokens,r90,r270,e,0.013216707954113612,0.009348921396183128
val,image_input_tokens,r90,m,r270_m,0.9877034825225449,0.16026644469272722
val,image_input_tokens,r90,r90_m,m,0.9966912681861317,0.1516201955038234
val,image_input_tokens,r90,r180_m,r90_m,0.9934045392443372,0.16717551084224364
val,image_input_tokens,r90,r270_m,r180_m,0.9795382928408776,0.14955163377792072
val,image_input_tokens,r180,e,r180,0.0,0.0
val,image_input_tokens,r180,r90,r270,1.0082394678919915,0.1571700835359778
val,image_input_tokens,r180,r180,e,0.015554085395556052,0.009047428265153302
val,image_input_tokens,r180,r270,r90,1.0081556836398629,0.15580816004427467
val,image_input_tokens,r180,m,r180_m,0.9846455227961158,0.13935704346594674
val,image_input_tokens,r180,r90_m,r270_m,0.9991395776504165,0.15673654451531302
val,image_input_tokens,r180,r180_m,m,0.9846966914310985,0.14052716772495205
val,image_input_tokens,r180,r270_m,r90_m,0.9991997369785725,0.15946399768133293
val,image_input_tokens,r270,e,r270,0.0,0.0
val,image_input_tokens,r270,r90,e,0.013216707954113612,0.009538957791478063
val,image_input_tokens,r270,r180,r90,1.0080925977892623,0.16092251742934627
val,image_input_tokens,r270,r270,r180,1.0080907692749188,0.15762090217604038
val,image_input_tokens,r270,m,r90_m,0.9967213726555425,0.1731594471663392
val,image_input_tokens,r270,r90_m,r180_m,0.9934746203694969,0.15809741732410815
val,image_input_tokens,r270,r180_m,r270_m,0.9795964611600999,0.15879085803967039
val,image_input_tokens,r270,r270_m,m,0.9875843141445952,0.14438611103431104
val,image_input_tokens,m,e,m,0.0,0.0
val,image_input_tokens,m,r90,r90_m,0.9967763202127367,0.15556844193491695
val,image_input_tokens,m,r180,r180_m,0.9846449193686166,0.13471778685529506
val,image_input_tokens,m,r270,r270_m,0.9876935730096398,0.14385112780303863
val,image_input_tokens,m,m,e,0.00825547923165383,0.005753795229365944
val,image_input_tokens,m,r90_m,r90,0.9967588223785414,0.15167122363203972
val,image_input_tokens,m,r180_m,r180,0.9846247094882462,0.14054051972785905
val,image_input_tokens,m,r270_m,r270,0.9876138543982748,0.14448351095844986
val,image_input_tokens,r90_m,e,r90_m,0.0,0.0
val,image_input_tokens,r90_m,r90,r180_m,0.9932772444395654,0.16100882390770663
val,image_input_tokens,r90_m,r180,r270_m,0.999304525977757,0.16380948657104302
val,image_input_tokens,r90_m,r270,m,0.9968733827406419,0.1555450212059294
val,image_input_tokens,r90_m,m,r270,0.9967607344952959,0.1731873344526612
val,image_input_tokens,r90_m,r90_m,e,0.016345685626316532,0.012134054181795478
val,image_input_tokens,r90_m,r180_m,r90,0.9933874126651977,0.16713009179396254
val,image_input_tokens,r90_m,r270_m,r180,0.9992339546958233,0.1595896013810535
val,image_input_tokens,r180_m,e,r180_m,0.0,0.0
val,image_input_tokens,r180_m,r90,r270_m,0.9795514931422339,0.1471036411815365
val,image_input_tokens,r180_m,r180,m,0.9846061069366294,0.1346499034000968
val,image_input_tokens,r180_m,r270,r90_m,0.9932886650154007,0.16051795699207572
val,image_input_tokens,r180_m,m,r180,0.9846319184420876,0.13916709944713002
val,image_input_tokens,r180_m,r90_m,r270,0.9933314663060977,0.15742284342717242
val,image_input_tokens,r180_m,r180_m,e,0.009180792797788518,0.0052112750425252026
val,image_input_tokens,r180_m,r270_m,r90,0.9795099856978349,0.14924401888035607
val,image_input_tokens,r270_m,e,r270_m,0.0,0.0
val,image_input_tokens,r270_m,r90,m,0.9878270007968928,0.14394037481934008
val,image_input_tokens,r270_m,r180,r90_m,0.9991325759013577,0.1637213793419043
val,image_input_tokens,r270_m,r270,r180_m,0.9796273968228065,0.14801947880639219
val,image_input_tokens,r270_m,m,r90,0.9877619912552826,0.16042947353799325
val,image_input_tokens,r270_m,r90_m,r180,0.9991193697779881,0.1571551846995641
val,image_input_tokens,r270_m,r180_m,r270,0.9796146341797737,0.15871098725394037
val,image_input_tokens,r270_m,r270_m,e,0.008241667190353078,0.007245004676257485
val,image_block_01,e,e,e,0.0,0.0
val,image_block_01,e,r90,r90,0.0,0.0
val,image_block_01,e,r180,r180,0.0,0.0
val,image_block_01,e,r270,r270,0.0,0.0
val,image_block_01,e,m,m,0.0,0.0
val,image_block_01,e,r90_m,r90_m,0.0,0.0
val,image_block_01,e,r180_m,r180_m,0.0,0.0
val,image_block_01,e,r270_m,r270_m,0.0,0.0
val,image_block_01,r90,e,r90,0.0,0.0
val,image_block_01,r90,r90,r180,0.9799231876554997,0.22705347955403798
val,image_block_01,r90,r180,r270,0.9609985101554317,0.23982645994020838
val,image_block_01,r90,r270,e,0.554270789845252,0.08867538846189288
val,image_block_01,r90,m,r270_m,0.8898514296988034,0.2082099658966717
val,image_block_01,r90,r90_m,m,0.9212036918326432,0.15294001337561622
val,image_block_01,r90,r180_m,r90_m,0.9338428643695281,0.2091278257627902
val,image_block_01,r90,r270_m,r180_m,0.9243857897408537,0.20976807226768762
val,image_block_01,r180,e,r180,0.0,0.0
val,image_block_01,r180,r90,r270,0.9755312498656271,0.23122263119006056
val,image_block_01,r180,r180,e,0.4278625722936796,0.04389389630201341
val,image_block_01,r180,r270,r90,0.9757871945260375,0.23230676937614658
val,image_block_01,r180,m,r180_m,0.7824529251696147,0.05980487447957052
val,image_block_01,r180,r90_m,r270_m,0.979382412305734,0.24678505918544405
val,image_block_01,r180,r180_m,m,0.7859463782169495,0.06327490118273363
val,image_block_01,r180,r270_m,r90_m,0.969881259735902,0.24600072186191704
val,image_block_01,r270,e,r270,0.0,0.0
val,image_block_01,r270,r90,e,0.554270789845252,0.08904718233820597
val,image_block_01,r270,r180,r90,0.968225916084721,0.24040613012093942
val,image_block_01,r270,r270,r180,0.9706241076586416,0.226484513030611
val,image_block_01,r270,m,r90_m,0.9002700864111557,0.2114018953184257
val,image_block_01,r270,r90_m,r180_m,0.9413617959064756,0.21863620906630787
val,image_block_01,r270,r180_m,r270_m,0.9065238705452117,0.19862059265000673
val,image_block_01,r270,r270_m,m,0.9128372902126569,0.1550537044850522
val,image_block_01,m,e,m,0.0,0.0
val,image_block_01,m,r90,r90_m,0.9222351271255492,0.16423929165606746
val,image_block_01,m,r180,r180_m,0.7767973963574408,0.06233710341995291
val,image_block_01,m,r270,r270_m,0.9166488515364667,0.16438206536388722
val,image_block_01,m,m,e,0.32789281801600956,0.029788208041891424
val,image_block_01,m,r90_m,r90,0.9238487319520942,0.16256818131684062
val,image_block_01,m,r180_m,r180,0.7687575528320509,0.06125967690024849
val,image_block_01,m,r270_m,r270,0.9150131724235306,0.16533055303637442
val,image_block_01,r90_m,e,r90_m,0.0,0.0
val,image_block_01,r90_m,r90,r180_m,0.9568353864687182,0.21882385908461116
val,image_block_01,r90_m,r180,r270_m,0.9566747412900211,0.24952801841325306
val,image_block_01,r90_m,r270,m,0.9265378700342162,0.15238543761726495
val,image_block_01,r90_m,m,r270,0.896200746047301,0.2112265870079133
val,image_block_01,r90_m,r90_m,e,0.5248789143990735,0.0905292405406941
val,image_block_01,r90_m,r180_m,r90,0.9304878648584308,0.20845593936147455
val,image_block_01,r90_m,r270_m,r180,0.9696983969245491,0.24200137431646596
val,image_block_01,r180_m,e,r180_m,0.0,0.0
val,image_block_01,r180_m,r90,r270_m,0.9253454470363781,0.19225688741900274
val,image_block_01,r180_m,r180,m,0.7854514938979938,0.05322493313288134
val,image_block_01,r180_m,r270,r90_m,0.9390970479944483,0.19925730613274414
val,image_block_01,r180_m,m,r180,0.7756407662324899,0.05212717657684697
val,image_block_01,r180_m,r90_m,r270,0.9431475444493869,0.19946868612711025
val,image_block_01,r180_m,r180_m,e,0.32906138413407243,0.024305723338768858
val,image_block_01,r180_m,r270_m,r90,0.9221473506359166,0.1952070958832408
val,image_block_01,r270_m,e,r270_m,0.0,0.0
val,image_block_01,r270_m,r90,m,0.920519464810105,0.14464114931545194
val,image_block_01,r270_m,r180,r90_m,0.9559560316259259,0.24941844985122177
val,image_block_01,r270_m,r270,r180_m,0.9208536365327635,0.20633749539313936
val,image_block_01,r270_m,m,r90,0.8899342202998609,0.20809608555860676
val,image_block_01,r270_m,r90_m,r180,0.9626227504878752,0.24014576848888294
val,image_block_01,r270_m,r180_m,r270,0.9013393855822986,0.1964981476487755
val,image_block_01,r270_m,r270_m,e,0.49175088015285623,0.07229412474823901
val,image_block_02,e,e,e,0.0,0.0
val,image_block_02,e,r90,r90,0.0,0.0
val,image_block_02,e,r180,r180,0.0,0.0
val,image_block_02,e,r270,r270,0.0,0.0
val,image_block_02,e,m,m,0.0,0.0
val,image_block_02,e,r90_m,r90_m,0.0,0.0
val,image_block_02,e,r180_m,r180_m,0.0,0.0
val,image_block_02,e,r270_m,r270_m,0.0,0.0
val,image_block_02,r90,e,r90,0.0,0.0
val,image_block_02,r90,r90,r180,1.0097153213086991,0.2758451245287823
val,image_block_02,r90,r180,r270,0.9780819811580281,0.29904865445599377
val,image_block_02,r90,r270,e,0.6962561535740498,0.16669797122570612
val,image_block_02,r90,m,r270_m,0.892746339576747,0.24998571348642287
val,image_block_02,r90,r90_m,m,0.9683545135059894,0.22414106431749434
val,image_block_02,r90,r180_m,r90_m,0.9340411158506293,0.26732033710391906
val,image_block_02,r90,r270_m,r180_m,0.977682011470886,0.27066174501047324
val,image_block_02,r180,e,r180,0.0,0.0
val,image_block_02,r180,r90,r270,1.011059091359262,0.2834859262743185
val,image_block_02,r180,r180,e,0.4827955605947771,0.08208961642976066
val,image_block_02,r180,r270,r90,1.0120380435379224,0.28577527752445775
val,image_block_02,r180,m,r180_m,0.7478613505468904,0.11636317798922337
val,image_block_02,r180,r90_m,r270_m,1.0126928496437266,0.29304217982996805
val,image_block_02,r180,r180_m,m,0.7719480186547336,0.11657597296354602
val,image_block_02,r180,r270_m,r90_m,1.0019418847283326,0.29497247446653946
val,image_block_02,r270,e,r270,0.0,0.0
val,image_block_02,r270,r90,e,0.6962561535740498,0.15857950832642187
val,image_block_02,r270,r180,r90,0.978276232205574,0.30043662501101354
val,image_block_02,r270,r270,r180,1.0048860446964532,0.276941581264743
val,image_block_02,r270,m,r90_m,0.9084489543858326,0.24780640433443044
val,image_block_02,r270,r90_m,r180_m,0.9770376026893642,0.2668284000012595
val,image_block_02,r270,r180_m,r270_m,0.9418313442027588,0.2733925675677214
val,image_block_02,r270,r270_m,m,0.952032058386442,0.22162301650116023
val,image_block_02,m,e,m,0.0,0.0
val,image_block_02,m,r90,r90_m,0.9516088967587949,0.23502737048536335
val,image_block_02,m,r180,r180_m,0.7754236993185017,0.11770851643449141
val,image_block_02,m,r270,r270_m,0.9447430943042653,0.23336189276691569
val,image_block_02,m,m,e,0.27454476147267304,0.045001930326467876
val,image_block_02,m,r90_m,r90,0.9516061540800693,0.23300194903490698
val,image_block_02,m,r180_m,r180,0.7697635820073069,0.11549686273136893
val,image_block_02,m,r270_m,r270,0.9436312675564723,0.23463799723397086
val,image_block_02,r90_m,e,r90_m,0.0,0.0
val,image_block_02,r90_m,r90,r180_m,0.9649369292356388,0.2648311997527462
val,image_block_02,r90_m,r180,r270_m,0.9747933420355792,0.3021478431599951
val,image_block_02,r90_m,r270,m,0.9550789251017315,0.22335271611630836
val,image_block_02,r90_m,m,r270,0.9085493817469489,0.24662224046806797
val,image_block_02,r90_m,r90_m,e,0.634483127977596,0.16143240331437203
val,image_block_02,r90_m,r180_m,r90,0.9308152861874234,0.2656618313243415
val,image_block_02,r90_m,r270_m,r180,1.0019229414762345,0.28565738933413193
val,image_block_02,r180_m,e,r180_m,0.0,0.0
val,image_block_02,r180_m,r90,r270_m,0.9566543830590161,0.240944010456068
val,image_block_02,r180_m,r180,m,0.7593315482239826,0.10152646934960016
val,image_block_02,r180_m,r270,r90_m,0.9588538355903734,0.24086103162375228
val,image_block_02,r180_m,m,r180,0.7417978796398901,0.10843393542628219
val,image_block_02,r180_m,r90_m,r270,0.9626229755333504,0.23329280229969201
val,image_block_02,r180_m,r180_m,e,0.3511922423385585,0.04900519881609256
val,image_block_02,r180_m,r270_m,r90,0.9520206657491671,0.2430750272914855
val,image_block_02,r270_m,e,r270_m,0.0,0.0
val,image_block_02,r270_m,r90,m,0.9444493866513319,0.21263373007255865
val,image_block_02,r270_m,r180,r90_m,0.9720431389471211,0.3063566410942692
val,image_block_02,r270_m,r270,r180_m,0.9761963721768928,0.2638308969015836
val,image_block_02,r270_m,m,r90,0.8931053602889172,0.24884934446771836
val,image_block_02,r270_m,r90_m,r180,1.0115835743282147,0.2815992501426561
val,image_block_02,r270_m,r180_m,r270,0.9341257355621305,0.2716102312520706
val,image_block_02,r270_m,r270_m,e,0.633067175083408,0.14438430117867554
val,image_block_03,e,e,e,0.0,0.0
val,image_block_03,e,r90,r90,0.0,0.0
val,image_block_03,e,r180,r180,0.0,0.0
val,image_block_03,e,r270,r270,0.0,0.0
val,image_block_03,e,m,m,0.0,0.0
val,image_block_03,e,r90_m,r90_m,0.0,0.0
val,image_block_03,e,r180_m,r180_m,0.0,0.0
val,image_block_03,e,r270_m,r270_m,0.0,0.0
val,image_block_03,r90,e,r90,0.0,0.0
val,image_block_03,r90,r90,r180,1.007599927294886,0.30489558083462626
val,image_block_03,r90,r180,r270,0.9745665139410912,0.33464514062800177
val,image_block_03,r90,r270,e,0.705350940920921,0.19539340908450664
val,image_block_03,r90,m,r270_m,0.89869802472925,0.28832218671012083
val,image_block_03,r90,r90_m,m,0.9674363089592692,0.2560007378384792
val,image_block_03,r90,r180_m,r90_m,0.9239840215184038,0.2897268548487619
val,image_block_03,r90,r270_m,r180_m,0.969189929854003,0.29848683573340223
val,image_block_03,r180,e,r180,0.0,0.0
val,image_block_03,r180,r90,r270,1.0106825424671722,0.30978835018835077
val,image_block_03,r180,r180,e,0.5144982733348654,0.09027071375236081
val,image_block_03,r180,r270,r90,1.0084997161132263,0.30869364673105815
val,image_block_03,r180,m,r180_m,0.7995050998417977,0.13838157726959802
val,image_block_03,r180,r90_m,r270_m,1.0049611753481318,0.3203830816890381
val,image_block_03,r180,r180_m,m,0.7993251706725879,0.1343055345741277
val,image_block_03,r180,r270_m,r90_m,1.0083539501090573,0.32490372659143885
val,image_block_03,r270,e,r270,0.0,0.0
val,image_block_03,r270,r90,e,0.7053509409209209,0.18478425479793736
val,image_block_03,r270,r180,r90,0.9786850635784353,0.33502547929450666
val,image_block_03,r270,r270,r180,0.9997040486270584,0.3036965741392536
val,image_block_03,r270,m,r90_m,0.9094175533452674,0.27220556861771494
val,image_block_03,r270,r90_m,r180_m,0.9613348024649774,0.2869058922405434
val,image_block_03,r270,r180_m,r270_m,0.9102393612554265,0.2969138497228706
val,image_block_03,r270,r270_m,m,0.9562065477504186,0.25555773830752593
val,image_block_03,m,e,m,0.0,0.0
val,image_block_03,m,r90,r90_m,0.960538486952068,0.2643297780434912
val,image_block_03,m,r180,r180_m,0.8105750901755036,0.1367042203895211
val,image_block_03,m,r270,r270_m,0.9484224442615343,0.2613046801453749
val,image_block_03,m,m,e,0.36112699032999257,0.0604998397330539
val,image_block_03,m,r90_m,r90,0.9596339304357243,0.26250009726647305
val,image_block_03,m,r180_m,r180,0.7981130154678173,0.13265220067895103
val,image_block_03,m,r270_m,r270,0.9423947530427667,0.26330945074022516
val,image_block_03,r90_m,e,r90_m,0.0,0.0
val,image_block_03,r90_m,r90,r180_m,0.9727110890103275,0.29326055640789706
val,image_block_03,r90_m,r180,r270_m,0.9784921579084902,0.3396412697831486
val,image_block_03,r90_m,r270,m,0.9649338278152465,0.2602982950310909
val,image_block_03,r90_m,m,r270,0.9089977706742126,0.2724917237039606
val,image_block_03,r90_m,r90_m,e,0.6899055483753975,0.1955843630026187
val,image_block_03,r90_m,r180_m,r90,0.9205651379204012,0.28831127254805644
val,image_block_03,r90_m,r270_m,r180,1.0057106512093288,0.3203667329175412
val,image_block_03,r180_m,e,r180_m,0.0,0.0
val,image_block_03,r180_m,r90,r270_m,0.9507698778185035,0.2640798039959669
val,image_block_03,r180_m,r180,m,0.7997171519014755,0.12468299002700291
val,image_block_03,r180_m,r270,r90_m,0.9331093727928095,0.25711232317535127
val,image_block_03,r180_m,m,r180,0.7850705809504904,0.13026541460912056
val,image_block_03,r180_m,r90_m,r270,0.931033776635111,0.2556833584590646
val,image_block_03,r180_m,r180_m,e,0.34150828026032815,0.056417255536035264
val,image_block_03,r180_m,r270_m,r90,0.9496503460656346,0.2663203089416857
val,image_block_03,r270_m,e,r270_m,0.0,0.0
val,image_block_03,r270_m,r90,m,0.9563818525045945,0.24574153747159705
val,image_block_03,r270_m,r180,r90_m,0.9770231314203226,0.34212311262617356
val,image_block_03,r270_m,r270,r180_m,0.9613159994284525,0.28352434141118443
val,image_block_03,r270_m,m,r90,0.8975484338794111,0.28555652919856556
val,image_block_03,r270_m,r90_m,r180,1.0036343437505624,0.3062919404960637
val,image_block_03,r270_m,r180_m,r270,0.9137682352770932,0.2944378485307961
val,image_block_03,r270_m,r270_m,e,0.680866172718943,0.17535707869000786
val,image_block_04,e,e,e,0.0,0.0
val,image_block_04,e,r90,r90,0.0,0.0
val,image_block_04,e,r180,r180,0.0,0.0
val,image_block_04,e,r270,r270,0.0,0.0
val,image_block_04,e,m,m,0.0,0.0
val,image_block_04,e,r90_m,r90_m,0.0,0.0
val,image_block_04,e,r180_m,r180_m,0.0,0.0
val,image_block_04,e,r270_m,r270_m,0.0,0.0
val,image_block_04,r90,e,r90,0.0,0.0
val,image_block_04,r90,r90,r180,1.022499183361485,0.30391540512064036
val,image_block_04,r90,r180,r270,0.987456499443059,0.3306154102887346
val,image_block_04,r90,r270,e,0.7300038175736425,0.20064602466834883
val,image_block_04,r90,m,r270_m,0.9116408203993571,0.2937432428322509
val,image_block_04,r90,r90_m,m,0.9719274717224904,0.26471189308575044
val,image_block_04,r90,r180_m,r90_m,0.9237829583733931,0.29551993739084226
val,image_block_04,r90,r270_m,r180_m,0.9699282101658997,0.2931519303694102
val,image_block_04,r180,e,r180,0.0,0.0
val,image_block_04,r180,r90,r270,1.019386865244435,0.3066212901716705
val,image_block_04,r180,r180,e,0.4691196054421248,0.09425887803492959
val,image_block_04,r180,r270,r90,1.0240275894520257,0.30629599673117025
val,image_block_04,r180,m,r180_m,0.788506041468731,0.15260310653799516
val,image_block_04,r180,r90_m,r270_m,0.9959772955146904,0.3125569821748923
val,image_block_04,r180,r180_m,m,0.7945424832614387,0.14923985055793607
val,image_block_04,r180,r270_m,r90_m,1.004203205829797,0.314737927982753
val,image_block_04,r270,e,r270,0.0,0.0
val,image_block_04,r270,r90,e,0.7300038175736426,0.19047723251947177
val,image_block_04,r270,r180,r90,0.9901901217111138,0.33175841098656755
val,image_block_04,r270,r270,r180,1.0148554551070534,0.30308496982680133
val,image_block_04,r270,m,r90_m,0.9193546922596949,0.28199774052052706
val,image_block_04,r270,r90_m,r180_m,0.9658913476519988,0.29212270781887806
val,image_block_04,r270,r180_m,r270_m,0.91587430361386,0.29608424856473664
val,image_block_04,r270,r270_m,m,0.9688345895556245,0.26139682825072585
val,image_block_04,m,e,m,0.0,0.0
val,image_block_04,m,r90,r90_m,0.9676563367224567,0.26931660390046064
val,image_block_04,m,r180,r180_m,0.8058144667852388,0.15036895155813637
val,image_block_04,m,r270,r270_m,0.9488961688926587,0.26198988588680394
val,image_block_04,m,m,e,0.40033971562089854,0.07163512374018326
val,image_block_04,m,r90_m,r90,0.9653847489826651,0.2667747421322767
val,image_block_04,m,r180_m,r180,0.7960102861215431,0.1479024357606216
val,image_block_04,m,r270_m,r270,0.9452580148208929,0.26493253354391455
val,image_block_04,r90_m,e,r90_m,0.0,0.0
val,image_block_04,r90_m,r90,r180_m,0.9823635826365702,0.2971869769073362
val,image_block_04,r90_m,r180,r270_m,0.9871468080829889,0.3370435224473562
val,image_block_04,r90_m,r270,m,0.9755427948891585,0.2663315496702398
val,image_block_04,r90_m,m,r270,0.9202177451005804,0.2830977692536173
val,image_block_04,r90_m,r90_m,e,0.7214696253906211,0.20092954630287815
val,image_block_04,r90_m,r180_m,r90,0.9234428789641714,0.29404248253930343
val,image_block_04,r90_m,r270_m,r180,1.0043272251880249,0.31539236428116796
val,image_block_04,r180_m,e,r180_m,0.0,0.0
val,image_block_04,r180_m,r90,r270_m,0.9412744226969227,0.26421713619693754
val,image_block_04,r180_m,r180,m,0.7899135790298268,0.13920163113183048
val,image_block_04,r180_m,r270,r90_m,0.9349308331836403,0.25976973330814745
val,image_block_04,r180_m,m,r180,0.7788495695176836,0.14265719203483468
val,image_block_04,r180_m,r90_m,r270,0.931341726560174,0.25921495467911276
val,image_block_04,r180_m,r180_m,e,0.39538200728502293,0.06451208316585741
val,image_block_04,r180_m,r270_m,r90,0.9407286229293561,0.2632188506343439
val,image_block_04,r270_m,e,r270_m,0.0,0.0
val,image_block_04,r270_m,r90,m,0.9580937591259863,0.25417769485636926
val,image_block_04,r270_m,r180,r90_m,0.9789957083035178,0.33834412498647554
val,image_block_04,r270_m,r270,r180_m,0.9611438569499176,0.2861491636105733
val,image_block_04,r270_m,m,r90,0.9112841837377547,0.29075306376465987
val,image_block_04,r270_m,r90_m,r180,1.0062055313696248,0.3075673599248002
val,image_block_04,r270_m,r180_m,r270,0.9157741041939279,0.2924614929330786
val,image_block_04,r270_m,r270_m,e,0.6689717916754805,0.17533008673535766
val,image_block_05,e,e,e,0.0,0.0
val,image_block_05,e,r90,r90,0.0,0.0
val,image_block_05,e,r180,r180,0.0,0.0
val,image_block_05,e,r270,r270,0.0,0.0
val,image_block_05,e,m,m,0.0,0.0
val,image_block_05,e,r90_m,r90_m,0.0,0.0
val,image_block_05,e,r180_m,r180_m,0.0,0.0
val,image_block_05,e,r270_m,r270_m,0.0,0.0
val,image_block_05,r90,e,r90,0.0,0.0
val,image_block_05,r90,r90,r180,1.0232411035936264,0.32009088209754066
val,image_block_05,r90,r180,r270,1.0071441010371898,0.3499943829181776
val,image_block_05,r90,r270,e,0.7463490949831622,0.21360756784812773
val,image_block_05,r90,m,r270_m,0.909774830644309,0.31015435685091874
val,image_block_05,r90,r90_m,m,0.9836183889946069,0.2863002978703212
val,image_block_05,r90,r180_m,r90_m,0.9362854544424231,0.30825472224616635
val,image_block_05,r90,r270_m,r180_m,0.9672212105535761,0.30698754295984937
val,image_block_05,r180,e,r180,0.0,0.0
val,image_block_05,r180,r90,r270,1.0151348535737916,0.3249629301116847
val,image_block_05,r180,r180,e,0.532309078976802,0.11307269574299207
val,image_block_05,r180,r270,r90,1.0129850847213122,0.3218580322953288
val,image_block_05,r180,m,r180_m,0.7952344193996823,0.17273146937039346
val,image_block_05,r180,r90_m,r270_m,1.0259936175305628,0.3343817470048536
val,image_block_05,r180,r180_m,m,0.7954034640057361,0.17149309254818804
val,image_block_05,r180,r270_m,r90_m,1.024407797593829,0.33216268053398446
val,image_block_05,r270,e,r270,0.0,0.0
val,image_block_05,r270,r90,e,0.7463490949831622,0.20854379438941792
val,image_block_05,r270,r180,r90,0.9903235410194484,0.3481857951131644
val,image_block_05,r270,r270,r180,1.031695540860529,0.3272628559585932
val,image_block_05,r270,m,r90_m,0.9279749813508873,0.308285793694811
val,image_block_05,r270,r90_m,r180_m,0.9811117124931854,0.3179317335583616
val,image_block_05,r270,r180_m,r270_m,0.9233933330125985,0.30621346139757327
val,image_block_05,r270,r270_m,m,0.9655832309588427,0.28322829264645105
val,image_block_05,m,e,m,0.0,0.0
val,image_block_05,m,r90,r90_m,0.9703940274295499,0.285549896683582
val,image_block_05,m,r180,r180_m,0.8064409880820518,0.1711798164532611
val,image_block_05,m,r270,r270_m,0.9605802145174901,0.2839293213980431
val,image_block_05,m,m,e,0.40522618047114717,0.085704692448085
val,image_block_05,m,r90_m,r90,0.9727714250147335,0.28569538073429146
val,image_block_05,m,r180_m,r180,0.798696844617611,0.17117054904040008
val,image_block_05,m,r270_m,r270,0.957366249362304,0.2834067807380991
val,image_block_05,r90_m,e,r90_m,0.0,0.0
val,image_block_05,r90_m,r90,r180_m,0.9885362294809384,0.3162290432844673
val,image_block_05,r90_m,r180,r270_m,0.9960332305506269,0.3581201443198834
val,image_block_05,r90_m,r270,m,0.9808475851350029,0.28850937622461
val,image_block_05,r90_m,m,r270,0.9300444717475878,0.3079286266753954
val,image_block_05,r90_m,r90_m,e,0.7498938883820037,0.2175381531341205
val,image_block_05,r90_m,r180_m,r90,0.9368667720059035,0.3074130573236441
val,image_block_05,r90_m,r270_m,r180,1.0218597064561947,0.3317504515351465
val,image_block_05,r180_m,e,r180_m,0.0,0.0
val,image_block_05,r180_m,r90,r270_m,0.934989879989757,0.28446022197504844
val,image_block_05,r180_m,r180,m,0.7950184966010899,0.16056813278801543
val,image_block_05,r180_m,r270,r90_m,0.9470076946380435,0.2809582207077072
val,image_block_05,r180_m,m,r180,0.7781629034199679,0.1629358828731939
val,image_block_05,r180_m,r90_m,r270,0.9475140226550833,0.2821936518021322
val,image_block_05,r180_m,r180_m,e,0.34457574883415437,0.07242436294246794
val,image_block_05,r180_m,r270_m,r90,0.9375005529061656,0.2785881771907716
val,image_block_05,r270_m,e,r270_m,0.0,0.0
val,image_block_05,r270_m,r90,m,0.9716457269060353,0.2770204040399671
val,image_block_05,r270_m,r180,r90_m,0.9897936534410673,0.3585441309450238
val,image_block_05,r270_m,r270,r180_m,0.9659068301661886,0.30471647048844874
val,image_block_05,r270_m,m,r90,0.9060839563955375,0.3084843985143831
val,image_block_05,r270_m,r90_m,r180,1.0276717600382301,0.3310641639728666
val,image_block_05,r270_m,r180_m,r270,0.9163029980230601,0.3036722839979476
val,image_block_05,r270_m,r270_m,e,0.6892888045829139,0.19140844917161184
val,image_block_06,e,e,e,0.0,0.0
val,image_block_06,e,r90,r90,0.0,0.0
val,image_block_06,e,r180,r180,0.0,0.0
val,image_block_06,e,r270,r270,0.0,0.0
val,image_block_06,e,m,m,0.0,0.0
val,image_block_06,e,r90_m,r90_m,0.0,0.0
val,image_block_06,e,r180_m,r180_m,0.0,0.0
val,image_block_06,e,r270_m,r270_m,0.0,0.0
val,image_block_06,r90,e,r90,0.0,0.0
val,image_block_06,r90,r90,r180,1.0122947013185972,0.35165867389422417
val,image_block_06,r90,r180,r270,0.9777761649794124,0.37013920481682344
val,image_block_06,r90,r270,e,0.7479019534962258,0.2357070667133007
val,image_block_06,r90,m,r270_m,0.9005279746381352,0.32731993222328953
val,image_block_06,r90,r90_m,m,0.9797291789055,0.3179897097363835
val,image_block_06,r90,r180_m,r90_m,0.912312320971976,0.3215806466610826
val,image_block_06,r90,r270_m,r180_m,0.9586039961634404,0.33131595806375086
val,image_block_06,r180,e,r180,0.0,0.0
val,image_block_06,r180,r90,r270,1.0091694181386377,0.3517475274586991
val,image_block_06,r180,r180,e,0.515300419933182,0.11665595244009296
val,image_block_06,r180,r270,r90,1.0090821091705235,0.35220023560496105
val,image_block_06,r180,m,r180_m,0.7560414806558757,0.18001118815673167
val,image_block_06,r180,r90_m,r270_m,1.0262263117324764,0.36348470194096955
val,image_block_06,r180,r180_m,m,0.7656352266611125,0.1791801317160397
val,image_block_06,r180,r270_m,r90_m,1.024972911144743,0.3611438654959567
val,image_block_06,r270,e,r270,0.0,0.0
val,image_block_06,r270,r90,e,0.7479019534962258,0.23003598921752913
val,image_block_06,r270,r180,r90,0.9733447441272713,0.37020808718478343
val,image_block_06,r270,r270,r180,1.0208076252110976,0.35265984060863803
val,image_block_06,r270,m,r90_m,0.9177459651171617,0.32983664969293597
val,image_block_06,r270,r90_m,r180_m,0.9779906182910004,0.3388970921707522
val,image_block_06,r270,r180_m,r270_m,0.907371774756253,0.317381662315702
val,image_block_06,r270,r270_m,m,0.9566771765816842,0.307374488455509
val,image_block_06,m,e,m,0.0,0.0
val,image_block_06,m,r90,r90_m,0.9434897658503273,0.3070888359426009
val,image_block_06,m,r180,r180_m,0.7659958329617981,0.17797702788753855
val,image_block_06,m,r270,r270_m,0.943703364164697,0.3051556993732472
val,image_block_06,m,m,e,0.3825588952211249,0.08635441952385585
val,image_block_06,m,r90_m,r90,0.9505864683159415,0.30893300545231517
val,image_block_06,m,r180_m,r180,0.7600517597050769,0.17796483725261555
val,image_block_06,m,r270_m,r270,0.9444275393692888,0.3029389912454674
val,image_block_06,r90_m,e,r90_m,0.0,0.0
val,image_block_06,r90_m,r90,r180_m,0.9819360365420378,0.3363629856385798
val,image_block_06,r90_m,r180,r270_m,0.9877681761334111,0.38015237376560074
val,image_block_06,r90_m,r270,m,0.9754723943027009,0.31347053215084886
val,image_block_06,r90_m,m,r270,0.9135528775537042,0.32799150566509855
val,image_block_06,r90_m,r90_m,e,0.7537373796700076,0.2418152094171856
val,image_block_06,r90_m,r180_m,r90,0.9130664494876533,0.3207011552311427
val,image_block_06,r90_m,r270_m,r180,1.0186411023614839,0.3638195052734539
val,image_block_06,r180_m,e,r180_m,0.0,0.0
val,image_block_06,r180_m,r90,r270_m,0.9338752537421252,0.3039489941624898
val,image_block_06,r180_m,r180,m,0.7423857549752861,0.16490553890246704
val,image_block_06,r180_m,r270,r90_m,0.9374862077627582,0.3003627191423423
val,image_block_06,r180_m,m,r180,0.735581906345107,0.1679605812020285
val,image_block_06,r180_m,r90_m,r270,0.9396748407079499,0.2992554807615591
val,image_block_06,r180_m,r180_m,e,0.3752659800918845,0.07858708022470459
val,image_block_06,r180_m,r270_m,r90,0.9273608899969931,0.29997386210764987
val,image_block_06,r270_m,e,r270_m,0.0,0.0
val,image_block_06,r270_m,r90,m,0.9760419200696038,0.3026753584854357
val,image_block_06,r270_m,r180,r90_m,0.9900122438337229,0.3811373784065964
val,image_block_06,r270_m,r270,r180_m,0.9662513995811594,0.3301099607798256
val,image_block_06,r270_m,m,r90,0.9004382125524351,0.32542655710964447
val,image_block_06,r270_m,r90_m,r180,1.0276050919772655,0.3604640534417324
val,image_block_06,r270_m,r180_m,r270,0.8981494862831182,0.3150066455869337
val,image_block_06,r270_m,r270_m,e,0.7051733326570547,0.21094430133762065
val,image_final_norm,e,e,e,0.0,0.0
val,image_final_norm,e,r90,r90,0.0,0.0
val,image_final_norm,e,r180,r180,0.0,0.0
val,image_final_norm,e,r270,r270,0.0,0.0
val,image_final_norm,e,m,m,0.0,0.0
val,image_final_norm,e,r90_m,r90_m,0.0,0.0
val,image_final_norm,e,r180_m,r180_m,0.0,0.0
val,image_final_norm,e,r270_m,r270_m,0.0,0.0
val,image_final_norm,r90,e,r90,0.0,0.0
val,image_final_norm,r90,r90,r180,1.0059686178852152,0.3591462205975787
val,image_final_norm,r90,r180,r270,0.9687456494705146,0.3752062545987391
val,image_final_norm,r90,r270,e,0.7552174318418053,0.23907268816909746
val,image_final_norm,r90,m,r270_m,0.8849844541083701,0.3324228766238517
val,image_final_norm,r90,r90_m,m,0.979108136195146,0.3204191222042608
val,image_final_norm,r90,r180_m,r90_m,0.8908091663618029,0.3212252154764463
val,image_final_norm,r90,r270_m,r180_m,0.9614653303869783,0.33686541604915154
val,image_final_norm,r180,e,r180,0.0,0.0
val,image_final_norm,r180,r90,r270,0.9975565458123649,0.35427241828557066
val,image_final_norm,r180,r180,e,0.49341921224358115,0.11583078586039933
val,image_final_norm,r180,r270,r90,0.9987309843224398,0.35566533384543153
val,image_final_norm,r180,m,r180_m,0.7618810492247717,0.1807708680926467
val,image_final_norm,r180,r90_m,r270_m,1.0310505561694685,0.3688811126839547
val,image_final_norm,r180,r180_m,m,0.7719099814925101,0.17901528615081697
val,image_final_norm,r180,r270_m,r90_m,1.023693772224454,0.3668110888917464
val,image_final_norm,r270,e,r270,0.0,0.0
val,image_final_norm,r270,r90,e,0.7552174318418051,0.2321770910832994
val,image_final_norm,r270,r180,r90,0.9668210753992104,0.37544923897598664
val,image_final_norm,r270,r270,r180,1.0047788747648088,0.35483723186127186
val,image_final_norm,r270,m,r90_m,0.9159139069520682,0.33424601969025075
val,image_final_norm,r270,r90_m,r180_m,0.9632352423985283,0.33868704287267193
val,image_final_norm,r270,r180_m,r270_m,0.9023228091774083,0.3148886883889008
val,image_final_norm,r270,r270_m,m,0.9479042959636076,0.312257292563648
val,image_final_norm,m,e,m,0.0,0.0
val,image_final_norm,m,r90,r90_m,0.9553344472996329,0.3087368212094901
val,image_final_norm,m,r180,r180_m,0.7767097125461514,0.1783233887234572
val,image_final_norm,m,r270,r270_m,0.9286888808792629,0.3079999012112612
val,image_final_norm,m,m,e,0.31052811815641207,0.08194620947416331
val,image_final_norm,m,r90_m,r90,0.9609863184990578,0.3110628996100008
val,image_final_norm,m,r180_m,r180,0.773884744678389,0.1782650778567823
val,image_final_norm,m,r270_m,r270,0.9320444161356547,0.3065279183919235
val,image_final_norm,r90_m,e,r90_m,0.0,0.0
val,image_final_norm,r90_m,r90,r180_m,0.9657846968283064,0.3408866385227968
val,image_final_norm,r90_m,r180,r270_m,0.9883128610620543,0.3852588748192527
val,image_final_norm,r90_m,r270,m,0.9799583066782782,0.3168551317177584
val,image_final_norm,r90_m,m,r270,0.9119371155218657,0.33314012296859624
val,image_final_norm,r90_m,r90_m,e,0.7414122763123598,0.24232906840761823
val,image_final_norm,r90_m,r180_m,r90,0.8942973456088117,0.3212313388564854
val,image_final_norm,r90_m,r270_m,r180,1.0205832115591573,0.37134252437215354
val,image_final_norm,r180_m,e,r180_m,0.0,0.0
val,image_final_norm,r180_m,r90,r270_m,0.9325361166457986,0.3090590200379231
val,image_final_norm,r180_m,r180,m,0.7650930098002233,0.16888376381032194
val,image_final_norm,r180_m,r270,r90_m,0.9260039909695369,0.3047960075595404
val,image_final_norm,r180_m,m,r180,0.7528961772632378,0.17075742952441236
val,image_final_norm,r180_m,r90_m,r270,0.926754515614004,0.30373206985633444
val,image_final_norm,r180_m,r180_m,e,0.3446730291117725,0.07656016700309534
val,image_final_norm,r180_m,r270_m,r90,0.9247369558160305,0.3056094014961997
val,image_final_norm,r270_m,e,r270_m,0.0,0.0
val,image_final_norm,r270_m,r90,m,0.958907600330517,0.3083692385192227
val,image_final_norm,r270_m,r180,r90_m,0.9924234810325552,0.38601774503883585
val,image_final_norm,r270_m,r270,r180_m,0.9685616433312874,0.33121198732995033
val,image_final_norm,r270_m,m,r90,0.8813392834164954,0.3291048389913339
val,image_final_norm,r270_m,r90_m,r180,1.0350273743753025,0.3665458047289183
val,image_final_norm,r270_m,r180_m,r270,0.8978278503408178,0.3131653258922741
val,image_final_norm,r270_m,r270_m,e,0.7025055980416115,0.21381395102151957
test,image_input_tokens,e,e,e,0.0,0.0
test,image_input_tokens,e,r90,r90,0.0,0.0
test,image_input_tokens,e,r180,r180,0.0,0.0
test,image_input_tokens,e,r270,r270,0.0,0.0
test,image_input_tokens,e,m,m,0.0,0.0
test,image_input_tokens,e,r90_m,r90_m,0.0,0.0
test,image_input_tokens,e,r180_m,r180_m,0.0,0.0
test,image_input_tokens,e,r270_m,r270_m,0.0,0.0
test,image_input_tokens,r90,e,r90,0.0,0.0
test,image_input_tokens,r90,r90,r180,1.0082463381099283,0.15606337065655804
test,image_input_tokens,r90,r180,r270,1.0081807283680568,0.16080274254270116
test,image_input_tokens,r90,r270,e,0.013216707954113612,0.009120130115665596
test,image_input_tokens,r90,m,r270_m,0.9877034825225449,0.16006374998608358
test,image_input_tokens,r90,r90_m,m,0.9966912681861317,0.15136871199235297
test,image_input_tokens,r90,r180_m,r90_m,0.9934045392443372,0.1670347477865361
test,image_input_tokens,r90,r270_m,r180_m,0.9795382928408776,0.14951025649042177
test,image_input_tokens,r180,e,r180,0.0,0.0
test,image_input_tokens,r180,r90,r270,1.0082394678919915,0.157011844627165
test,image_input_tokens,r180,r180,e,0.015554085395556052,0.008795730409147261
test,image_input_tokens,r180,r270,r90,1.0081556836398629,0.15574978552043578
test,image_input_tokens,r180,m,r180_m,0.9846455227961158,0.13926663933046676
test,image_input_tokens,r180,r90_m,r270_m,0.9991395776504165,0.15656021619611962
test,image_input_tokens,r180,r180_m,m,0.9846966914310985,0.14038694923236392
test,image_input_tokens,r180,r270_m,r90_m,0.9991997369785725,0.15933587223406834
test,image_input_tokens,r270,e,r270,0.0,0.0
test,image_input_tokens,r270,r90,e,0.013216707954113612,0.009322644766721965
test,image_input_tokens,r270,r180,r90,1.0080925977892623,0.16078554574844536
test,image_input_tokens,r270,r270,r180,1.0080907692749188,0.15744176276072241
test,image_input_tokens,r270,m,r90_m,0.9967213726555425,0.1729963199410939
test,image_input_tokens,r270,r90_m,r180_m,0.9934746203694969,0.15777626139033757
test,image_input_tokens,r270,r180_m,r270_m,0.9795964611600999,0.15855370613177472
test,image_input_tokens,r270,r270_m,m,0.9875843141445952,0.1443107761939079
test,image_input_tokens,m,e,m,0.0,0.0
test,image_input_tokens,m,r90,r90_m,0.9967763202127367,0.1554664083495403
test,image_input_tokens,m,r180,r180_m,0.9846449193686166,0.13453813324557382
test,image_input_tokens,m,r270,r270_m,0.9876935730096398,0.1437085215468355
test,image_input_tokens,m,m,e,0.00825547923165383,0.005626083494578376
test,image_input_tokens,m,r90_m,r90,0.9967588223785414,0.15142376969760843
test,image_input_tokens,m,r180_m,r180,0.9846247094882462,0.14039634378221322
test,image_input_tokens,m,r270_m,r270,0.9876138543982748,0.14443282456601614
test,image_input_tokens,r90_m,e,r90_m,0.0,0.0
test,image_input_tokens,r90_m,r90,r180_m,0.9932772444395654,0.16087941049971027
test,image_input_tokens,r90_m,r180,r270_m,0.999304525977757,0.16359852795115107
test,image_input_tokens,r90_m,r270,m,0.9968733827406419,0.15542711049857058
test,image_input_tokens,r90_m,m,r270,0.9967607344952959,0.17300715544437423
test,image_input_tokens,r90_m,r90_m,e,0.016345685626316532,0.011811588186623126
test,image_input_tokens,r90_m,r180_m,r90,0.9933874126651977,0.16697560869989464
test,image_input_tokens,r90_m,r270_m,r180,0.9992339546958233,0.15945854082482117
test,image_input_tokens,r180_m,e,r180_m,0.0,0.0
test,image_input_tokens,r180_m,r90,r270_m,0.9795514931422339,0.1469343479615884
test,image_input_tokens,r180_m,r180,m,0.9846061069366294,0.1344783008527136
test,image_input_tokens,r180_m,r270,r90_m,0.9932886650154007,0.16042487816589782
test,image_input_tokens,r180_m,m,r180,0.9846319184420876,0.13907487819520953
test,image_input_tokens,r180_m,r90_m,r270,0.9933314663060977,0.15715026087854325
test,image_input_tokens,r180_m,r180_m,e,0.009180792797788518,0.005244300356487596
test,image_input_tokens,r180_m,r270_m,r90,0.9795099856978349,0.14921081608689227
test,image_input_tokens,r270_m,e,r270_m,0.0,0.0
test,image_input_tokens,r270_m,r90,m,0.9878270007968928,0.1437956121879041
test,image_input_tokens,r270_m,r180,r90_m,0.9991325759013577,0.16354075189837713
test,image_input_tokens,r270_m,r270,r180_m,0.9796273968228065,0.1478087359037244
test,image_input_tokens,r270_m,m,r90,0.9877619912552826,0.16023405474764182
test,image_input_tokens,r270_m,r90_m,r180,0.9991193697779881,0.15697473344066792
test,image_input_tokens,r270_m,r180_m,r270,0.9796146341797737,0.15848120332983934
test,image_input_tokens,r270_m,r270_m,e,0.008241667190353078,0.007049000116061529
test,image_block_01,e,e,e,0.0,0.0
test,image_block_01,e,r90,r90,0.0,0.0
test,image_block_01,e,r180,r180,0.0,0.0
test,image_block_01,e,r270,r270,0.0,0.0
test,image_block_01,e,m,m,0.0,0.0
test,image_block_01,e,r90_m,r90_m,0.0,0.0
test,image_block_01,e,r180_m,r180_m,0.0,0.0
test,image_block_01,e,r270_m,r270_m,0.0,0.0
test,image_block_01,r90,e,r90,0.0,0.0
test,image_block_01,r90,r90,r180,0.9799231876554997,0.22844201605136924
test,image_block_01,r90,r180,r270,0.9609985101554317,0.2387824578071149
test,image_block_01,r90,r270,e,0.554270789845252,0.08925504942161276
test,image_block_01,r90,m,r270_m,0.8898514296988034,0.2090995143343222
test,image_block_01,r90,r90_m,m,0.9212036918326432,0.1523462104457323
test,image_block_01,r90,r180_m,r90_m,0.9338428643695281,0.20986169771726285
test,image_block_01,r90,r270_m,r180_m,0.9243857897408537,0.21166268041627537
test,image_block_01,r180,e,r180,0.0,0.0
test,image_block_01,r180,r90,r270,0.9755312498656271,0.229062537770192
test,image_block_01,r180,r180,e,0.4278625722936796,0.04351161078676483
test,image_block_01,r180,r270,r90,0.9757871945260375,0.23250206515455119
test,image_block_01,r180,m,r180_m,0.7824529251696147,0.059005979873388785
test,image_block_01,r180,r90_m,r270_m,0.979382412305734,0.24623366069708022
test,image_block_01,r180,r180_m,m,0.7859463782169495,0.061552182675627225
test,image_block_01,r180,r270_m,r90_m,0.969881259735902,0.2439770091410335
test,image_block_01,r270,e,r270,0.0,0.0
test,image_block_01,r270,r90,e,0.554270789845252,0.09035468180343574
test,image_block_01,r270,r180,r90,0.968225916084721,0.23826013034518026
test,image_block_01,r270,r270,r180,0.9706241076586416,0.22542904234755154
test,image_block_01,r270,m,r90_m,0.9002700864111557,0.2112140696865424
test,image_block_01,r270,r90_m,r180_m,0.9413617959064756,0.2203441065709557
test,image_block_01,r270,r180_m,r270_m,0.9065238705452117,0.1976961933138545
test,image_block_01,r270,r270_m,m,0.9128372902126569,0.1541796848766451
test,image_block_01,m,e,m,0.0,0.0
test,image_block_01,m,r90,r90_m,0.9222351271255492,0.16215311857980738
test,image_block_01,m,r180,r180_m,0.7767973963574408,0.060807112975480526
test,image_block_01,m,r270,r270_m,0.9166488515364667,0.16430381359520918
test,image_block_01,m,m,e,0.32789281801600956,0.02941036714911513
test,image_block_01,m,r90_m,r90,0.9238487319520942,0.161765514155018
test,image_block_01,m,r180_m,r180,0.7687575528320509,0.05918543839664309
test,image_block_01,m,r270_m,r270,0.9150131724235306,0.16295796434502627
test,image_block_01,r90_m,e,r90_m,0.0,0.0
test,image_block_01,r90_m,r90,r180_m,0.9568353864687182,0.21975097092099957
test,image_block_01,r90_m,r180,r270_m,0.9566747412900211,0.24987896168909193
test,image_block_01,r90_m,r270,m,0.9265378700342162,0.15037865370780085
test,image_block_01,r90_m,m,r270,0.896200746047301,0.21172500608901954
test,image_block_01,r90_m,r90_m,e,0.5248789143990735,0.09025942962929019
test,image_block_01,r90_m,r180_m,r90,0.9304878648584308,0.20874900950373215
test,image_block_01,r90_m,r270_m,r180,0.9696983969245491,0.24060863977907185
test,image_block_01,r180_m,e,r180_m,0.0,0.0
test,image_block_01,r180_m,r90,r270_m,0.9253454470363781,0.1942944546572548
test,image_block_01,r180_m,r180,m,0.7854514938979938,0.05354819543550739
test,image_block_01,r180_m,r270,r90_m,0.9390970479944483,0.20204781309182548
test,image_block_01,r180_m,m,r180,0.7756407662324899,0.05212026632444738
test,image_block_01,r180_m,r90_m,r270,0.9431475444493869,0.20195568522452756
test,image_block_01,r180_m,r180_m,e,0.32906138413407243,0.02532546748794018
test,image_block_01,r180_m,r270_m,r90,0.9221473506359166,0.19756993398037334
test,image_block_01,r270_m,e,r270_m,0.0,0.0
test,image_block_01,r270_m,r90,m,0.920519464810105,0.14369826710807904
test,image_block_01,r270_m,r180,r90_m,0.9559560316259259,0.2493081997743317
test,image_block_01,r270_m,r270,r180_m,0.9208536365327635,0.20736870280683847
test,image_block_01,r270_m,m,r90,0.8899342202998609,0.20838197139116568
test,image_block_01,r270_m,r90_m,r180,0.9626227504878752,0.24023290616550066
test,image_block_01,r270_m,r180_m,r270,0.9013393855822986,0.19574365852142478
test,image_block_01,r270_m,r270_m,e,0.49175088015285623,0.07292721015024314
test,image_block_02,e,e,e,0.0,0.0
test,image_block_02,e,r90,r90,0.0,0.0
test,image_block_02,e,r180,r180,0.0,0.0
test,image_block_02,e,r270,r270,0.0,0.0
test,image_block_02,e,m,m,0.0,0.0
test,image_block_02,e,r90_m,r90_m,0.0,0.0
test,image_block_02,e,r180_m,r180_m,0.0,0.0
test,image_block_02,e,r270_m,r270_m,0.0,0.0
test,image_block_02,r90,e,r90,0.0,0.0
test,image_block_02,r90,r90,r180,1.0097153213086991,0.27796318870483694
test,image_block_02,r90,r180,r270,0.9780819811580281,0.2980207485316298
test,image_block_02,r90,r270,e,0.6962561535740498,0.16826026547474238
test,image_block_02,r90,m,r270_m,0.892746339576747,0.2557337949879391
test,image_block_02,r90,r90_m,m,0.9683545135059894,0.22565949927099738
test,image_block_02,r90,r180_m,r90_m,0.9340411158506293,0.2696915366652419
test,image_block_02,r90,r270_m,r180_m,0.977682011470886,0.27140247984530336
test,image_block_02,r180,e,r180,0.0,0.0
test,image_block_02,r180,r90,r270,1.011059091359262,0.2824667313818214
test,image_block_02,r180,r180,e,0.4827955605947771,0.08028883226999314
test,image_block_02,r180,r270,r90,1.0120380435379224,0.2860206023943022
test,image_block_02,r180,m,r180_m,0.7478613505468904,0.11571526843307109
test,image_block_02,r180,r90_m,r270_m,1.0126928496437266,0.29421430694055073
test,image_block_02,r180,r180_m,m,0.7719480186547336,0.1152219938661784
test,image_block_02,r180,r270_m,r90_m,1.0019418847283326,0.29269445315136305
test,image_block_02,r270,e,r270,0.0,0.0
test,image_block_02,r270,r90,e,0.6962561535740498,0.16196926505118067
test,image_block_02,r270,r180,r90,0.978276232205574,0.3000825369394712
test,image_block_02,r270,r270,r180,1.0048860446964532,0.27920189872054463
test,image_block_02,r270,m,r90_m,0.9084489543858326,0.2523491359232359
test,image_block_02,r270,r90_m,r180_m,0.9770376026893642,0.2701214891229059
test,image_block_02,r270,r180_m,r270_m,0.9418313442027588,0.2721363110317636
test,image_block_02,r270,r270_m,m,0.952032058386442,0.2217003014090393
test,image_block_02,m,e,m,0.0,0.0
test,image_block_02,m,r90,r90_m,0.9516088967587949,0.23406846702796133
test,image_block_02,m,r180,r180_m,0.7754236993185017,0.11662546122963784
test,image_block_02,m,r270,r270_m,0.9447430943042653,0.23364623984735264
test,image_block_02,m,m,e,0.27454476147267304,0.04525223072685237
test,image_block_02,m,r90_m,r90,0.9516061540800693,0.23356450366250342
test,image_block_02,m,r180_m,r180,0.7697635820073069,0.11323578017761636
test,image_block_02,m,r270_m,r270,0.9436312675564723,0.23192564605551674
test,image_block_02,r90_m,e,r90_m,0.0,0.0
test,image_block_02,r90_m,r90,r180_m,0.9649369292356388,0.2641747842389168
test,image_block_02,r90_m,r180,r270_m,0.9747933420355792,0.3052070721425326
test,image_block_02,r90_m,r270,m,0.9550789251017315,0.22301918218878045
test,image_block_02,r90_m,m,r270,0.9085493817469489,0.2516650690605429
test,image_block_02,r90_m,r90_m,e,0.634483127977596,0.16048145068795386
test,image_block_02,r90_m,r180_m,r90,0.9308152861874234,0.26789079875805194
test,image_block_02,r90_m,r270_m,r180,1.0019229414762345,0.2846983577754654
test,image_block_02,r180_m,e,r180_m,0.0,0.0
test,image_block_02,r180_m,r90,r270_m,0.9566543830590161,0.24498940663250698
test,image_block_02,r180_m,r180,m,0.7593315482239826,0.1021445610608452
test,image_block_02,r180_m,r270,r90_m,0.9588538355903734,0.24306913344755518
test,image_block_02,r180_m,m,r180,0.7417978796398901,0.10862001833322404
test,image_block_02,r180_m,r90_m,r270,0.9626229755333504,0.23709535265733106
test,image_block_02,r180_m,r180_m,e,0.3511922423385585,0.0497447968861749
test,image_block_02,r180_m,r270_m,r90,0.9520206657491671,0.24504520011322503
test,image_block_02,r270_m,e,r270_m,0.0,0.0
test,image_block_02,r270_m,r90,m,0.9444493866513319,0.21399024346848206
test,image_block_02,r270_m,r180,r90_m,0.9720431389471211,0.3087141285797978
test,image_block_02,r270_m,r270,r180_m,0.9761963721768928,0.26643436456380026
test,image_block_02,r270_m,m,r90,0.8931053602889172,0.25457453632278515
test,image_block_02,r270_m,r90_m,r180,1.0115835743282147,0.2847014780957258
test,image_block_02,r270_m,r180_m,r270,0.9341257355621305,0.2704260006733793
test,image_block_02,r270_m,r270_m,e,0.633067175083408,0.14493247735488282
test,image_block_03,e,e,e,0.0,0.0
test,image_block_03,e,r90,r90,0.0,0.0
test,image_block_03,e,r180,r180,0.0,0.0
test,image_block_03,e,r270,r270,0.0,0.0
test,image_block_03,e,m,m,0.0,0.0
test,image_block_03,e,r90_m,r90_m,0.0,0.0
test,image_block_03,e,r180_m,r180_m,0.0,0.0
test,image_block_03,e,r270_m,r270_m,0.0,0.0
test,image_block_03,r90,e,r90,0.0,0.0
test,image_block_03,r90,r90,r180,1.007599927294886,0.31052643306425304
test,image_block_03,r90,r180,r270,0.9745665139410912,0.33477682040060336
test,image_block_03,r90,r270,e,0.705350940920921,0.19691514993244635
test,image_block_03,r90,m,r270_m,0.89869802472925,0.2911293085062821
test,image_block_03,r90,r90_m,m,0.9674363089592692,0.25948471186267946
test,image_block_03,r90,r180_m,r90_m,0.9239840215184038,0.2908096307179478
test,image_block_03,r90,r270_m,r180_m,0.969189929854003,0.30237878166221516
test,image_block_03,r180,e,r180,0.0,0.0
test,image_block_03,r180,r90,r270,1.0106825424671722,0.30861825515559177
test,image_block_03,r180,r180,e,0.5144982733348654,0.08995810262708466
test,image_block_03,r180,r270,r90,1.0084997161132263,0.310480787660145
test,image_block_03,r180,m,r180_m,0.7995050998417977,0.13888660945274375
test,image_block_03,r180,r90_m,r270_m,1.0049611753481318,0.3206581201540215
test,image_block_03,r180,r180_m,m,0.7993251706725879,0.13456778701402225
test,image_block_03,r180,r270_m,r90_m,1.0083539501090573,0.3232882743403759
test,image_block_03,r270,e,r270,0.0,0.0
test,image_block_03,r270,r90,e,0.7053509409209209,0.1853658724805775
test,image_block_03,r270,r180,r90,0.9786850635784353,0.33471424770492997
test,image_block_03,r270,r270,r180,0.9997040486270584,0.30533528356828693
test,image_block_03,r270,m,r90_m,0.9094175533452674,0.2747685480198218
test,image_block_03,r270,r90_m,r180_m,0.9613348024649774,0.28982368498129335
test,image_block_03,r270,r180_m,r270_m,0.9102393612554265,0.2939939913953458
test,image_block_03,r270,r270_m,m,0.9562065477504186,0.2547138084497419
test,image_block_03,m,e,m,0.0,0.0
test,image_block_03,m,r90,r90_m,0.960538486952068,0.2634715991680641
test,image_block_03,m,r180,r180_m,0.8105750901755036,0.13646652969451697
test,image_block_03,m,r270,r270_m,0.9484224442615343,0.25964075424259286
test,image_block_03,m,m,e,0.36112699032999257,0.06059034468674224
test,image_block_03,m,r90_m,r90,0.9596339304357243,0.26296431554748706
test,image_block_03,m,r180_m,r180,0.7981130154678173,0.13210491391164014
test,image_block_03,m,r270_m,r270,0.9423947530427667,0.25925394026528426
test,image_block_03,r90_m,e,r90_m,0.0,0.0
test,image_block_03,r90_m,r90,r180_m,0.9727110890103275,0.2952410098096294
test,image_block_03,r90_m,r180,r270_m,0.9784921579084902,0.33954672547978165
test,image_block_03,r90_m,r270,m,0.9649338278152465,0.26086059397034095
test,image_block_03,r90_m,m,r270,0.9089977706742126,0.274989879136922
test,image_block_03,r90_m,r90_m,e,0.6899055483753975,0.19468260840505802
test,image_block_03,r90_m,r180_m,r90,0.9205651379204012,0.2896241442102804
test,image_block_03,r90_m,r270_m,r180,1.0057106512093288,0.3205993186239538
test,image_block_03,r180_m,e,r180_m,0.0,0.0
test,image_block_03,r180_m,r90,r270_m,0.9507698778185035,0.2676143442984444
test,image_block_03,r180_m,r180,m,0.7997171519014755,0.12644942375452545
test,image_block_03,r180_m,r270,r90_m,0.9331093727928095,0.26200661860167934
test,image_block_03,r180_m,m,r180,0.7850705809504904,0.13144904394802423
test,image_block_03,r180_m,r90_m,r270,0.931033776635111,0.2599833926575031
test,image_block_03,r180_m,r180_m,e,0.34150828026032815,0.05735965600161157
test,image_block_03,r180_m,r270_m,r90,0.9496503460656346,0.2702618244967675
test,image_block_03,r270_m,e,r270_m,0.0,0.0
test,image_block_03,r270_m,r90,m,0.9563818525045945,0.2476135569401806
test,image_block_03,r270_m,r180,r90_m,0.9770231314203226,0.34185622911571156
test,image_block_03,r270_m,r270,r180_m,0.9613159994284525,0.2857451090806363
test,image_block_03,r270_m,m,r90,0.8975484338794111,0.2882642722334562
test,image_block_03,r270_m,r90_m,r180,1.0036343437505624,0.3088730295868132
test,image_block_03,r270_m,r180_m,r270,0.9137682352770932,0.2920672399327239
test,image_block_03,r270_m,r270_m,e,0.680866172718943,0.17532866271158626
test,image_block_04,e,e,e,0.0,0.0
test,image_block_04,e,r90,r90,0.0,0.0
test,image_block_04,e,r180,r180,0.0,0.0
test,image_block_04,e,r270,r270,0.0,0.0
test,image_block_04,e,m,m,0.0,0.0
test,image_block_04,e,r90_m,r90_m,0.0,0.0
test,image_block_04,e,r180_m,r180_m,0.0,0.0
test,image_block_04,e,r270_m,r270_m,0.0,0.0
test,image_block_04,r90,e,r90,0.0,0.0
test,image_block_04,r90,r90,r180,1.022499183361485,0.3095287394325859
test,image_block_04,r90,r180,r270,0.987456499443059,0.33508321885326275
test,image_block_04,r90,r270,e,0.7300038175736425,0.20470186348431668
test,image_block_04,r90,m,r270_m,0.9116408203993571,0.29960084610816495
test,image_block_04,r90,r90_m,m,0.9719274717224904,0.27034680293035834
test,image_block_04,r90,r180_m,r90_m,0.9237829583733931,0.2991247152960876
test,image_block_04,r90,r270_m,r180_m,0.9699282101658997,0.2972699128592988
test,image_block_04,r180,e,r180,0.0,0.0
test,image_block_04,r180,r90,r270,1.019386865244435,0.30741457105536135
test,image_block_04,r180,r180,e,0.4691196054421248,0.09453460095663803
test,image_block_04,r180,r270,r90,1.0240275894520257,0.30803455393770474
test,image_block_04,r180,m,r180_m,0.788506041468731,0.15262181492235075
test,image_block_04,r180,r90_m,r270_m,0.9959772955146904,0.31333307160687346
test,image_block_04,r180,r180_m,m,0.7945424832614387,0.14950842154470437
test,image_block_04,r180,r270_m,r90_m,1.004203205829797,0.3154933389189792
test,image_block_04,r270,e,r270,0.0,0.0
test,image_block_04,r270,r90,e,0.7300038175736426,0.19336649421491225
test,image_block_04,r270,r180,r90,0.9901901217111138,0.3351529205836585
test,image_block_04,r270,r270,r180,1.0148554551070534,0.306675070649787
test,image_block_04,r270,m,r90_m,0.9193546922596949,0.28937850250167435
test,image_block_04,r270,r90_m,r180_m,0.9658913476519988,0.2967477464461338
test,image_block_04,r270,r180_m,r270_m,0.91587430361386,0.29593451153946865
test,image_block_04,r270,r270_m,m,0.9688345895556245,0.26319739430965305
test,image_block_04,m,e,m,0.0,0.0
test,image_block_04,m,r90,r90_m,0.9676563367224567,0.2691886673191242
test,image_block_04,m,r180,r180_m,0.8058144667852388,0.15056585221342061
test,image_block_04,m,r270,r270_m,0.9488961688926587,0.26192506190830467
test,image_block_04,m,m,e,0.40033971562089854,0.07190708494908746
test,image_block_04,m,r90_m,r90,0.9653847489826651,0.26788129562469115
test,image_block_04,m,r180_m,r180,0.7960102861215431,0.1483374266317785
test,image_block_04,m,r270_m,r270,0.9452580148208929,0.263046433191233
test,image_block_04,r90_m,e,r90_m,0.0,0.0
test,image_block_04,r90_m,r90,r180_m,0.9823635826365702,0.29931167330313296
test,image_block_04,r90_m,r180,r270_m,0.9871468080829889,0.34123228830449803
test,image_block_04,r90_m,r270,m,0.9755427948891585,0.2680258877018838
test,image_block_04,r90_m,m,r270,0.9202177451005804,0.2910227613495603
test,image_block_04,r90_m,r90_m,e,0.7214696253906211,0.20250288049637105
test,image_block_04,r90_m,r180_m,r90,0.9234428789641714,0.2978003465863592
test,image_block_04,r90_m,r270_m,r180,1.0043272251880249,0.31727844340513817
test,image_block_04,r180_m,e,r180_m,0.0,0.0
test,image_block_04,r180_m,r90,r270_m,0.9412744226969227,0.2680123989469157
test,image_block_04,r180_m,r180,m,0.7899135790298268,0.14103364531329332
test,image_block_04,r180_m,r270,r90_m,0.9349308331836403,0.26544555144271986
test,image_block_04,r180_m,m,r180,0.7788495695176836,0.1440351113727065
test,image_block_04,r180_m,r90_m,r270,0.931341726560174,0.26433345884851855
test,image_block_04,r180_m,r180_m,e,0.39538200728502293,0.0657407571925392
test,image_block_04,r180_m,r270_m,r90,0.9407286229293561,0.26764637481926423
test,image_block_04,r270_m,e,r270_m,0.0,0.0
test,image_block_04,r270_m,r90,m,0.9580937591259863,0.2567779859381898
test,image_block_04,r270_m,r180,r90_m,0.9789957083035178,0.3413794230524357
test,image_block_04,r270_m,r270,r180_m,0.9611438569499176,0.2880451132841074
test,image_block_04,r270_m,m,r90,0.9112841837377547,0.2963398421749581
test,image_block_04,r270_m,r90_m,r180,1.0062055313696248,0.31054606994201017
test,image_block_04,r270_m,r180_m,r270,0.9157741041939279,0.29299578191374626
test,image_block_04,r270_m,r270_m,e,0.6689717916754805,0.17623663058966768
test,image_block_05,e,e,e,0.0,0.0
test,image_block_05,e,r90,r90,0.0,0.0
test,image_block_05,e,r180,r180,0.0,0.0
test,image_block_05,e,r270,r270,0.0,0.0
test,image_block_05,e,m,m,0.0,0.0
test,image_block_05,e,r90_m,r90_m,0.0,0.0
test,image_block_05,e,r180_m,r180_m,0.0,0.0
test,image_block_05,e,r270_m,r270_m,0.0,0.0
test,image_block_05,r90,e,r90,0.0,0.0
test,image_block_05,r90,r90,r180,1.0232411035936264,0.32818789176729707
test,image_block_05,r90,r180,r270,1.0071441010371898,0.3566730297505466
test,image_block_05,r90,r270,e,0.7463490949831622,0.2180821120240877
test,image_block_05,r90,m,r270_m,0.909774830644309,0.31649000528949695
test,image_block_05,r90,r90_m,m,0.9836183889946069,0.29242629173116247
test,image_block_05,r90,r180_m,r90_m,0.9362854544424231,0.31172331772092643
test,image_block_05,r90,r270_m,r180_m,0.9672212105535761,0.3137444199360959
test,image_block_05,r180,e,r180,0.0,0.0
test,image_block_05,r180,r90,r270,1.0151348535737916,0.3273429222287303
test,image_block_05,r180,r180,e,0.532309078976802,0.1131548256088805
test,image_block_05,r180,r270,r90,1.0129850847213122,0.32540944750988604
test,image_block_05,r180,m,r180_m,0.7952344193996823,0.17305834531207293
test,image_block_05,r180,r90_m,r270_m,1.0259936175305628,0.33585005853262145
test,image_block_05,r180,r180_m,m,0.7954034640057361,0.17258201173375023
test,image_block_05,r180,r270_m,r90_m,1.024407797593829,0.3349538107683824
test,image_block_05,r270,e,r270,0.0,0.0
test,image_block_05,r270,r90,e,0.7463490949831622,0.21250936413766283
test,image_block_05,r270,r180,r90,0.9903235410194484,0.35323661112081095
test,image_block_05,r270,r270,r180,1.031695540860529,0.33235137604853343
test,image_block_05,r270,m,r90_m,0.9279749813508873,0.3150941160860871
test,image_block_05,r270,r90_m,r180_m,0.9811117124931854,0.32375804520024554
test,image_block_05,r270,r180_m,r270_m,0.9233933330125985,0.30745720770766866
test,image_block_05,r270,r270_m,m,0.9655832309588427,0.2867661434324571
test,image_block_05,m,e,m,0.0,0.0
test,image_block_05,m,r90,r90_m,0.9703940274295499,0.28831309239403924
test,image_block_05,m,r180,r180_m,0.8064409880820518,0.17206110071959982
test,image_block_05,m,r270,r270_m,0.9605802145174901,0.2848191387556419
test,image_block_05,m,m,e,0.40522618047114717,0.08610724155193597
test,image_block_05,m,r90_m,r90,0.9727714250147335,0.28839037533833833
test,image_block_05,m,r180_m,r180,0.798696844617611,0.17223199539347553
test,image_block_05,m,r270_m,r270,0.957366249362304,0.28406127588499736
test,image_block_05,r90_m,e,r90_m,0.0,0.0
test,image_block_05,r90_m,r90,r180_m,0.9885362294809384,0.31985289367703024
test,image_block_05,r90_m,r180,r270_m,0.9960332305506269,0.3645559266583904
test,image_block_05,r90_m,r270,m,0.9808475851350029,0.29176322730125903
test,image_block_05,r90_m,m,r270,0.9300444717475878,0.3163290819418845
test,image_block_05,r90_m,r90_m,e,0.7498938883820037,0.220674250910453
test,image_block_05,r90_m,r180_m,r90,0.9368667720059035,0.31094243841492875
test,image_block_05,r90_m,r270_m,r180,1.0218597064561947,0.33661261509149865
test,image_block_05,r180_m,e,r180_m,0.0,0.0
test,image_block_05,r180_m,r90,r270_m,0.934989879989757,0.2889439835811703
test,image_block_05,r180_m,r180,m,0.7950184966010899,0.16270386032918072
test,image_block_05,r180_m,r270,r90_m,0.9470076946380435,0.287517703565661
test,image_block_05,r180_m,m,r180,0.7781629034199679,0.1642240030691813
test,image_block_05,r180_m,r90_m,r270,0.9475140226550833,0.287557907362558
test,image_block_05,r180_m,r180_m,e,0.34457574883415437,0.07367794927988616
test,image_block_05,r180_m,r270_m,r90,0.9375005529061656,0.2847073141255301
test,image_block_05,r270_m,e,r270_m,0.0,0.0
test,image_block_05,r270_m,r90,m,0.9716457269060353,0.28039936639764806
test,image_block_05,r270_m,r180,r90_m,0.9897936534410673,0.36251519155895107
test,image_block_05,r270_m,r270,r180_m,0.9659068301661886,0.30903145533942084
test,image_block_05,r270_m,m,r90,0.9060839563955375,0.31466736879257384
test,image_block_05,r270_m,r90_m,r180,1.0276717600382301,0.33629896117714747
test,image_block_05,r270_m,r180_m,r270,0.9163029980230601,0.3051484740865686
test,image_block_05,r270_m,r270_m,e,0.6892888045829139,0.19510807131591676
test,image_block_06,e,e,e,0.0,0.0
test,image_block_06,e,r90,r90,0.0,0.0
test,image_block_06,e,r180,r180,0.0,0.0
test,image_block_06,e,r270,r270,0.0,0.0
test,image_block_06,e,m,m,0.0,0.0
test,image_block_06,e,r90_m,r90_m,0.0,0.0
test,image_block_06,e,r180_m,r180_m,0.0,0.0
test,image_block_06,e,r270_m,r270_m,0.0,0.0
test,image_block_06,r90,e,r90,0.0,0.0
test,image_block_06,r90,r90,r180,1.0122947013185972,0.3605963176631859
test,image_block_06,r90,r180,r270,0.9777761649794124,0.3764241987077809
test,image_block_06,r90,r270,e,0.7479019534962258,0.23854584397698578
test,image_block_06,r90,m,r270_m,0.9005279746381352,0.33389239328210507
test,image_block_06,r90,r90_m,m,0.9797291789055,0.3225118855232222
test,image_block_06,r90,r180_m,r90_m,0.912312320971976,0.32354591320478976
test,image_block_06,r90,r270_m,r180_m,0.9586039961634404,0.33815834725608
test,image_block_06,r180,e,r180,0.0,0.0
test,image_block_06,r180,r90,r270,1.0091694181386377,0.353524364002494
test,image_block_06,r180,r180,e,0.515300419933182,0.11599154552843115
test,image_block_06,r180,r270,r90,1.0090821091705235,0.3574260795807958
test,image_block_06,r180,m,r180_m,0.7560414806558757,0.17737297456842338
test,image_block_06,r180,r90_m,r270_m,1.0262263117324764,0.3641270021642395
test,image_block_06,r180,r180_m,m,0.7656352266611125,0.17782505927479272
test,image_block_06,r180,r270_m,r90_m,1.024972911144743,0.36470433974438793
test,image_block_06,r270,e,r270,0.0,0.0
test,image_block_06,r270,r90,e,0.7479019534962258,0.2317505849076332
test,image_block_06,r270,r180,r90,0.9733447441272713,0.3746502384990881
test,image_block_06,r270,r270,r180,1.0208076252110976,0.35875183276162387
test,image_block_06,r270,m,r90_m,0.9177459651171617,0.33666805260018257
test,image_block_06,r270,r90_m,r180_m,0.9779906182910004,0.34529668226757554
test,image_block_06,r270,r180_m,r270_m,0.907371774756253,0.31725163987918636
test,image_block_06,r270,r270_m,m,0.9566771765816842,0.31152705409079223
test,image_block_06,m,e,m,0.0,0.0
test,image_block_06,m,r90,r90_m,0.9434897658503273,0.31041011315381456
test,image_block_06,m,r180,r180_m,0.7659958329617981,0.17686140818407228
test,image_block_06,m,r270,r270_m,0.943703364164697,0.30523760844824843
test,image_block_06,m,m,e,0.3825588952211249,0.08621877941272597
test,image_block_06,m,r90_m,r90,0.9505864683159415,0.31067904775510813
test,image_block_06,m,r180_m,r180,0.7600517597050769,0.17673973867187076
test,image_block_06,m,r270_m,r270,0.9444275393692888,0.3044963192690837
test,image_block_06,r90_m,e,r90_m,0.0,0.0
test,image_block_06,r90_m,r90,r180_m,0.9819360365420378,0.34060015645471853
test,image_block_06,r90_m,r180,r270_m,0.9877681761334111,0.38693348426035207
test,image_block_06,r90_m,r270,m,0.9754723943027009,0.3168508879995215
test,image_block_06,r90_m,m,r270,0.9135528775537042,0.3364490648294329
test,image_block_06,r90_m,r90_m,e,0.7537373796700076,0.24308596305497945
test,image_block_06,r90_m,r180_m,r90,0.9130664494876533,0.3227854684194878
test,image_block_06,r90_m,r270_m,r180,1.0186411023614839,0.3678736584529806
test,image_block_06,r180_m,e,r180_m,0.0,0.0
test,image_block_06,r180_m,r90,r270_m,0.9338752537421252,0.3077387403550633
test,image_block_06,r180_m,r180,m,0.7423857549752861,0.16470748696263865
test,image_block_06,r180_m,r270,r90_m,0.9374862077627582,0.3070264254112815
test,image_block_06,r180_m,m,r180,0.735581906345107,0.16670812385021944
test,image_block_06,r180_m,r90_m,r270,0.9396748407079499,0.30519330456478444
test,image_block_06,r180_m,r180_m,e,0.3752659800918845,0.07844482505052157
test,image_block_06,r180_m,r270_m,r90,0.9273608899969931,0.3063612051875535
test,image_block_06,r270_m,e,r270_m,0.0,0.0
test,image_block_06,r270_m,r90,m,0.9760419200696038,0.30515515176216407
test,image_block_06,r270_m,r180,r90_m,0.9900122438337229,0.38557508636734095
test,image_block_06,r270_m,r270,r180_m,0.9662513995811594,0.3338573930273759
test,image_block_06,r270_m,m,r90,0.9004382125524351,0.3315816664898646
test,image_block_06,r270_m,r90_m,r180,1.0276050919772655,0.3644361963990053
test,image_block_06,r270_m,r180_m,r270,0.8981494862831182,0.31473996478837624
test,image_block_06,r270_m,r270_m,e,0.7051733326570547,0.2132069870326309
test,image_final_norm,e,e,e,0.0,0.0
test,image_final_norm,e,r90,r90,0.0,0.0
test,image_final_norm,e,r180,r180,0.0,0.0
test,image_final_norm,e,r270,r270,0.0,0.0
test,image_final_norm,e,m,m,0.0,0.0
test,image_final_norm,e,r90_m,r90_m,0.0,0.0
test,image_final_norm,e,r180_m,r180_m,0.0,0.0
test,image_final_norm,e,r270_m,r270_m,0.0,0.0
test,image_final_norm,r90,e,r90,0.0,0.0
test,image_final_norm,r90,r90,r180,1.0059686178852152,0.367624818041217
test,image_final_norm,r90,r180,r270,0.9687456494705146,0.3805070332574422
test,image_final_norm,r90,r270,e,0.7552174318418053,0.24220888635649854
test,image_final_norm,r90,m,r270_m,0.8849844541083701,0.3380115495108279
test,image_final_norm,r90,r90_m,m,0.979108136195146,0.32470843196119886
test,image_final_norm,r90,r180_m,r90_m,0.8908091663618029,0.32131700227878496
test,image_final_norm,r90,r270_m,r180_m,0.9614653303869783,0.3432902388541861
test,image_final_norm,r180,e,r180,0.0,0.0
test,image_final_norm,r180,r90,r270,0.9975565458123649,0.3555344242307395
test,image_final_norm,r180,r180,e,0.49341921224358115,0.11553328196218747
test,image_final_norm,r180,r270,r90,0.9987309843224398,0.3601894199965671
test,image_final_norm,r180,m,r180_m,0.7618810492247717,0.17794225122350837
test,image_final_norm,r180,r90_m,r270_m,1.0310505561694685,0.3693229509662656
test,image_final_norm,r180,r180_m,m,0.7719099814925101,0.1776200361072177
test,image_final_norm,r180,r270_m,r90_m,1.023693772224454,0.3701461526017539
test,image_final_norm,r270,e,r270,0.0,0.0
test,image_final_norm,r270,r90,e,0.7552174318418051,0.23430433235723575
test,image_final_norm,r270,r180,r90,0.9668210753992104,0.3786031070394428
test,image_final_norm,r270,r270,r180,1.0047788747648088,0.3603110296514601
test,image_final_norm,r270,m,r90_m,0.9159139069520682,0.3402460897888324
test,image_final_norm,r270,r90_m,r180_m,0.9632352423985283,0.34394794100590725
test,image_final_norm,r270,r180_m,r270_m,0.9023228091774083,0.3149273743984648
test,image_final_norm,r270,r270_m,m,0.9479042959636076,0.3156817164025496
test,image_final_norm,m,e,m,0.0,0.0
test,image_final_norm,m,r90,r90_m,0.9553344472996329,0.31149496978721125
test,image_final_norm,m,r180,r180_m,0.7767097125461514,0.17707602047026685
test,image_final_norm,m,r270,r270_m,0.9286888808792629,0.30773472239135147
test,image_final_norm,m,m,e,0.31052811815641207,0.08186745095732628
test,image_final_norm,m,r90_m,r90,0.9609863184990578,0.31245667894822066
test,image_final_norm,m,r180_m,r180,0.773884744678389,0.1771701922663289
test,image_final_norm,m,r270_m,r270,0.9320444161356547,0.30793214659247115
test,image_final_norm,r90_m,e,r90_m,0.0,0.0
test,image_final_norm,r90_m,r90,r180_m,0.9657846968283064,0.34427641151084876
test,image_final_norm,r90_m,r180,r270_m,0.9883128610620543,0.3904467258840431
test,image_final_norm,r90_m,r270,m,0.9799583066782782,0.3201162137080929
test,image_final_norm,r90_m,m,r270,0.9119371155218657,0.3404461404346956
test,image_final_norm,r90_m,r90_m,e,0.7414122763123598,0.2434471791790759
test,image_final_norm,r90_m,r180_m,r90,0.8942973456088117,0.3212947198739511
test,image_final_norm,r90_m,r270_m,r180,1.0205832115591573,0.3758288064392418
test,image_final_norm,r180_m,e,r180_m,0.0,0.0
test,image_final_norm,r180_m,r90,r270_m,0.9325361166457986,0.31151322123954184
test,image_final_norm,r180_m,r180,m,0.7650930098002233,0.16807093824478528
test,image_final_norm,r180_m,r270,r90_m,0.9260039909695369,0.30996665334714024
test,image_final_norm,r180_m,m,r180,0.7528961772632378,0.16920975492565202
test,image_final_norm,r180_m,r90_m,r270,0.926754515614004,0.30838720455892593
test,image_final_norm,r180_m,r180_m,e,0.3446730291117725,0.07675208081110611
test,image_final_norm,r180_m,r270_m,r90,0.9247369558160305,0.3111352489868768
test,image_final_norm,r270_m,e,r270_m,0.0,0.0
test,image_final_norm,r270_m,r90,m,0.958907600330517,0.3103469453387261
test,image_final_norm,r270_m,r180,r90_m,0.9924234810325552,0.38894023083509066
test,image_final_norm,r270_m,r270,r180_m,0.9685616433312874,0.33442493531092665
test,image_final_norm,r270_m,m,r90,0.8813392834164954,0.333994061330503
test,image_final_norm,r270_m,r90_m,r180,1.0350273743753025,0.36938247348260783
test,image_final_norm,r270_m,r180_m,r270,0.8978278503408178,0.31353077761461734
test,image_final_norm,r270_m,r270_m,e,0.7025055980416115,0.2159001125196547
