experiment,split,f,g,composition,source_kind,composition_accuracy_samples,object_accuracy,oracle_valid_accuracy_samples,oracle_valid_object_accuracy
5,val,extend_contours_same_color,extend_contours_same_color,extend_contours_same_color -> extend_contours_same_color,synthetic_pair_on_id_atomic_input,111,0.9965365346487578,0,
5,val,extend_contours_same_color,mirror_vertical,mirror_vertical -> extend_contours_same_color,synthetic_pair_on_id_atomic_input,0,,0,
5,val,extend_contours_same_color,pad_left,pad_left -> extend_contours_same_color,synthetic_pair_on_id_atomic_input,0,,0,
5,val,mirror_vertical,extend_contours_same_color,extend_contours_same_color -> mirror_vertical,synthetic_pair_on_id_atomic_input,111,0.9974657850222545,0,
5,val,mirror_vertical,mirror_vertical,mirror_vertical -> mirror_vertical,synthetic_pair_on_id_atomic_input,111,0.9971221841133393,0,
5,val,mirror_vertical,pad_left,pad_left -> mirror_vertical,synthetic_pair_on_id_atomic_input,0,,0,
5,val,pad_left,extend_contours_same_color,extend_contours_same_color -> pad_left,synthetic_pair_on_id_atomic_input,111,0.9963439004915254,0,
5,val,pad_left,mirror_vertical,mirror_vertical -> pad_left,synthetic_pair_on_id_atomic_input,111,0.994988257283563,0,
5,val,pad_left,pad_left,pad_left -> pad_left,synthetic_pair_on_id_atomic_input,111,0.9951418724145975,0,
5,val_ood,extend_contours_same_color,extend_contours_same_color,extend_contours_same_color -> extend_contours_same_color,recorded_ood_composition,0,,0,
5,val_ood,extend_contours_same_color,mirror_vertical,mirror_vertical -> extend_contours_same_color,recorded_ood_composition,0,,0,
5,val_ood,extend_contours_same_color,pad_left,pad_left -> extend_contours_same_color,recorded_ood_composition,1000,0.6311179080903531,128,0.6177102641668171
5,val_ood,mirror_vertical,extend_contours_same_color,extend_contours_same_color -> mirror_vertical,recorded_ood_composition,0,,0,
5,val_ood,mirror_vertical,mirror_vertical,mirror_vertical -> mirror_vertical,recorded_ood_composition,0,,0,
5,val_ood,mirror_vertical,pad_left,pad_left -> mirror_vertical,recorded_ood_composition,0,,0,
5,val_ood,pad_left,extend_contours_same_color,extend_contours_same_color -> pad_left,recorded_ood_composition,0,,0,
5,val_ood,pad_left,mirror_vertical,mirror_vertical -> pad_left,recorded_ood_composition,0,,0,
5,val_ood,pad_left,pad_left,pad_left -> pad_left,recorded_ood_composition,0,,0,
5,test,extend_contours_same_color,extend_contours_same_color,extend_contours_same_color -> extend_contours_same_color,synthetic_pair_on_id_atomic_input,111,0.9975043535232544,0,
5,test,extend_contours_same_color,mirror_vertical,mirror_vertical -> extend_contours_same_color,synthetic_pair_on_id_atomic_input,0,,0,
5,test,extend_contours_same_color,pad_left,pad_left -> extend_contours_same_color,synthetic_pair_on_id_atomic_input,0,,0,
5,test,mirror_vertical,extend_contours_same_color,extend_contours_same_color -> mirror_vertical,synthetic_pair_on_id_atomic_input,111,0.9893995922830727,0,
5,test,mirror_vertical,mirror_vertical,mirror_vertical -> mirror_vertical,synthetic_pair_on_id_atomic_input,111,0.998240548211175,0,
5,test,mirror_vertical,pad_left,pad_left -> mirror_vertical,synthetic_pair_on_id_atomic_input,0,,0,
5,test,pad_left,extend_contours_same_color,extend_contours_same_color -> pad_left,synthetic_pair_on_id_atomic_input,111,0.9984712235562436,0,
5,test,pad_left,mirror_vertical,mirror_vertical -> pad_left,synthetic_pair_on_id_atomic_input,111,0.9948388241432808,0,
5,test,pad_left,pad_left,pad_left -> pad_left,synthetic_pair_on_id_atomic_input,111,0.9971789970054282,0,
5,test_ood,extend_contours_same_color,extend_contours_same_color,extend_contours_same_color -> extend_contours_same_color,recorded_ood_composition,0,,0,
5,test_ood,extend_contours_same_color,mirror_vertical,mirror_vertical -> extend_contours_same_color,recorded_ood_composition,0,,0,
5,test_ood,extend_contours_same_color,pad_left,pad_left -> extend_contours_same_color,recorded_ood_composition,1000,0.6321958031654358,128,0.6323538944125175
5,test_ood,mirror_vertical,extend_contours_same_color,extend_contours_same_color -> mirror_vertical,recorded_ood_composition,0,,0,
5,test_ood,mirror_vertical,mirror_vertical,mirror_vertical -> mirror_vertical,recorded_ood_composition,0,,0,
5,test_ood,mirror_vertical,pad_left,pad_left -> mirror_vertical,recorded_ood_composition,0,,0,
5,test_ood,pad_left,extend_contours_same_color,extend_contours_same_color -> pad_left,recorded_ood_composition,0,,0,
5,test_ood,pad_left,mirror_vertical,mirror_vertical -> pad_left,recorded_ood_composition,0,,0,
5,test_ood,pad_left,pad_left,pad_left -> pad_left,recorded_ood_composition,0,,0,
