experiment,split,f,g,composition,source_kind,available,invalid:out_of_bounds,invalid:object_overlap,oracle_commutes,f_no_op,g_no_op,selected,audited_exact_targets,unexamined_candidates
5,val,extend_contours_same_color,extend_contours_same_color,extend_contours_same_color -> extend_contours_same_color,synthetic_pair_on_id_atomic_input,334,243,47,44,0,0,44,44,0
5,val,extend_contours_same_color,mirror_vertical,mirror_vertical -> extend_contours_same_color,synthetic_pair_on_id_atomic_input,334,86,16,128,0,8,128,128,104
5,val,extend_contours_same_color,pad_left,pad_left -> extend_contours_same_color,synthetic_pair_on_id_atomic_input,334,154,58,0,0,0,122,122,0
5,val,mirror_vertical,extend_contours_same_color,extend_contours_same_color -> mirror_vertical,synthetic_pair_on_id_atomic_input,334,86,16,128,8,0,128,128,104
5,val,mirror_vertical,mirror_vertical,mirror_vertical -> mirror_vertical,synthetic_pair_on_id_atomic_input,334,,,128,7,7,128,128,206
5,val,mirror_vertical,pad_left,pad_left -> mirror_vertical,synthetic_pair_on_id_atomic_input,334,11,1,0,6,0,128,128,194
5,val,pad_left,extend_contours_same_color,extend_contours_same_color -> pad_left,synthetic_pair_on_id_atomic_input,334,154,58,0,0,0,122,122,0
5,val,pad_left,mirror_vertical,mirror_vertical -> pad_left,synthetic_pair_on_id_atomic_input,334,11,1,0,0,6,128,128,194
5,val,pad_left,pad_left,pad_left -> pad_left,synthetic_pair_on_id_atomic_input,334,47,8,128,0,0,128,128,151
5,val_ood,extend_contours_same_color,extend_contours_same_color,extend_contours_same_color -> extend_contours_same_color,recorded_ood_composition,0,,,,,,0,0,0
5,val_ood,extend_contours_same_color,mirror_vertical,mirror_vertical -> extend_contours_same_color,recorded_ood_composition,0,,,,,,0,0,0
5,val_ood,extend_contours_same_color,pad_left,pad_left -> extend_contours_same_color,recorded_ood_composition,1000,,13,0,0,0,128,128,859
5,val_ood,mirror_vertical,extend_contours_same_color,extend_contours_same_color -> mirror_vertical,recorded_ood_composition,0,,,,,,0,0,0
5,val_ood,mirror_vertical,mirror_vertical,mirror_vertical -> mirror_vertical,recorded_ood_composition,0,,,,,,0,0,0
5,val_ood,mirror_vertical,pad_left,pad_left -> mirror_vertical,recorded_ood_composition,0,,,,,,0,0,0
5,val_ood,pad_left,extend_contours_same_color,extend_contours_same_color -> pad_left,recorded_ood_composition,0,,,,,,0,0,0
5,val_ood,pad_left,mirror_vertical,mirror_vertical -> pad_left,recorded_ood_composition,0,,,,,,0,0,0
5,val_ood,pad_left,pad_left,pad_left -> pad_left,recorded_ood_composition,0,,,,,,0,0,0
5,test,extend_contours_same_color,extend_contours_same_color,extend_contours_same_color -> extend_contours_same_color,synthetic_pair_on_id_atomic_input,334,239,52,43,0,0,43,43,0
5,test,extend_contours_same_color,mirror_vertical,mirror_vertical -> extend_contours_same_color,synthetic_pair_on_id_atomic_input,334,75,15,128,0,13,128,128,116
5,test,extend_contours_same_color,pad_left,pad_left -> extend_contours_same_color,synthetic_pair_on_id_atomic_input,334,156,53,0,0,0,125,125,0
5,test,mirror_vertical,extend_contours_same_color,extend_contours_same_color -> mirror_vertical,synthetic_pair_on_id_atomic_input,334,75,15,128,13,0,128,128,116
5,test,mirror_vertical,mirror_vertical,mirror_vertical -> mirror_vertical,synthetic_pair_on_id_atomic_input,334,,,128,11,11,128,128,206
5,test,mirror_vertical,pad_left,pad_left -> mirror_vertical,synthetic_pair_on_id_atomic_input,334,8,1,0,12,0,128,128,197
5,test,pad_left,extend_contours_same_color,extend_contours_same_color -> pad_left,synthetic_pair_on_id_atomic_input,334,159,50,0,0,0,125,125,0
5,test,pad_left,mirror_vertical,mirror_vertical -> pad_left,synthetic_pair_on_id_atomic_input,334,8,1,0,0,12,128,128,197
5,test,pad_left,pad_left,pad_left -> pad_left,synthetic_pair_on_id_atomic_input,334,36,9,128,0,0,128,128,161
5,test_ood,extend_contours_same_color,extend_contours_same_color,extend_contours_same_color -> extend_contours_same_color,recorded_ood_composition,0,,,,,,0,0,0
5,test_ood,extend_contours_same_color,mirror_vertical,mirror_vertical -> extend_contours_same_color,recorded_ood_composition,0,,,,,,0,0,0
5,test_ood,extend_contours_same_color,pad_left,pad_left -> extend_contours_same_color,recorded_ood_composition,1000,,15,0,0,0,128,128,857
5,test_ood,mirror_vertical,extend_contours_same_color,extend_contours_same_color -> mirror_vertical,recorded_ood_composition,0,,,,,,0,0,0
5,test_ood,mirror_vertical,mirror_vertical,mirror_vertical -> mirror_vertical,recorded_ood_composition,0,,,,,,0,0,0
5,test_ood,mirror_vertical,pad_left,pad_left -> mirror_vertical,recorded_ood_composition,0,,,,,,0,0,0
5,test_ood,pad_left,extend_contours_same_color,extend_contours_same_color -> pad_left,recorded_ood_composition,0,,,,,,0,0,0
5,test_ood,pad_left,mirror_vertical,mirror_vertical -> pad_left,recorded_ood_composition,0,,,,,,0,0,0
5,test_ood,pad_left,pad_left,pad_left -> pad_left,recorded_ood_composition,0,,,,,,0,0,0
