experiment,split,layer,metric,accuracy_metric,pairs,pearson,pearson_pvalue,spearman,spearman_pvalue,status
4,val_ood,image_input_tokens,action_transfer_f_relative_l2_mean,object_accuracy,1,,,,,fewer_than_three_pairs
4,val_ood,image_input_tokens,action_transfer_g_relative_l2_mean,object_accuracy,1,,,,,fewer_than_three_pairs
4,val_ood,image_input_tokens,action_transfer_f_cosine_distance_mean,object_accuracy,1,,,,,fewer_than_three_pairs
4,val_ood,image_input_tokens,action_transfer_g_cosine_distance_mean,object_accuracy,1,,,,,fewer_than_three_pairs
4,val_ood,image_input_tokens,commutator_data_defect_mean,object_accuracy,0,,,,,fewer_than_three_pairs
4,val_ood,image_input_tokens,commutator_operator_relative_defect_mean,object_accuracy,0,,,,,fewer_than_three_pairs
4,val_ood,image_input_tokens,oracle_relation_retention_mean,object_accuracy,0,,,,,fewer_than_three_pairs
4,val_ood,image_input_tokens,oracle_relation_defect_mean,object_accuracy,0,,,,,fewer_than_three_pairs
4,val_ood,image_input_tokens,fgx_prediction_defect_mean,object_accuracy,1,,,,,fewer_than_three_pairs
4,val_ood,image_input_tokens,f_context_prediction_defect_mean,object_accuracy,1,,,,,fewer_than_three_pairs
4,val_ood,image_input_tokens,action_transfer_f_relative_l2_active_mean,object_accuracy,1,,,,,fewer_than_three_pairs
4,val_ood,image_input_tokens,action_transfer_g_relative_l2_active_mean,object_accuracy,1,,,,,fewer_than_three_pairs
4,val_ood,image_input_tokens,action_transfer_f_relative_l2_mean,oracle_valid_object_accuracy,1,,,,,fewer_than_three_pairs
4,val_ood,image_input_tokens,action_transfer_g_relative_l2_mean,oracle_valid_object_accuracy,1,,,,,fewer_than_three_pairs
4,val_ood,image_input_tokens,action_transfer_f_cosine_distance_mean,oracle_valid_object_accuracy,1,,,,,fewer_than_three_pairs
4,val_ood,image_input_tokens,action_transfer_g_cosine_distance_mean,oracle_valid_object_accuracy,1,,,,,fewer_than_three_pairs
4,val_ood,image_input_tokens,commutator_data_defect_mean,oracle_valid_object_accuracy,0,,,,,fewer_than_three_pairs
4,val_ood,image_input_tokens,commutator_operator_relative_defect_mean,oracle_valid_object_accuracy,0,,,,,fewer_than_three_pairs
4,val_ood,image_input_tokens,oracle_relation_retention_mean,oracle_valid_object_accuracy,0,,,,,fewer_than_three_pairs
4,val_ood,image_input_tokens,oracle_relation_defect_mean,oracle_valid_object_accuracy,0,,,,,fewer_than_three_pairs
4,val_ood,image_input_tokens,fgx_prediction_defect_mean,oracle_valid_object_accuracy,1,,,,,fewer_than_three_pairs
4,val_ood,image_input_tokens,f_context_prediction_defect_mean,oracle_valid_object_accuracy,1,,,,,fewer_than_three_pairs
4,val_ood,image_input_tokens,action_transfer_f_relative_l2_active_mean,oracle_valid_object_accuracy,1,,,,,fewer_than_three_pairs
4,val_ood,image_input_tokens,action_transfer_g_relative_l2_active_mean,oracle_valid_object_accuracy,1,,,,,fewer_than_three_pairs
4,val_ood,image_block_01,action_transfer_f_relative_l2_mean,object_accuracy,1,,,,,fewer_than_three_pairs
4,val_ood,image_block_01,action_transfer_g_relative_l2_mean,object_accuracy,1,,,,,fewer_than_three_pairs
4,val_ood,image_block_01,action_transfer_f_cosine_distance_mean,object_accuracy,1,,,,,fewer_than_three_pairs
4,val_ood,image_block_01,action_transfer_g_cosine_distance_mean,object_accuracy,1,,,,,fewer_than_three_pairs
4,val_ood,image_block_01,commutator_data_defect_mean,object_accuracy,0,,,,,fewer_than_three_pairs
4,val_ood,image_block_01,commutator_operator_relative_defect_mean,object_accuracy,0,,,,,fewer_than_three_pairs
4,val_ood,image_block_01,oracle_relation_retention_mean,object_accuracy,0,,,,,fewer_than_three_pairs
4,val_ood,image_block_01,oracle_relation_defect_mean,object_accuracy,0,,,,,fewer_than_three_pairs
4,val_ood,image_block_01,fgx_prediction_defect_mean,object_accuracy,1,,,,,fewer_than_three_pairs
4,val_ood,image_block_01,f_context_prediction_defect_mean,object_accuracy,1,,,,,fewer_than_three_pairs
4,val_ood,image_block_01,action_transfer_f_relative_l2_active_mean,object_accuracy,1,,,,,fewer_than_three_pairs
4,val_ood,image_block_01,action_transfer_g_relative_l2_active_mean,object_accuracy,1,,,,,fewer_than_three_pairs
4,val_ood,image_block_01,action_transfer_f_relative_l2_mean,oracle_valid_object_accuracy,1,,,,,fewer_than_three_pairs
4,val_ood,image_block_01,action_transfer_g_relative_l2_mean,oracle_valid_object_accuracy,1,,,,,fewer_than_three_pairs
4,val_ood,image_block_01,action_transfer_f_cosine_distance_mean,oracle_valid_object_accuracy,1,,,,,fewer_than_three_pairs
4,val_ood,image_block_01,action_transfer_g_cosine_distance_mean,oracle_valid_object_accuracy,1,,,,,fewer_than_three_pairs
4,val_ood,image_block_01,commutator_data_defect_mean,oracle_valid_object_accuracy,0,,,,,fewer_than_three_pairs
4,val_ood,image_block_01,commutator_operator_relative_defect_mean,oracle_valid_object_accuracy,0,,,,,fewer_than_three_pairs
4,val_ood,image_block_01,oracle_relation_retention_mean,oracle_valid_object_accuracy,0,,,,,fewer_than_three_pairs
4,val_ood,image_block_01,oracle_relation_defect_mean,oracle_valid_object_accuracy,0,,,,,fewer_than_three_pairs
4,val_ood,image_block_01,fgx_prediction_defect_mean,oracle_valid_object_accuracy,1,,,,,fewer_than_three_pairs
4,val_ood,image_block_01,f_context_prediction_defect_mean,oracle_valid_object_accuracy,1,,,,,fewer_than_three_pairs
4,val_ood,image_block_01,action_transfer_f_relative_l2_active_mean,oracle_valid_object_accuracy,1,,,,,fewer_than_three_pairs
4,val_ood,image_block_01,action_transfer_g_relative_l2_active_mean,oracle_valid_object_accuracy,1,,,,,fewer_than_three_pairs
4,val_ood,image_block_02,action_transfer_f_relative_l2_mean,object_accuracy,1,,,,,fewer_than_three_pairs
4,val_ood,image_block_02,action_transfer_g_relative_l2_mean,object_accuracy,1,,,,,fewer_than_three_pairs
4,val_ood,image_block_02,action_transfer_f_cosine_distance_mean,object_accuracy,1,,,,,fewer_than_three_pairs
4,val_ood,image_block_02,action_transfer_g_cosine_distance_mean,object_accuracy,1,,,,,fewer_than_three_pairs
4,val_ood,image_block_02,commutator_data_defect_mean,object_accuracy,0,,,,,fewer_than_three_pairs
4,val_ood,image_block_02,commutator_operator_relative_defect_mean,object_accuracy,0,,,,,fewer_than_three_pairs
4,val_ood,image_block_02,oracle_relation_retention_mean,object_accuracy,0,,,,,fewer_than_three_pairs
4,val_ood,image_block_02,oracle_relation_defect_mean,object_accuracy,0,,,,,fewer_than_three_pairs
4,val_ood,image_block_02,fgx_prediction_defect_mean,object_accuracy,1,,,,,fewer_than_three_pairs
4,val_ood,image_block_02,f_context_prediction_defect_mean,object_accuracy,1,,,,,fewer_than_three_pairs
4,val_ood,image_block_02,action_transfer_f_relative_l2_active_mean,object_accuracy,1,,,,,fewer_than_three_pairs
4,val_ood,image_block_02,action_transfer_g_relative_l2_active_mean,object_accuracy,1,,,,,fewer_than_three_pairs
4,val_ood,image_block_02,action_transfer_f_relative_l2_mean,oracle_valid_object_accuracy,1,,,,,fewer_than_three_pairs
4,val_ood,image_block_02,action_transfer_g_relative_l2_mean,oracle_valid_object_accuracy,1,,,,,fewer_than_three_pairs
4,val_ood,image_block_02,action_transfer_f_cosine_distance_mean,oracle_valid_object_accuracy,1,,,,,fewer_than_three_pairs
4,val_ood,image_block_02,action_transfer_g_cosine_distance_mean,oracle_valid_object_accuracy,1,,,,,fewer_than_three_pairs
4,val_ood,image_block_02,commutator_data_defect_mean,oracle_valid_object_accuracy,0,,,,,fewer_than_three_pairs
4,val_ood,image_block_02,commutator_operator_relative_defect_mean,oracle_valid_object_accuracy,0,,,,,fewer_than_three_pairs
4,val_ood,image_block_02,oracle_relation_retention_mean,oracle_valid_object_accuracy,0,,,,,fewer_than_three_pairs
4,val_ood,image_block_02,oracle_relation_defect_mean,oracle_valid_object_accuracy,0,,,,,fewer_than_three_pairs
4,val_ood,image_block_02,fgx_prediction_defect_mean,oracle_valid_object_accuracy,1,,,,,fewer_than_three_pairs
4,val_ood,image_block_02,f_context_prediction_defect_mean,oracle_valid_object_accuracy,1,,,,,fewer_than_three_pairs
4,val_ood,image_block_02,action_transfer_f_relative_l2_active_mean,oracle_valid_object_accuracy,1,,,,,fewer_than_three_pairs
4,val_ood,image_block_02,action_transfer_g_relative_l2_active_mean,oracle_valid_object_accuracy,1,,,,,fewer_than_three_pairs
4,val_ood,image_block_03,action_transfer_f_relative_l2_mean,object_accuracy,1,,,,,fewer_than_three_pairs
4,val_ood,image_block_03,action_transfer_g_relative_l2_mean,object_accuracy,1,,,,,fewer_than_three_pairs
4,val_ood,image_block_03,action_transfer_f_cosine_distance_mean,object_accuracy,1,,,,,fewer_than_three_pairs
4,val_ood,image_block_03,action_transfer_g_cosine_distance_mean,object_accuracy,1,,,,,fewer_than_three_pairs
4,val_ood,image_block_03,commutator_data_defect_mean,object_accuracy,0,,,,,fewer_than_three_pairs
4,val_ood,image_block_03,commutator_operator_relative_defect_mean,object_accuracy,0,,,,,fewer_than_three_pairs
4,val_ood,image_block_03,oracle_relation_retention_mean,object_accuracy,0,,,,,fewer_than_three_pairs
4,val_ood,image_block_03,oracle_relation_defect_mean,object_accuracy,0,,,,,fewer_than_three_pairs
4,val_ood,image_block_03,fgx_prediction_defect_mean,object_accuracy,1,,,,,fewer_than_three_pairs
4,val_ood,image_block_03,f_context_prediction_defect_mean,object_accuracy,1,,,,,fewer_than_three_pairs
4,val_ood,image_block_03,action_transfer_f_relative_l2_active_mean,object_accuracy,1,,,,,fewer_than_three_pairs
4,val_ood,image_block_03,action_transfer_g_relative_l2_active_mean,object_accuracy,1,,,,,fewer_than_three_pairs
4,val_ood,image_block_03,action_transfer_f_relative_l2_mean,oracle_valid_object_accuracy,1,,,,,fewer_than_three_pairs
4,val_ood,image_block_03,action_transfer_g_relative_l2_mean,oracle_valid_object_accuracy,1,,,,,fewer_than_three_pairs
4,val_ood,image_block_03,action_transfer_f_cosine_distance_mean,oracle_valid_object_accuracy,1,,,,,fewer_than_three_pairs
4,val_ood,image_block_03,action_transfer_g_cosine_distance_mean,oracle_valid_object_accuracy,1,,,,,fewer_than_three_pairs
4,val_ood,image_block_03,commutator_data_defect_mean,oracle_valid_object_accuracy,0,,,,,fewer_than_three_pairs
4,val_ood,image_block_03,commutator_operator_relative_defect_mean,oracle_valid_object_accuracy,0,,,,,fewer_than_three_pairs
4,val_ood,image_block_03,oracle_relation_retention_mean,oracle_valid_object_accuracy,0,,,,,fewer_than_three_pairs
4,val_ood,image_block_03,oracle_relation_defect_mean,oracle_valid_object_accuracy,0,,,,,fewer_than_three_pairs
4,val_ood,image_block_03,fgx_prediction_defect_mean,oracle_valid_object_accuracy,1,,,,,fewer_than_three_pairs
4,val_ood,image_block_03,f_context_prediction_defect_mean,oracle_valid_object_accuracy,1,,,,,fewer_than_three_pairs
4,val_ood,image_block_03,action_transfer_f_relative_l2_active_mean,oracle_valid_object_accuracy,1,,,,,fewer_than_three_pairs
4,val_ood,image_block_03,action_transfer_g_relative_l2_active_mean,oracle_valid_object_accuracy,1,,,,,fewer_than_three_pairs
4,val_ood,image_block_04,action_transfer_f_relative_l2_mean,object_accuracy,1,,,,,fewer_than_three_pairs
4,val_ood,image_block_04,action_transfer_g_relative_l2_mean,object_accuracy,1,,,,,fewer_than_three_pairs
4,val_ood,image_block_04,action_transfer_f_cosine_distance_mean,object_accuracy,1,,,,,fewer_than_three_pairs
4,val_ood,image_block_04,action_transfer_g_cosine_distance_mean,object_accuracy,1,,,,,fewer_than_three_pairs
4,val_ood,image_block_04,commutator_data_defect_mean,object_accuracy,0,,,,,fewer_than_three_pairs
4,val_ood,image_block_04,commutator_operator_relative_defect_mean,object_accuracy,0,,,,,fewer_than_three_pairs
4,val_ood,image_block_04,oracle_relation_retention_mean,object_accuracy,0,,,,,fewer_than_three_pairs
4,val_ood,image_block_04,oracle_relation_defect_mean,object_accuracy,0,,,,,fewer_than_three_pairs
4,val_ood,image_block_04,fgx_prediction_defect_mean,object_accuracy,1,,,,,fewer_than_three_pairs
4,val_ood,image_block_04,f_context_prediction_defect_mean,object_accuracy,1,,,,,fewer_than_three_pairs
4,val_ood,image_block_04,action_transfer_f_relative_l2_active_mean,object_accuracy,1,,,,,fewer_than_three_pairs
4,val_ood,image_block_04,action_transfer_g_relative_l2_active_mean,object_accuracy,1,,,,,fewer_than_three_pairs
4,val_ood,image_block_04,action_transfer_f_relative_l2_mean,oracle_valid_object_accuracy,1,,,,,fewer_than_three_pairs
4,val_ood,image_block_04,action_transfer_g_relative_l2_mean,oracle_valid_object_accuracy,1,,,,,fewer_than_three_pairs
4,val_ood,image_block_04,action_transfer_f_cosine_distance_mean,oracle_valid_object_accuracy,1,,,,,fewer_than_three_pairs
4,val_ood,image_block_04,action_transfer_g_cosine_distance_mean,oracle_valid_object_accuracy,1,,,,,fewer_than_three_pairs
4,val_ood,image_block_04,commutator_data_defect_mean,oracle_valid_object_accuracy,0,,,,,fewer_than_three_pairs
4,val_ood,image_block_04,commutator_operator_relative_defect_mean,oracle_valid_object_accuracy,0,,,,,fewer_than_three_pairs
4,val_ood,image_block_04,oracle_relation_retention_mean,oracle_valid_object_accuracy,0,,,,,fewer_than_three_pairs
4,val_ood,image_block_04,oracle_relation_defect_mean,oracle_valid_object_accuracy,0,,,,,fewer_than_three_pairs
4,val_ood,image_block_04,fgx_prediction_defect_mean,oracle_valid_object_accuracy,1,,,,,fewer_than_three_pairs
4,val_ood,image_block_04,f_context_prediction_defect_mean,oracle_valid_object_accuracy,1,,,,,fewer_than_three_pairs
4,val_ood,image_block_04,action_transfer_f_relative_l2_active_mean,oracle_valid_object_accuracy,1,,,,,fewer_than_three_pairs
4,val_ood,image_block_04,action_transfer_g_relative_l2_active_mean,oracle_valid_object_accuracy,1,,,,,fewer_than_three_pairs
4,val_ood,image_block_05,action_transfer_f_relative_l2_mean,object_accuracy,1,,,,,fewer_than_three_pairs
4,val_ood,image_block_05,action_transfer_g_relative_l2_mean,object_accuracy,1,,,,,fewer_than_three_pairs
4,val_ood,image_block_05,action_transfer_f_cosine_distance_mean,object_accuracy,1,,,,,fewer_than_three_pairs
4,val_ood,image_block_05,action_transfer_g_cosine_distance_mean,object_accuracy,1,,,,,fewer_than_three_pairs
4,val_ood,image_block_05,commutator_data_defect_mean,object_accuracy,0,,,,,fewer_than_three_pairs
4,val_ood,image_block_05,commutator_operator_relative_defect_mean,object_accuracy,0,,,,,fewer_than_three_pairs
4,val_ood,image_block_05,oracle_relation_retention_mean,object_accuracy,0,,,,,fewer_than_three_pairs
4,val_ood,image_block_05,oracle_relation_defect_mean,object_accuracy,0,,,,,fewer_than_three_pairs
4,val_ood,image_block_05,fgx_prediction_defect_mean,object_accuracy,1,,,,,fewer_than_three_pairs
4,val_ood,image_block_05,f_context_prediction_defect_mean,object_accuracy,1,,,,,fewer_than_three_pairs
4,val_ood,image_block_05,action_transfer_f_relative_l2_active_mean,object_accuracy,1,,,,,fewer_than_three_pairs
4,val_ood,image_block_05,action_transfer_g_relative_l2_active_mean,object_accuracy,1,,,,,fewer_than_three_pairs
4,val_ood,image_block_05,action_transfer_f_relative_l2_mean,oracle_valid_object_accuracy,1,,,,,fewer_than_three_pairs
4,val_ood,image_block_05,action_transfer_g_relative_l2_mean,oracle_valid_object_accuracy,1,,,,,fewer_than_three_pairs
4,val_ood,image_block_05,action_transfer_f_cosine_distance_mean,oracle_valid_object_accuracy,1,,,,,fewer_than_three_pairs
4,val_ood,image_block_05,action_transfer_g_cosine_distance_mean,oracle_valid_object_accuracy,1,,,,,fewer_than_three_pairs
4,val_ood,image_block_05,commutator_data_defect_mean,oracle_valid_object_accuracy,0,,,,,fewer_than_three_pairs
4,val_ood,image_block_05,commutator_operator_relative_defect_mean,oracle_valid_object_accuracy,0,,,,,fewer_than_three_pairs
4,val_ood,image_block_05,oracle_relation_retention_mean,oracle_valid_object_accuracy,0,,,,,fewer_than_three_pairs
4,val_ood,image_block_05,oracle_relation_defect_mean,oracle_valid_object_accuracy,0,,,,,fewer_than_three_pairs
4,val_ood,image_block_05,fgx_prediction_defect_mean,oracle_valid_object_accuracy,1,,,,,fewer_than_three_pairs
4,val_ood,image_block_05,f_context_prediction_defect_mean,oracle_valid_object_accuracy,1,,,,,fewer_than_three_pairs
4,val_ood,image_block_05,action_transfer_f_relative_l2_active_mean,oracle_valid_object_accuracy,1,,,,,fewer_than_three_pairs
4,val_ood,image_block_05,action_transfer_g_relative_l2_active_mean,oracle_valid_object_accuracy,1,,,,,fewer_than_three_pairs
4,val_ood,image_block_06,action_transfer_f_relative_l2_mean,object_accuracy,1,,,,,fewer_than_three_pairs
4,val_ood,image_block_06,action_transfer_g_relative_l2_mean,object_accuracy,1,,,,,fewer_than_three_pairs
4,val_ood,image_block_06,action_transfer_f_cosine_distance_mean,object_accuracy,1,,,,,fewer_than_three_pairs
4,val_ood,image_block_06,action_transfer_g_cosine_distance_mean,object_accuracy,1,,,,,fewer_than_three_pairs
4,val_ood,image_block_06,commutator_data_defect_mean,object_accuracy,0,,,,,fewer_than_three_pairs
4,val_ood,image_block_06,commutator_operator_relative_defect_mean,object_accuracy,0,,,,,fewer_than_three_pairs
4,val_ood,image_block_06,oracle_relation_retention_mean,object_accuracy,0,,,,,fewer_than_three_pairs
4,val_ood,image_block_06,oracle_relation_defect_mean,object_accuracy,0,,,,,fewer_than_three_pairs
4,val_ood,image_block_06,fgx_prediction_defect_mean,object_accuracy,1,,,,,fewer_than_three_pairs
4,val_ood,image_block_06,f_context_prediction_defect_mean,object_accuracy,1,,,,,fewer_than_three_pairs
4,val_ood,image_block_06,action_transfer_f_relative_l2_active_mean,object_accuracy,1,,,,,fewer_than_three_pairs
4,val_ood,image_block_06,action_transfer_g_relative_l2_active_mean,object_accuracy,1,,,,,fewer_than_three_pairs
4,val_ood,image_block_06,action_transfer_f_relative_l2_mean,oracle_valid_object_accuracy,1,,,,,fewer_than_three_pairs
4,val_ood,image_block_06,action_transfer_g_relative_l2_mean,oracle_valid_object_accuracy,1,,,,,fewer_than_three_pairs
4,val_ood,image_block_06,action_transfer_f_cosine_distance_mean,oracle_valid_object_accuracy,1,,,,,fewer_than_three_pairs
4,val_ood,image_block_06,action_transfer_g_cosine_distance_mean,oracle_valid_object_accuracy,1,,,,,fewer_than_three_pairs
4,val_ood,image_block_06,commutator_data_defect_mean,oracle_valid_object_accuracy,0,,,,,fewer_than_three_pairs
4,val_ood,image_block_06,commutator_operator_relative_defect_mean,oracle_valid_object_accuracy,0,,,,,fewer_than_three_pairs
4,val_ood,image_block_06,oracle_relation_retention_mean,oracle_valid_object_accuracy,0,,,,,fewer_than_three_pairs
4,val_ood,image_block_06,oracle_relation_defect_mean,oracle_valid_object_accuracy,0,,,,,fewer_than_three_pairs
4,val_ood,image_block_06,fgx_prediction_defect_mean,oracle_valid_object_accuracy,1,,,,,fewer_than_three_pairs
4,val_ood,image_block_06,f_context_prediction_defect_mean,oracle_valid_object_accuracy,1,,,,,fewer_than_three_pairs
4,val_ood,image_block_06,action_transfer_f_relative_l2_active_mean,oracle_valid_object_accuracy,1,,,,,fewer_than_three_pairs
4,val_ood,image_block_06,action_transfer_g_relative_l2_active_mean,oracle_valid_object_accuracy,1,,,,,fewer_than_three_pairs
4,val_ood,image_final_norm,action_transfer_f_relative_l2_mean,object_accuracy,1,,,,,fewer_than_three_pairs
4,val_ood,image_final_norm,action_transfer_g_relative_l2_mean,object_accuracy,1,,,,,fewer_than_three_pairs
4,val_ood,image_final_norm,action_transfer_f_cosine_distance_mean,object_accuracy,1,,,,,fewer_than_three_pairs
4,val_ood,image_final_norm,action_transfer_g_cosine_distance_mean,object_accuracy,1,,,,,fewer_than_three_pairs
4,val_ood,image_final_norm,commutator_data_defect_mean,object_accuracy,0,,,,,fewer_than_three_pairs
4,val_ood,image_final_norm,commutator_operator_relative_defect_mean,object_accuracy,0,,,,,fewer_than_three_pairs
4,val_ood,image_final_norm,oracle_relation_retention_mean,object_accuracy,0,,,,,fewer_than_three_pairs
4,val_ood,image_final_norm,oracle_relation_defect_mean,object_accuracy,0,,,,,fewer_than_three_pairs
4,val_ood,image_final_norm,fgx_prediction_defect_mean,object_accuracy,1,,,,,fewer_than_three_pairs
4,val_ood,image_final_norm,f_context_prediction_defect_mean,object_accuracy,1,,,,,fewer_than_three_pairs
4,val_ood,image_final_norm,action_transfer_f_relative_l2_active_mean,object_accuracy,1,,,,,fewer_than_three_pairs
4,val_ood,image_final_norm,action_transfer_g_relative_l2_active_mean,object_accuracy,1,,,,,fewer_than_three_pairs
4,val_ood,image_final_norm,action_transfer_f_relative_l2_mean,oracle_valid_object_accuracy,1,,,,,fewer_than_three_pairs
4,val_ood,image_final_norm,action_transfer_g_relative_l2_mean,oracle_valid_object_accuracy,1,,,,,fewer_than_three_pairs
4,val_ood,image_final_norm,action_transfer_f_cosine_distance_mean,oracle_valid_object_accuracy,1,,,,,fewer_than_three_pairs
4,val_ood,image_final_norm,action_transfer_g_cosine_distance_mean,oracle_valid_object_accuracy,1,,,,,fewer_than_three_pairs
4,val_ood,image_final_norm,commutator_data_defect_mean,oracle_valid_object_accuracy,0,,,,,fewer_than_three_pairs
4,val_ood,image_final_norm,commutator_operator_relative_defect_mean,oracle_valid_object_accuracy,0,,,,,fewer_than_three_pairs
4,val_ood,image_final_norm,oracle_relation_retention_mean,oracle_valid_object_accuracy,0,,,,,fewer_than_three_pairs
4,val_ood,image_final_norm,oracle_relation_defect_mean,oracle_valid_object_accuracy,0,,,,,fewer_than_three_pairs
4,val_ood,image_final_norm,fgx_prediction_defect_mean,oracle_valid_object_accuracy,1,,,,,fewer_than_three_pairs
4,val_ood,image_final_norm,f_context_prediction_defect_mean,oracle_valid_object_accuracy,1,,,,,fewer_than_three_pairs
4,val_ood,image_final_norm,action_transfer_f_relative_l2_active_mean,oracle_valid_object_accuracy,1,,,,,fewer_than_three_pairs
4,val_ood,image_final_norm,action_transfer_g_relative_l2_active_mean,oracle_valid_object_accuracy,1,,,,,fewer_than_three_pairs
4,test_ood,image_input_tokens,action_transfer_f_relative_l2_mean,object_accuracy,1,,,,,fewer_than_three_pairs
4,test_ood,image_input_tokens,action_transfer_g_relative_l2_mean,object_accuracy,1,,,,,fewer_than_three_pairs
4,test_ood,image_input_tokens,action_transfer_f_cosine_distance_mean,object_accuracy,1,,,,,fewer_than_three_pairs
4,test_ood,image_input_tokens,action_transfer_g_cosine_distance_mean,object_accuracy,1,,,,,fewer_than_three_pairs
4,test_ood,image_input_tokens,commutator_data_defect_mean,object_accuracy,0,,,,,fewer_than_three_pairs
4,test_ood,image_input_tokens,commutator_operator_relative_defect_mean,object_accuracy,0,,,,,fewer_than_three_pairs
4,test_ood,image_input_tokens,oracle_relation_retention_mean,object_accuracy,0,,,,,fewer_than_three_pairs
4,test_ood,image_input_tokens,oracle_relation_defect_mean,object_accuracy,0,,,,,fewer_than_three_pairs
4,test_ood,image_input_tokens,fgx_prediction_defect_mean,object_accuracy,1,,,,,fewer_than_three_pairs
4,test_ood,image_input_tokens,f_context_prediction_defect_mean,object_accuracy,1,,,,,fewer_than_three_pairs
4,test_ood,image_input_tokens,action_transfer_f_relative_l2_active_mean,object_accuracy,1,,,,,fewer_than_three_pairs
4,test_ood,image_input_tokens,action_transfer_g_relative_l2_active_mean,object_accuracy,1,,,,,fewer_than_three_pairs
4,test_ood,image_input_tokens,action_transfer_f_relative_l2_mean,oracle_valid_object_accuracy,1,,,,,fewer_than_three_pairs
4,test_ood,image_input_tokens,action_transfer_g_relative_l2_mean,oracle_valid_object_accuracy,1,,,,,fewer_than_three_pairs
4,test_ood,image_input_tokens,action_transfer_f_cosine_distance_mean,oracle_valid_object_accuracy,1,,,,,fewer_than_three_pairs
4,test_ood,image_input_tokens,action_transfer_g_cosine_distance_mean,oracle_valid_object_accuracy,1,,,,,fewer_than_three_pairs
4,test_ood,image_input_tokens,commutator_data_defect_mean,oracle_valid_object_accuracy,0,,,,,fewer_than_three_pairs
4,test_ood,image_input_tokens,commutator_operator_relative_defect_mean,oracle_valid_object_accuracy,0,,,,,fewer_than_three_pairs
4,test_ood,image_input_tokens,oracle_relation_retention_mean,oracle_valid_object_accuracy,0,,,,,fewer_than_three_pairs
4,test_ood,image_input_tokens,oracle_relation_defect_mean,oracle_valid_object_accuracy,0,,,,,fewer_than_three_pairs
4,test_ood,image_input_tokens,fgx_prediction_defect_mean,oracle_valid_object_accuracy,1,,,,,fewer_than_three_pairs
4,test_ood,image_input_tokens,f_context_prediction_defect_mean,oracle_valid_object_accuracy,1,,,,,fewer_than_three_pairs
4,test_ood,image_input_tokens,action_transfer_f_relative_l2_active_mean,oracle_valid_object_accuracy,1,,,,,fewer_than_three_pairs
4,test_ood,image_input_tokens,action_transfer_g_relative_l2_active_mean,oracle_valid_object_accuracy,1,,,,,fewer_than_three_pairs
4,test_ood,image_block_01,action_transfer_f_relative_l2_mean,object_accuracy,1,,,,,fewer_than_three_pairs
4,test_ood,image_block_01,action_transfer_g_relative_l2_mean,object_accuracy,1,,,,,fewer_than_three_pairs
4,test_ood,image_block_01,action_transfer_f_cosine_distance_mean,object_accuracy,1,,,,,fewer_than_three_pairs
4,test_ood,image_block_01,action_transfer_g_cosine_distance_mean,object_accuracy,1,,,,,fewer_than_three_pairs
4,test_ood,image_block_01,commutator_data_defect_mean,object_accuracy,0,,,,,fewer_than_three_pairs
4,test_ood,image_block_01,commutator_operator_relative_defect_mean,object_accuracy,0,,,,,fewer_than_three_pairs
4,test_ood,image_block_01,oracle_relation_retention_mean,object_accuracy,0,,,,,fewer_than_three_pairs
4,test_ood,image_block_01,oracle_relation_defect_mean,object_accuracy,0,,,,,fewer_than_three_pairs
4,test_ood,image_block_01,fgx_prediction_defect_mean,object_accuracy,1,,,,,fewer_than_three_pairs
4,test_ood,image_block_01,f_context_prediction_defect_mean,object_accuracy,1,,,,,fewer_than_three_pairs
4,test_ood,image_block_01,action_transfer_f_relative_l2_active_mean,object_accuracy,1,,,,,fewer_than_three_pairs
4,test_ood,image_block_01,action_transfer_g_relative_l2_active_mean,object_accuracy,1,,,,,fewer_than_three_pairs
4,test_ood,image_block_01,action_transfer_f_relative_l2_mean,oracle_valid_object_accuracy,1,,,,,fewer_than_three_pairs
4,test_ood,image_block_01,action_transfer_g_relative_l2_mean,oracle_valid_object_accuracy,1,,,,,fewer_than_three_pairs
4,test_ood,image_block_01,action_transfer_f_cosine_distance_mean,oracle_valid_object_accuracy,1,,,,,fewer_than_three_pairs
4,test_ood,image_block_01,action_transfer_g_cosine_distance_mean,oracle_valid_object_accuracy,1,,,,,fewer_than_three_pairs
4,test_ood,image_block_01,commutator_data_defect_mean,oracle_valid_object_accuracy,0,,,,,fewer_than_three_pairs
4,test_ood,image_block_01,commutator_operator_relative_defect_mean,oracle_valid_object_accuracy,0,,,,,fewer_than_three_pairs
4,test_ood,image_block_01,oracle_relation_retention_mean,oracle_valid_object_accuracy,0,,,,,fewer_than_three_pairs
4,test_ood,image_block_01,oracle_relation_defect_mean,oracle_valid_object_accuracy,0,,,,,fewer_than_three_pairs
4,test_ood,image_block_01,fgx_prediction_defect_mean,oracle_valid_object_accuracy,1,,,,,fewer_than_three_pairs
4,test_ood,image_block_01,f_context_prediction_defect_mean,oracle_valid_object_accuracy,1,,,,,fewer_than_three_pairs
4,test_ood,image_block_01,action_transfer_f_relative_l2_active_mean,oracle_valid_object_accuracy,1,,,,,fewer_than_three_pairs
4,test_ood,image_block_01,action_transfer_g_relative_l2_active_mean,oracle_valid_object_accuracy,1,,,,,fewer_than_three_pairs
4,test_ood,image_block_02,action_transfer_f_relative_l2_mean,object_accuracy,1,,,,,fewer_than_three_pairs
4,test_ood,image_block_02,action_transfer_g_relative_l2_mean,object_accuracy,1,,,,,fewer_than_three_pairs
4,test_ood,image_block_02,action_transfer_f_cosine_distance_mean,object_accuracy,1,,,,,fewer_than_three_pairs
4,test_ood,image_block_02,action_transfer_g_cosine_distance_mean,object_accuracy,1,,,,,fewer_than_three_pairs
4,test_ood,image_block_02,commutator_data_defect_mean,object_accuracy,0,,,,,fewer_than_three_pairs
4,test_ood,image_block_02,commutator_operator_relative_defect_mean,object_accuracy,0,,,,,fewer_than_three_pairs
4,test_ood,image_block_02,oracle_relation_retention_mean,object_accuracy,0,,,,,fewer_than_three_pairs
4,test_ood,image_block_02,oracle_relation_defect_mean,object_accuracy,0,,,,,fewer_than_three_pairs
4,test_ood,image_block_02,fgx_prediction_defect_mean,object_accuracy,1,,,,,fewer_than_three_pairs
4,test_ood,image_block_02,f_context_prediction_defect_mean,object_accuracy,1,,,,,fewer_than_three_pairs
4,test_ood,image_block_02,action_transfer_f_relative_l2_active_mean,object_accuracy,1,,,,,fewer_than_three_pairs
4,test_ood,image_block_02,action_transfer_g_relative_l2_active_mean,object_accuracy,1,,,,,fewer_than_three_pairs
4,test_ood,image_block_02,action_transfer_f_relative_l2_mean,oracle_valid_object_accuracy,1,,,,,fewer_than_three_pairs
4,test_ood,image_block_02,action_transfer_g_relative_l2_mean,oracle_valid_object_accuracy,1,,,,,fewer_than_three_pairs
4,test_ood,image_block_02,action_transfer_f_cosine_distance_mean,oracle_valid_object_accuracy,1,,,,,fewer_than_three_pairs
4,test_ood,image_block_02,action_transfer_g_cosine_distance_mean,oracle_valid_object_accuracy,1,,,,,fewer_than_three_pairs
4,test_ood,image_block_02,commutator_data_defect_mean,oracle_valid_object_accuracy,0,,,,,fewer_than_three_pairs
4,test_ood,image_block_02,commutator_operator_relative_defect_mean,oracle_valid_object_accuracy,0,,,,,fewer_than_three_pairs
4,test_ood,image_block_02,oracle_relation_retention_mean,oracle_valid_object_accuracy,0,,,,,fewer_than_three_pairs
4,test_ood,image_block_02,oracle_relation_defect_mean,oracle_valid_object_accuracy,0,,,,,fewer_than_three_pairs
4,test_ood,image_block_02,fgx_prediction_defect_mean,oracle_valid_object_accuracy,1,,,,,fewer_than_three_pairs
4,test_ood,image_block_02,f_context_prediction_defect_mean,oracle_valid_object_accuracy,1,,,,,fewer_than_three_pairs
4,test_ood,image_block_02,action_transfer_f_relative_l2_active_mean,oracle_valid_object_accuracy,1,,,,,fewer_than_three_pairs
4,test_ood,image_block_02,action_transfer_g_relative_l2_active_mean,oracle_valid_object_accuracy,1,,,,,fewer_than_three_pairs
4,test_ood,image_block_03,action_transfer_f_relative_l2_mean,object_accuracy,1,,,,,fewer_than_three_pairs
4,test_ood,image_block_03,action_transfer_g_relative_l2_mean,object_accuracy,1,,,,,fewer_than_three_pairs
4,test_ood,image_block_03,action_transfer_f_cosine_distance_mean,object_accuracy,1,,,,,fewer_than_three_pairs
4,test_ood,image_block_03,action_transfer_g_cosine_distance_mean,object_accuracy,1,,,,,fewer_than_three_pairs
4,test_ood,image_block_03,commutator_data_defect_mean,object_accuracy,0,,,,,fewer_than_three_pairs
4,test_ood,image_block_03,commutator_operator_relative_defect_mean,object_accuracy,0,,,,,fewer_than_three_pairs
4,test_ood,image_block_03,oracle_relation_retention_mean,object_accuracy,0,,,,,fewer_than_three_pairs
4,test_ood,image_block_03,oracle_relation_defect_mean,object_accuracy,0,,,,,fewer_than_three_pairs
4,test_ood,image_block_03,fgx_prediction_defect_mean,object_accuracy,1,,,,,fewer_than_three_pairs
4,test_ood,image_block_03,f_context_prediction_defect_mean,object_accuracy,1,,,,,fewer_than_three_pairs
4,test_ood,image_block_03,action_transfer_f_relative_l2_active_mean,object_accuracy,1,,,,,fewer_than_three_pairs
4,test_ood,image_block_03,action_transfer_g_relative_l2_active_mean,object_accuracy,1,,,,,fewer_than_three_pairs
4,test_ood,image_block_03,action_transfer_f_relative_l2_mean,oracle_valid_object_accuracy,1,,,,,fewer_than_three_pairs
4,test_ood,image_block_03,action_transfer_g_relative_l2_mean,oracle_valid_object_accuracy,1,,,,,fewer_than_three_pairs
4,test_ood,image_block_03,action_transfer_f_cosine_distance_mean,oracle_valid_object_accuracy,1,,,,,fewer_than_three_pairs
4,test_ood,image_block_03,action_transfer_g_cosine_distance_mean,oracle_valid_object_accuracy,1,,,,,fewer_than_three_pairs
4,test_ood,image_block_03,commutator_data_defect_mean,oracle_valid_object_accuracy,0,,,,,fewer_than_three_pairs
4,test_ood,image_block_03,commutator_operator_relative_defect_mean,oracle_valid_object_accuracy,0,,,,,fewer_than_three_pairs
4,test_ood,image_block_03,oracle_relation_retention_mean,oracle_valid_object_accuracy,0,,,,,fewer_than_three_pairs
4,test_ood,image_block_03,oracle_relation_defect_mean,oracle_valid_object_accuracy,0,,,,,fewer_than_three_pairs
4,test_ood,image_block_03,fgx_prediction_defect_mean,oracle_valid_object_accuracy,1,,,,,fewer_than_three_pairs
4,test_ood,image_block_03,f_context_prediction_defect_mean,oracle_valid_object_accuracy,1,,,,,fewer_than_three_pairs
4,test_ood,image_block_03,action_transfer_f_relative_l2_active_mean,oracle_valid_object_accuracy,1,,,,,fewer_than_three_pairs
4,test_ood,image_block_03,action_transfer_g_relative_l2_active_mean,oracle_valid_object_accuracy,1,,,,,fewer_than_three_pairs
4,test_ood,image_block_04,action_transfer_f_relative_l2_mean,object_accuracy,1,,,,,fewer_than_three_pairs
4,test_ood,image_block_04,action_transfer_g_relative_l2_mean,object_accuracy,1,,,,,fewer_than_three_pairs
4,test_ood,image_block_04,action_transfer_f_cosine_distance_mean,object_accuracy,1,,,,,fewer_than_three_pairs
4,test_ood,image_block_04,action_transfer_g_cosine_distance_mean,object_accuracy,1,,,,,fewer_than_three_pairs
4,test_ood,image_block_04,commutator_data_defect_mean,object_accuracy,0,,,,,fewer_than_three_pairs
4,test_ood,image_block_04,commutator_operator_relative_defect_mean,object_accuracy,0,,,,,fewer_than_three_pairs
4,test_ood,image_block_04,oracle_relation_retention_mean,object_accuracy,0,,,,,fewer_than_three_pairs
4,test_ood,image_block_04,oracle_relation_defect_mean,object_accuracy,0,,,,,fewer_than_three_pairs
4,test_ood,image_block_04,fgx_prediction_defect_mean,object_accuracy,1,,,,,fewer_than_three_pairs
4,test_ood,image_block_04,f_context_prediction_defect_mean,object_accuracy,1,,,,,fewer_than_three_pairs
4,test_ood,image_block_04,action_transfer_f_relative_l2_active_mean,object_accuracy,1,,,,,fewer_than_three_pairs
4,test_ood,image_block_04,action_transfer_g_relative_l2_active_mean,object_accuracy,1,,,,,fewer_than_three_pairs
4,test_ood,image_block_04,action_transfer_f_relative_l2_mean,oracle_valid_object_accuracy,1,,,,,fewer_than_three_pairs
4,test_ood,image_block_04,action_transfer_g_relative_l2_mean,oracle_valid_object_accuracy,1,,,,,fewer_than_three_pairs
4,test_ood,image_block_04,action_transfer_f_cosine_distance_mean,oracle_valid_object_accuracy,1,,,,,fewer_than_three_pairs
4,test_ood,image_block_04,action_transfer_g_cosine_distance_mean,oracle_valid_object_accuracy,1,,,,,fewer_than_three_pairs
4,test_ood,image_block_04,commutator_data_defect_mean,oracle_valid_object_accuracy,0,,,,,fewer_than_three_pairs
4,test_ood,image_block_04,commutator_operator_relative_defect_mean,oracle_valid_object_accuracy,0,,,,,fewer_than_three_pairs
4,test_ood,image_block_04,oracle_relation_retention_mean,oracle_valid_object_accuracy,0,,,,,fewer_than_three_pairs
4,test_ood,image_block_04,oracle_relation_defect_mean,oracle_valid_object_accuracy,0,,,,,fewer_than_three_pairs
4,test_ood,image_block_04,fgx_prediction_defect_mean,oracle_valid_object_accuracy,1,,,,,fewer_than_three_pairs
4,test_ood,image_block_04,f_context_prediction_defect_mean,oracle_valid_object_accuracy,1,,,,,fewer_than_three_pairs
4,test_ood,image_block_04,action_transfer_f_relative_l2_active_mean,oracle_valid_object_accuracy,1,,,,,fewer_than_three_pairs
4,test_ood,image_block_04,action_transfer_g_relative_l2_active_mean,oracle_valid_object_accuracy,1,,,,,fewer_than_three_pairs
4,test_ood,image_block_05,action_transfer_f_relative_l2_mean,object_accuracy,1,,,,,fewer_than_three_pairs
4,test_ood,image_block_05,action_transfer_g_relative_l2_mean,object_accuracy,1,,,,,fewer_than_three_pairs
4,test_ood,image_block_05,action_transfer_f_cosine_distance_mean,object_accuracy,1,,,,,fewer_than_three_pairs
4,test_ood,image_block_05,action_transfer_g_cosine_distance_mean,object_accuracy,1,,,,,fewer_than_three_pairs
4,test_ood,image_block_05,commutator_data_defect_mean,object_accuracy,0,,,,,fewer_than_three_pairs
4,test_ood,image_block_05,commutator_operator_relative_defect_mean,object_accuracy,0,,,,,fewer_than_three_pairs
4,test_ood,image_block_05,oracle_relation_retention_mean,object_accuracy,0,,,,,fewer_than_three_pairs
4,test_ood,image_block_05,oracle_relation_defect_mean,object_accuracy,0,,,,,fewer_than_three_pairs
4,test_ood,image_block_05,fgx_prediction_defect_mean,object_accuracy,1,,,,,fewer_than_three_pairs
4,test_ood,image_block_05,f_context_prediction_defect_mean,object_accuracy,1,,,,,fewer_than_three_pairs
4,test_ood,image_block_05,action_transfer_f_relative_l2_active_mean,object_accuracy,1,,,,,fewer_than_three_pairs
4,test_ood,image_block_05,action_transfer_g_relative_l2_active_mean,object_accuracy,1,,,,,fewer_than_three_pairs
4,test_ood,image_block_05,action_transfer_f_relative_l2_mean,oracle_valid_object_accuracy,1,,,,,fewer_than_three_pairs
4,test_ood,image_block_05,action_transfer_g_relative_l2_mean,oracle_valid_object_accuracy,1,,,,,fewer_than_three_pairs
4,test_ood,image_block_05,action_transfer_f_cosine_distance_mean,oracle_valid_object_accuracy,1,,,,,fewer_than_three_pairs
4,test_ood,image_block_05,action_transfer_g_cosine_distance_mean,oracle_valid_object_accuracy,1,,,,,fewer_than_three_pairs
4,test_ood,image_block_05,commutator_data_defect_mean,oracle_valid_object_accuracy,0,,,,,fewer_than_three_pairs
4,test_ood,image_block_05,commutator_operator_relative_defect_mean,oracle_valid_object_accuracy,0,,,,,fewer_than_three_pairs
4,test_ood,image_block_05,oracle_relation_retention_mean,oracle_valid_object_accuracy,0,,,,,fewer_than_three_pairs
4,test_ood,image_block_05,oracle_relation_defect_mean,oracle_valid_object_accuracy,0,,,,,fewer_than_three_pairs
4,test_ood,image_block_05,fgx_prediction_defect_mean,oracle_valid_object_accuracy,1,,,,,fewer_than_three_pairs
4,test_ood,image_block_05,f_context_prediction_defect_mean,oracle_valid_object_accuracy,1,,,,,fewer_than_three_pairs
4,test_ood,image_block_05,action_transfer_f_relative_l2_active_mean,oracle_valid_object_accuracy,1,,,,,fewer_than_three_pairs
4,test_ood,image_block_05,action_transfer_g_relative_l2_active_mean,oracle_valid_object_accuracy,1,,,,,fewer_than_three_pairs
4,test_ood,image_block_06,action_transfer_f_relative_l2_mean,object_accuracy,1,,,,,fewer_than_three_pairs
4,test_ood,image_block_06,action_transfer_g_relative_l2_mean,object_accuracy,1,,,,,fewer_than_three_pairs
4,test_ood,image_block_06,action_transfer_f_cosine_distance_mean,object_accuracy,1,,,,,fewer_than_three_pairs
4,test_ood,image_block_06,action_transfer_g_cosine_distance_mean,object_accuracy,1,,,,,fewer_than_three_pairs
4,test_ood,image_block_06,commutator_data_defect_mean,object_accuracy,0,,,,,fewer_than_three_pairs
4,test_ood,image_block_06,commutator_operator_relative_defect_mean,object_accuracy,0,,,,,fewer_than_three_pairs
4,test_ood,image_block_06,oracle_relation_retention_mean,object_accuracy,0,,,,,fewer_than_three_pairs
4,test_ood,image_block_06,oracle_relation_defect_mean,object_accuracy,0,,,,,fewer_than_three_pairs
4,test_ood,image_block_06,fgx_prediction_defect_mean,object_accuracy,1,,,,,fewer_than_three_pairs
4,test_ood,image_block_06,f_context_prediction_defect_mean,object_accuracy,1,,,,,fewer_than_three_pairs
4,test_ood,image_block_06,action_transfer_f_relative_l2_active_mean,object_accuracy,1,,,,,fewer_than_three_pairs
4,test_ood,image_block_06,action_transfer_g_relative_l2_active_mean,object_accuracy,1,,,,,fewer_than_three_pairs
4,test_ood,image_block_06,action_transfer_f_relative_l2_mean,oracle_valid_object_accuracy,1,,,,,fewer_than_three_pairs
4,test_ood,image_block_06,action_transfer_g_relative_l2_mean,oracle_valid_object_accuracy,1,,,,,fewer_than_three_pairs
4,test_ood,image_block_06,action_transfer_f_cosine_distance_mean,oracle_valid_object_accuracy,1,,,,,fewer_than_three_pairs
4,test_ood,image_block_06,action_transfer_g_cosine_distance_mean,oracle_valid_object_accuracy,1,,,,,fewer_than_three_pairs
4,test_ood,image_block_06,commutator_data_defect_mean,oracle_valid_object_accuracy,0,,,,,fewer_than_three_pairs
4,test_ood,image_block_06,commutator_operator_relative_defect_mean,oracle_valid_object_accuracy,0,,,,,fewer_than_three_pairs
4,test_ood,image_block_06,oracle_relation_retention_mean,oracle_valid_object_accuracy,0,,,,,fewer_than_three_pairs
4,test_ood,image_block_06,oracle_relation_defect_mean,oracle_valid_object_accuracy,0,,,,,fewer_than_three_pairs
4,test_ood,image_block_06,fgx_prediction_defect_mean,oracle_valid_object_accuracy,1,,,,,fewer_than_three_pairs
4,test_ood,image_block_06,f_context_prediction_defect_mean,oracle_valid_object_accuracy,1,,,,,fewer_than_three_pairs
4,test_ood,image_block_06,action_transfer_f_relative_l2_active_mean,oracle_valid_object_accuracy,1,,,,,fewer_than_three_pairs
4,test_ood,image_block_06,action_transfer_g_relative_l2_active_mean,oracle_valid_object_accuracy,1,,,,,fewer_than_three_pairs
4,test_ood,image_final_norm,action_transfer_f_relative_l2_mean,object_accuracy,1,,,,,fewer_than_three_pairs
4,test_ood,image_final_norm,action_transfer_g_relative_l2_mean,object_accuracy,1,,,,,fewer_than_three_pairs
4,test_ood,image_final_norm,action_transfer_f_cosine_distance_mean,object_accuracy,1,,,,,fewer_than_three_pairs
4,test_ood,image_final_norm,action_transfer_g_cosine_distance_mean,object_accuracy,1,,,,,fewer_than_three_pairs
4,test_ood,image_final_norm,commutator_data_defect_mean,object_accuracy,0,,,,,fewer_than_three_pairs
4,test_ood,image_final_norm,commutator_operator_relative_defect_mean,object_accuracy,0,,,,,fewer_than_three_pairs
4,test_ood,image_final_norm,oracle_relation_retention_mean,object_accuracy,0,,,,,fewer_than_three_pairs
4,test_ood,image_final_norm,oracle_relation_defect_mean,object_accuracy,0,,,,,fewer_than_three_pairs
4,test_ood,image_final_norm,fgx_prediction_defect_mean,object_accuracy,1,,,,,fewer_than_three_pairs
4,test_ood,image_final_norm,f_context_prediction_defect_mean,object_accuracy,1,,,,,fewer_than_three_pairs
4,test_ood,image_final_norm,action_transfer_f_relative_l2_active_mean,object_accuracy,1,,,,,fewer_than_three_pairs
4,test_ood,image_final_norm,action_transfer_g_relative_l2_active_mean,object_accuracy,1,,,,,fewer_than_three_pairs
4,test_ood,image_final_norm,action_transfer_f_relative_l2_mean,oracle_valid_object_accuracy,1,,,,,fewer_than_three_pairs
4,test_ood,image_final_norm,action_transfer_g_relative_l2_mean,oracle_valid_object_accuracy,1,,,,,fewer_than_three_pairs
4,test_ood,image_final_norm,action_transfer_f_cosine_distance_mean,oracle_valid_object_accuracy,1,,,,,fewer_than_three_pairs
4,test_ood,image_final_norm,action_transfer_g_cosine_distance_mean,oracle_valid_object_accuracy,1,,,,,fewer_than_three_pairs
4,test_ood,image_final_norm,commutator_data_defect_mean,oracle_valid_object_accuracy,0,,,,,fewer_than_three_pairs
4,test_ood,image_final_norm,commutator_operator_relative_defect_mean,oracle_valid_object_accuracy,0,,,,,fewer_than_three_pairs
4,test_ood,image_final_norm,oracle_relation_retention_mean,oracle_valid_object_accuracy,0,,,,,fewer_than_three_pairs
4,test_ood,image_final_norm,oracle_relation_defect_mean,oracle_valid_object_accuracy,0,,,,,fewer_than_three_pairs
4,test_ood,image_final_norm,fgx_prediction_defect_mean,oracle_valid_object_accuracy,1,,,,,fewer_than_three_pairs
4,test_ood,image_final_norm,f_context_prediction_defect_mean,oracle_valid_object_accuracy,1,,,,,fewer_than_three_pairs
4,test_ood,image_final_norm,action_transfer_f_relative_l2_active_mean,oracle_valid_object_accuracy,1,,,,,fewer_than_three_pairs
4,test_ood,image_final_norm,action_transfer_g_relative_l2_active_mean,oracle_valid_object_accuracy,1,,,,,fewer_than_three_pairs
