experiment,split,f,g,composition,source_kind,layer,samples,action_transfer_f_relative_l2_mean,action_transfer_f_relative_l2_count,action_transfer_f_cosine_distance_mean,action_transfer_f_cosine_distance_count,action_transfer_f_source_delta_norm_mean,action_transfer_f_source_delta_norm_count,action_transfer_f_context_delta_norm_mean,action_transfer_f_context_delta_norm_count,action_transfer_f_both_zero_mean,action_transfer_f_both_zero_count,action_transfer_g_relative_l2_mean,action_transfer_g_relative_l2_count,action_transfer_g_cosine_distance_mean,action_transfer_g_cosine_distance_count,action_transfer_g_source_delta_norm_mean,action_transfer_g_source_delta_norm_count,action_transfer_g_context_delta_norm_mean,action_transfer_g_context_delta_norm_count,action_transfer_g_both_zero_mean,action_transfer_g_both_zero_count,f_source_oracle_no_op_mean,f_source_oracle_no_op_count,f_context_oracle_no_op_mean,f_context_oracle_no_op_count,g_source_oracle_no_op_mean,g_source_oracle_no_op_count,g_context_oracle_no_op_mean,g_context_oracle_no_op_count,oracle_commutes_mean,oracle_commutes_count,commutator_applicable_mean,commutator_applicable_count,fx_prediction_defect_mean,fx_prediction_defect_count,gx_prediction_defect_mean,gx_prediction_defect_count,fgx_prediction_defect_mean,fgx_prediction_defect_count,gfx_prediction_defect_mean,gfx_prediction_defect_count,f_context_prediction_defect_mean,f_context_prediction_defect_count,g_context_prediction_defect_mean,g_context_prediction_defect_count,oracle_relation_observed_count_mean,oracle_relation_observed_count_count,oracle_relation_tautology_count_mean,oracle_relation_tautology_count_count,oracle_relation_count_mean,oracle_relation_count_count,action_transfer_f_active_samples,action_transfer_f_relative_l2_active_mean,action_transfer_f_cosine_distance_active_mean,action_transfer_g_active_samples,action_transfer_g_relative_l2_active_mean,action_transfer_g_cosine_distance_active_mean,composition_accuracy_samples,object_accuracy,oracle_valid_accuracy_samples,oracle_valid_object_accuracy,commutator_operator_defect_mean,commutator_operator_defect_count,commutator_operator_relative_defect_mean,commutator_operator_relative_defect_count,commutator_data_defect_mean,commutator_data_defect_count,oracle_relation_retention_mean,oracle_relation_retention_count,oracle_relation_defect_mean,oracle_relation_defect_count,oracle_relation_max_defect_mean,oracle_relation_max_defect_count
4,val,change_shape_color,change_shape_color,change_shape_color -> change_shape_color,synthetic_pair_on_id_atomic_input,image_input_tokens,34,1.6874452679013325,34,1.4280011862166522,34,0.4421941219393397,34,0.4423332841457934,34,0.0,34,1.6874452679013325,34,1.4280011862166522,34,0.4421941219393397,34,0.4423332841457934,34,0.0,34,0.0,34,0.0,34,0.0,34,0.0,34,1.0,34,0.0,34,0.0001643552554560597,34,0.0001643552554560597,34,0.0002975037487446319,34,0.0002975037487446319,34,0.0001505094358202174,34,0.0001505094358202174,34,2.0,34,2.0,34,0.0,34,34,1.6874452679013325,1.4280011862166522,34,1.6874452679013325,1.4280011862166522,11,1.0,0,,,,,,,,,,,,,
4,val,change_shape_color,change_shape_color,change_shape_color -> change_shape_color,synthetic_pair_on_id_atomic_input,image_block_01,34,1.6795870085411493,34,1.4141288697138026,34,7.053041766318486,34,7.008299014591614,34,0.0,34,1.6795870085411493,34,1.4141288697138026,34,7.053041766318486,34,7.008299014591614,34,0.0,34,0.0,34,0.0,34,0.0,34,0.0,34,1.0,34,0.0,34,0.03674794993198008,34,0.03674794993198008,34,0.046074284944760464,34,0.046074284944760464,34,0.035564609858504216,34,0.035564609858504216,34,2.0,34,2.0,34,0.0,34,34,1.6795870085411493,1.4141288697138026,34,1.6795870085411493,1.4141288697138026,11,1.0,0,,,,,,,,,,,,,
4,val,change_shape_color,change_shape_color,change_shape_color -> change_shape_color,synthetic_pair_on_id_atomic_input,image_block_02,34,1.5967981901636472,34,1.2811167383349238,34,11.348085467201479,34,11.325954377130635,34,0.0,34,1.5967981901636472,34,1.2811167383349238,34,11.348085467201479,34,11.325954377130635,34,0.0,34,0.0,34,0.0,34,0.0,34,0.0,34,1.0,34,0.0,34,0.05756871238642331,34,0.05756871238642331,34,0.0718292954804219,34,0.0718292954804219,34,0.05642443330480954,34,0.05642443330480954,34,2.0,34,2.0,34,0.0,34,34,1.5967981901636472,1.2811167383349238,34,1.5967981901636472,1.2811167383349238,11,1.0,0,,,,,,,,,,,,,
4,val,change_shape_color,change_shape_color,change_shape_color -> change_shape_color,synthetic_pair_on_id_atomic_input,image_block_03,34,1.6079400062237403,34,1.3004415842375352,34,16.343024442805078,34,16.581678668438116,34,0.0,34,1.6079400062237403,34,1.3004415842375352,34,16.343024442805078,34,16.581678668438116,34,0.0,34,0.0,34,0.0,34,0.0,34,0.0,34,1.0,34,0.0,34,0.06993742731578174,34,0.06993742731578174,34,0.08856278806232576,34,0.08856278806232576,34,0.06870894598756329,34,0.06870894598756329,34,2.0,34,2.0,34,0.0,34,34,1.6079400062237403,1.3004415842375352,34,1.6079400062237403,1.3004415842375352,11,1.0,0,,,,,,,,,,,,,
4,val,change_shape_color,change_shape_color,change_shape_color -> change_shape_color,synthetic_pair_on_id_atomic_input,image_block_04,34,1.6167583363628222,34,1.3143809617340374,34,16.94478678873702,34,17.320796361049254,34,0.0,34,1.6167583363628222,34,1.3143809617340374,34,16.94478678873702,34,17.320796361049254,34,0.0,34,0.0,34,0.0,34,0.0,34,0.0,34,1.0,34,0.0,34,0.07242089384749155,34,0.07242089384749155,34,0.0912702336292917,34,0.0912702336292917,34,0.07177694866858507,34,0.07177694866858507,34,2.0,34,2.0,34,0.0,34,34,1.6167583363628222,1.3143809617340374,34,1.6167583363628222,1.3143809617340374,11,1.0,0,,,,,,,,,,,,,
4,val,change_shape_color,change_shape_color,change_shape_color -> change_shape_color,synthetic_pair_on_id_atomic_input,image_block_05,34,1.6270892186490404,34,1.330871507525709,34,17.63433141890818,34,17.99416803673655,34,0.0,34,1.6270892186490404,34,1.330871507525709,34,17.63433141890818,34,17.99416803673655,34,0.0,34,0.0,34,0.0,34,0.0,34,0.0,34,1.0,34,0.0,34,0.0805915969003598,34,0.0805915969003598,34,0.10254421489425349,34,0.10254421489425349,34,0.08063173092761758,34,0.08063173092761758,34,2.0,34,2.0,34,0.0,34,34,1.6270892186490404,1.330871507525709,34,1.6270892186490404,1.330871507525709,11,1.0,0,,,,,,,,,,,,,
4,val,change_shape_color,change_shape_color,change_shape_color -> change_shape_color,synthetic_pair_on_id_atomic_input,image_block_06,34,1.624520628474352,34,1.3267356711204028,34,19.053722791554396,34,19.24820314044836,34,0.0,34,1.624520628474352,34,1.3267356711204028,34,19.053722791554396,34,19.24820314044836,34,0.0,34,0.0,34,0.0,34,0.0,34,0.0,34,1.0,34,0.0,34,0.08906586629343637,34,0.08906586629343637,34,0.11243876414736051,34,0.11243876414736051,34,0.08787452239742477,34,0.08787452239742477,34,2.0,34,2.0,34,0.0,34,34,1.624520628474352,1.3267356711204028,34,1.624520628474352,1.3267356711204028,11,1.0,0,,,,,,,,,,,,,
4,val,change_shape_color,change_shape_color,change_shape_color -> change_shape_color,synthetic_pair_on_id_atomic_input,image_final_norm,34,1.6295231272210786,34,1.3346922119148097,34,2.9679530130533514,34,3.0048476377225604,34,0.0,34,1.6295231272210786,34,1.3346922119148097,34,2.9679530130533514,34,3.0048476377225604,34,0.0,34,0.0,34,0.0,34,0.0,34,0.0,34,1.0,34,0.0,34,0.09039264458808519,34,0.09039264458808519,34,0.1135560691578118,34,0.1135560691578118,34,0.08948590968458298,34,0.08948590968458298,34,2.0,34,2.0,34,0.0,34,34,1.6295231272210786,1.3346922119148097,34,1.6295231272210786,1.3346922119148097,11,1.0,0,,,,,,,,,,,,,
4,val,change_shape_color,crop_contours,crop_contours -> change_shape_color,synthetic_pair_on_id_atomic_input,image_input_tokens,23,0.944132741818577,23,0.12512379503007448,23,0.48022097306684847,23,0.20064072581536835,23,0.0,23,0.6413502732077,23,0.2104040643134244,23,0.4824928193234119,23,0.4835809667868034,23,0.0,23,0.0,23,0.0,23,0.0,23,0.0,23,1.0,23,1.0,23,0.00019395127651242349,23,0.023490800184881498,23,0.023456761417031343,23,0.023443596936227995,23,0.0001025710960895984,23,0.023455724971602178,23,1.0,23,0.0,23,1.0,23,23,0.944132741818577,0.12512379503007448,23,0.6413502732077,0.2104040643134244,11,1.0,0,,1.439527386797834,23,0.2372041631451145,23,0.012422866185429681,23,1.0,23,0.012422866185429681,23,0.012422866185429681,23
4,val,change_shape_color,crop_contours,crop_contours -> change_shape_color,synthetic_pair_on_id_atomic_input,image_block_01,23,0.546650745681292,23,0.12598843039957983,23,7.38531273735614,23,5.8434656418734505,23,0.0,23,0.2024496703599173,23,0.020172064149005013,23,17.07633510067466,23,17.21718604734686,23,0.0,23,0.0,23,0.0,23,0.0,23,0.0,23,1.0,23,1.0,23,0.0381488668806605,23,0.09147664829113861,23,0.10424236304458744,23,0.09639160466724656,23,0.043150633142352054,23,0.08671624681985651,23,1.0,23,0.0,23,1.0,23,23,0.546650745681292,0.12598843039957983,23,0.2024496703599173,0.020172064149005013,11,1.0,0,,36.63362406593983,23,0.6088001642632278,23,0.05671166429849884,23,0.34782608695652173,23,0.05671166429849884,23,0.05671166429849884,23
4,val,change_shape_color,crop_contours,crop_contours -> change_shape_color,synthetic_pair_on_id_atomic_input,image_block_02,23,0.5616767620475651,23,0.1671800641011826,23,11.655673845427623,23,10.239581141503713,23,0.0,23,0.21591220526830096,23,0.0235845078110484,23,27.46114543238535,23,27.162565885006583,23,0.0,23,0.0,23,0.0,23,0.0,23,0.0,23,1.0,23,1.0,23,0.05805213151958897,23,0.1557465173823529,23,0.16072735149219777,23,0.15335615739473013,23,0.06655541399105946,23,0.14534489549610016,23,1.0,23,0.0,23,1.0,23,23,0.5616767620475651,0.1671800641011826,23,0.21591220526830096,0.0235845078110484,11,1.0,0,,59.95851266952643,23,0.649109505919181,23,0.08931448911128204,23,0.0,23,0.08931448911128204,23,0.08931448911128204,23
4,val,change_shape_color,crop_contours,crop_contours -> change_shape_color,synthetic_pair_on_id_atomic_input,image_block_03,23,0.5393931450284564,23,0.15081104283773297,23,16.644983598338612,23,14.265772969009568,23,0.0,23,0.24062980321566665,23,0.029894074538264582,23,33.64635679425142,23,33.51043973824015,23,0.0,23,0.0,23,0.0,23,0.0,23,0.0,23,1.0,23,1.0,23,0.07061464536604085,23,0.18165807242657844,23,0.1844043044522705,23,0.18012968752879405,23,0.07588923940121468,23,0.1737096547636557,23,1.0,23,0.0,23,1.0,23,23,0.5393931450284564,0.15081104283773297,23,0.24062980321566665,0.029894074538264582,11,1.0,0,,68.13495522213931,23,0.6014954643049035,23,0.10846357641574186,23,0.0,23,0.10846357641574186,23,0.10846357641574186,23
4,val,change_shape_color,crop_contours,crop_contours -> change_shape_color,synthetic_pair_on_id_atomic_input,image_block_04,23,0.5557133639446076,23,0.15952629392809037,23,17.303284598267982,23,14.775821002386927,23,0.0,23,0.24437825396785118,23,0.03080200689556666,23,35.3683841210508,23,35.32766842434074,23,0.0,23,0.0,23,0.0,23,0.0,23,0.0,23,1.0,23,1.0,23,0.0727624079786271,23,0.1717479056734813,23,0.1771964597354339,23,0.1741311641709519,23,0.07918910206428861,23,0.1650901177091441,23,1.0,23,0.0,23,1.0,23,23,0.5557133639446076,0.15952629392809037,23,0.24437825396785118,0.03080200689556666,11,1.0,0,,80.49814670167488,23,0.6990888363923414,23,0.1114555987609506,23,0.0,23,0.1114555987609506,23,0.1114555987609506,23
4,val,change_shape_color,crop_contours,crop_contours -> change_shape_color,synthetic_pair_on_id_atomic_input,image_block_05,23,0.5671661325412808,23,0.16443093990268132,23,18.02966064666747,23,15.33095606525204,23,0.0,23,0.23534167953204027,23,0.02861359049921644,23,39.054680540775436,23,39.21228055581339,23,0.0,23,0.0,23,0.0,23,0.0,23,0.0,23,1.0,23,1.0,23,0.08217285866728993,23,0.1762238617287797,23,0.18496453247209094,23,0.18311385733887903,23,0.08621812995082079,23,0.17539279812290154,23,1.0,23,0.0,23,1.0,23,23,0.5671661325412808,0.16443093990268132,23,0.23534167953204027,0.02861359049921644,11,1.0,0,,81.08694880210669,23,0.7163870495540295,23,0.11731504692906601,23,0.0,23,0.11731504692906601,23,0.11731504692906601,23
4,val,change_shape_color,crop_contours,crop_contours -> change_shape_color,synthetic_pair_on_id_atomic_input,image_block_06,23,0.5848443632674819,23,0.17437764794264765,23,19.580941262782925,23,16.246320970622392,23,0.0,23,0.24910707447564526,23,0.03215888739938681,23,41.04625628357553,23,40.88516363073438,23,0.0,23,0.0,23,0.0,23,0.0,23,0.0,23,1.0,23,1.0,23,0.09150905824120892,23,0.1784373569070121,23,0.19025247633432904,23,0.18504224864845803,23,0.0934401810756751,23,0.17652347206102417,23,1.0,23,0.0,23,1.0,23,23,0.5848443632674819,0.17437764794264765,23,0.24910707447564526,0.03215888739938681,11,1.0,0,,76.64572222886596,23,0.6683893695121441,23,0.12468391546485859,23,0.0,23,0.12468391546485859,23,0.12468391546485859,23
4,val,change_shape_color,crop_contours,crop_contours -> change_shape_color,synthetic_pair_on_id_atomic_input,image_final_norm,23,0.5817382849383929,23,0.16706971981944094,23,3.069690005295917,23,2.483718409971889,23,0.0,23,0.2596680492355931,23,0.0347352563908378,23,6.062563565382804,23,6.036543929068599,23,0.0,23,0.0,23,0.0,23,0.0,23,0.0,23,1.0,23,1.0,23,0.09255117909618744,23,0.17538139235075062,23,0.18684585559745345,23,0.18025455962413642,23,0.09302471889141098,23,0.1719423123224444,23,1.0,23,0.0,23,1.0,23,23,0.5817382849383929,0.16706971981944094,23,0.2596680492355931,0.0347352563908378,11,1.0,0,,21.56457750828715,23,0.8605945144917828,23,0.12527413287697042,23,0.0,23,0.12527413287697042,23,0.12527413287697042,23
4,val,change_shape_color,double_right,double_right -> change_shape_color,synthetic_pair_on_id_atomic_input,image_input_tokens,20,0.7185701804097541,20,0.1200630451563834,20,0.39635207748375073,20,0.6891560367971655,20,0.0,20,0.5926149608544035,20,0.18094659360965126,20,0.6572020013158666,20,0.6572266526653328,20,0.0,20,0.0,20,0.0,20,0.0,20,0.0,20,1.0,20,1.0,20,0.00016519624307466464,20,0.04393870746659857,20,0.043917972810491035,20,0.04715505989176959,20,0.00025590397971370386,20,0.04714348327608542,20,1.0,20,0.0,20,1.0,20,20,0.7185701804097541,0.1200630451563834,20,0.5926149608544035,0.18094659360965126,11,1.0,0,,4.2852880519441525,20,0.31159639159665004,20,0.026519598893315188,20,1.0,20,0.026519598893315188,20,0.026519598893315188,20
4,val,change_shape_color,double_right,double_right -> change_shape_color,synthetic_pair_on_id_atomic_input,image_block_01,20,0.34274344780443533,20,0.04250199418434701,20,6.702011142140361,20,8.020945455742694,20,0.0,20,0.14574085173714021,20,0.01069503092829462,20,17.393955952995896,20,17.39553836561463,20,0.0,20,0.0,20,0.0,20,0.0,20,0.0,20,1.0,20,1.0,20,0.03393690902834044,20,0.04367345257859957,20,0.05823010975455898,20,0.05470361055726299,20,0.04048899719326075,20,0.0417558987911346,20,1.0,20,0.0,20,1.0,20,20,0.34274344780443533,0.04250199418434701,20,0.14574085173714021,0.01069503092829462,11,1.0,0,,26.716171519318642,20,0.5667734844589369,20,0.03791145689640716,20,0.85,20,0.03791145689640716,20,0.03791145689640716,20
4,val,change_shape_color,double_right,double_right -> change_shape_color,synthetic_pair_on_id_atomic_input,image_block_02,20,0.30383535254191263,20,0.04240809505371315,20,10.927263395663783,20,12.00805177347705,20,0.0,20,0.11553874366566505,20,0.006635819528006098,20,30.715059981230876,20,30.814434420070096,20,0.0,20,0.0,20,0.0,20,0.0,20,0.0,20,1.0,20,1.0,20,0.05427013408459717,20,0.08879096597497561,20,0.10273669980946531,20,0.09505511194181027,20,0.06281493846656278,20,0.08758209986874788,20,1.0,20,0.0,20,1.0,20,20,0.30383535254191263,0.04240809505371315,20,0.11553874366566505,0.006635819528006098,11,1.0,0,,48.58629071488876,20,0.5415957598125292,20,0.05831949075278566,20,0.3,20,0.05831949075278566,20,0.05831949075278566,20
4,val,change_shape_color,double_right,double_right -> change_shape_color,synthetic_pair_on_id_atomic_input,image_block_03,20,0.25955468346410326,20,0.03201532665706005,20,16.212737072240987,20,17.270915306553114,20,0.0,20,0.12508479215417334,20,0.00796138745435308,20,35.80202135322008,20,35.9358318166109,20,0.0,20,0.0,20,0.0,20,0.0,20,0.0,20,1.0,20,1.0,20,0.06797551513734487,20,0.1035646482160775,20,0.1202560077806822,20,0.11217790757643786,20,0.07827308428698727,20,0.10004696830761259,20,1.0,20,0.0,20,1.0,20,20,0.25955468346410326,0.03201532665706005,20,0.12508479215417334,0.00796138745435308,11,1.0,0,,48.84316276134747,20,0.48795671974635263,20,0.07841897949567259,20,0.0,20,0.07841897949567259,20,0.07841897949567259,20
4,val,change_shape_color,double_right,double_right -> change_shape_color,synthetic_pair_on_id_atomic_input,image_block_04,20,0.281073422978923,20,0.03752163664710782,20,16.754071657294517,20,17.950468986534034,20,0.0,20,0.12324771214005537,20,0.007782386126691704,20,41.006299000587,20,41.13341362137136,20,0.0,20,0.0,20,0.0,20,0.0,20,0.0,20,1.0,20,1.0,20,0.07001340140927394,20,0.10476950474907831,20,0.12359737574436387,20,0.11723664077232784,20,0.08265775011087427,20,0.10435010824445545,20,1.0,20,0.0,20,1.0,20,20,0.281073422978923,0.03752163664710782,20,0.12324771214005537,0.007782386126691704,11,1.0,0,,52.973358452297035,20,0.44689844695092396,20,0.08240804499499542,20,0.0,20,0.08240804499499542,20,0.08240804499499542,20
4,val,change_shape_color,double_right,double_right -> change_shape_color,synthetic_pair_on_id_atomic_input,image_block_05,20,0.30811203105688073,20,0.04556661597667787,20,17.410744185447292,20,18.895663355159634,20,0.0,20,0.1334857402058806,20,0.009215741972313451,20,43.04020498509455,20,43.26193308658364,20,0.0,20,0.0,20,0.0,20,0.0,20,0.0,20,1.0,20,1.0,20,0.07744873215565325,20,0.12202023002711908,20,0.14550701260844218,20,0.13248989741543515,20,0.09683222318823494,20,0.122380991246239,20,1.0,20,0.0,20,1.0,20,20,0.30811203105688073,0.04556661597667787,20,0.1334857402058806,0.009215741972313451,11,1.0,0,,63.408509919000515,20,0.548640371926959,20,0.09717090031745779,20,0.0,20,0.09717090031745779,20,0.09717090031745779,20
4,val,change_shape_color,double_right,double_right -> change_shape_color,synthetic_pair_on_id_atomic_input,image_block_06,20,0.36698143086119744,20,0.07082619364144616,20,18.949487323513296,20,20.62648795336013,20,0.0,20,0.1627259136902172,20,0.01462812709776708,20,46.012111273996325,20,46.361511472867015,20,0.0,20,0.0,20,0.0,20,0.0,20,0.0,20,1.0,20,1.0,20,0.08634486780898085,20,0.1373108854113934,20,0.16431730517190474,20,0.14757618012255347,20,0.11561505466825098,20,0.1371316203805267,20,1.0,20,0.0,20,1.0,20,20,0.36698143086119744,0.07082619364144616,20,0.1627259136902172,0.01462812709776708,11,1.0,0,,61.23919447738483,20,0.6409498791076734,20,0.11562542544397322,20,0.0,20,0.11562542544397322,20,0.11562542544397322,20
4,val,change_shape_color,double_right,double_right -> change_shape_color,synthetic_pair_on_id_atomic_input,image_final_norm,20,0.381615851383045,20,0.0682745149230937,20,2.9009584475878856,20,3.341116728898784,20,0.0,20,0.18462977968353197,20,0.01813576093457563,20,6.626165536846754,20,6.690635889970726,20,0.0,20,0.0,20,0.0,20,0.0,20,0.0,20,1.0,20,1.0,20,0.08770627609528944,20,0.14454687771719807,20,0.1743504419454724,20,0.1558335627100264,20,0.12346083957850577,20,0.1441333273853304,20,1.0,20,0.0,20,1.0,20,20,0.381615851383045,0.0682745149230937,20,0.18462977968353197,0.01813576093457563,11,1.0,0,,20.234168844453798,20,0.7968272911691081,20,0.12772869358644612,20,0.0,20,0.12772869358644612,20,0.12772869358644612,20
4,val,crop_contours,change_shape_color,change_shape_color -> crop_contours,synthetic_pair_on_id_atomic_input,image_input_tokens,23,0.6413502732077,23,0.2104040643134244,23,0.4824928193234119,23,0.4835809667868034,23,0.0,23,0.944132741818577,23,0.12512379503007448,23,0.48022097306684847,23,0.20064072581536835,23,0.0,23,0.0,23,0.0,23,0.0,23,0.0,23,1.0,23,1.0,23,0.023490800184881498,23,0.00019395127651242349,23,0.023443596936227995,23,0.023456761417031343,23,0.023455724971602178,23,0.0001025710960895984,23,1.0,23,0.0,23,1.0,23,23,0.6413502732077,0.2104040643134244,23,0.944132741818577,0.12512379503007448,0,,0,,1.439527386797834,23,0.2372041631451145,23,0.012422866185429681,23,1.0,23,0.012422866185429681,23,0.012422866185429681,23
4,val,crop_contours,change_shape_color,change_shape_color -> crop_contours,synthetic_pair_on_id_atomic_input,image_block_01,23,0.2024496703599173,23,0.020172064149005013,23,17.07633510067466,23,17.21718604734686,23,0.0,23,0.546650745681292,23,0.12598843039957983,23,7.38531273735614,23,5.8434656418734505,23,0.0,23,0.0,23,0.0,23,0.0,23,0.0,23,1.0,23,1.0,23,0.09147664829113861,23,0.0381488668806605,23,0.09639160466724656,23,0.10424236304458744,23,0.08671624681985651,23,0.043150633142352054,23,1.0,23,0.0,23,1.0,23,23,0.2024496703599173,0.020172064149005013,23,0.546650745681292,0.12598843039957983,0,,0,,36.63362406593983,23,0.6088001642632278,23,0.05671166429849884,23,0.34782608695652173,23,0.05671166429849884,23,0.05671166429849884,23
4,val,crop_contours,change_shape_color,change_shape_color -> crop_contours,synthetic_pair_on_id_atomic_input,image_block_02,23,0.21591220526830096,23,0.0235845078110484,23,27.46114543238535,23,27.162565885006583,23,0.0,23,0.5616767620475651,23,0.1671800641011826,23,11.655673845427623,23,10.239581141503713,23,0.0,23,0.0,23,0.0,23,0.0,23,0.0,23,1.0,23,1.0,23,0.1557465173823529,23,0.05805213151958897,23,0.15335615739473013,23,0.16072735149219777,23,0.14534489549610016,23,0.06655541399105946,23,1.0,23,0.0,23,1.0,23,23,0.21591220526830096,0.0235845078110484,23,0.5616767620475651,0.1671800641011826,0,,0,,59.95851266952643,23,0.649109505919181,23,0.08931448911128204,23,0.0,23,0.08931448911128204,23,0.08931448911128204,23
4,val,crop_contours,change_shape_color,change_shape_color -> crop_contours,synthetic_pair_on_id_atomic_input,image_block_03,23,0.24062980321566665,23,0.029894074538264582,23,33.64635679425142,23,33.51043973824015,23,0.0,23,0.5393931450284564,23,0.15081104283773297,23,16.644983598338612,23,14.265772969009568,23,0.0,23,0.0,23,0.0,23,0.0,23,0.0,23,1.0,23,1.0,23,0.18165807242657844,23,0.07061464536604085,23,0.18012968752879405,23,0.1844043044522705,23,0.1737096547636557,23,0.07588923940121468,23,1.0,23,0.0,23,1.0,23,23,0.24062980321566665,0.029894074538264582,23,0.5393931450284564,0.15081104283773297,0,,0,,68.13495522213931,23,0.6014954643049035,23,0.10846357641574186,23,0.0,23,0.10846357641574186,23,0.10846357641574186,23
4,val,crop_contours,change_shape_color,change_shape_color -> crop_contours,synthetic_pair_on_id_atomic_input,image_block_04,23,0.24437825396785118,23,0.03080200689556666,23,35.3683841210508,23,35.32766842434074,23,0.0,23,0.5557133639446076,23,0.15952629392809037,23,17.303284598267982,23,14.775821002386927,23,0.0,23,0.0,23,0.0,23,0.0,23,0.0,23,1.0,23,1.0,23,0.1717479056734813,23,0.0727624079786271,23,0.1741311641709519,23,0.1771964597354339,23,0.1650901177091441,23,0.07918910206428861,23,1.0,23,0.0,23,1.0,23,23,0.24437825396785118,0.03080200689556666,23,0.5557133639446076,0.15952629392809037,0,,0,,80.49814670167488,23,0.6990888363923414,23,0.1114555987609506,23,0.0,23,0.1114555987609506,23,0.1114555987609506,23
4,val,crop_contours,change_shape_color,change_shape_color -> crop_contours,synthetic_pair_on_id_atomic_input,image_block_05,23,0.23534167953204027,23,0.02861359049921644,23,39.054680540775436,23,39.21228055581339,23,0.0,23,0.5671661325412808,23,0.16443093990268132,23,18.02966064666747,23,15.33095606525204,23,0.0,23,0.0,23,0.0,23,0.0,23,0.0,23,1.0,23,1.0,23,0.1762238617287797,23,0.08217285866728993,23,0.18311385733887903,23,0.18496453247209094,23,0.17539279812290154,23,0.08621812995082079,23,1.0,23,0.0,23,1.0,23,23,0.23534167953204027,0.02861359049921644,23,0.5671661325412808,0.16443093990268132,0,,0,,81.08694880210669,23,0.7163870495540295,23,0.11731504692906601,23,0.0,23,0.11731504692906601,23,0.11731504692906601,23
4,val,crop_contours,change_shape_color,change_shape_color -> crop_contours,synthetic_pair_on_id_atomic_input,image_block_06,23,0.24910707447564526,23,0.03215888739938681,23,41.04625628357553,23,40.88516363073438,23,0.0,23,0.5848443632674819,23,0.17437764794264765,23,19.580941262782925,23,16.246320970622392,23,0.0,23,0.0,23,0.0,23,0.0,23,0.0,23,1.0,23,1.0,23,0.1784373569070121,23,0.09150905824120892,23,0.18504224864845803,23,0.19025247633432904,23,0.17652347206102417,23,0.0934401810756751,23,1.0,23,0.0,23,1.0,23,23,0.24910707447564526,0.03215888739938681,23,0.5848443632674819,0.17437764794264765,0,,0,,76.64572222886596,23,0.6683893695121441,23,0.12468391546485859,23,0.0,23,0.12468391546485859,23,0.12468391546485859,23
4,val,crop_contours,change_shape_color,change_shape_color -> crop_contours,synthetic_pair_on_id_atomic_input,image_final_norm,23,0.2596680492355931,23,0.0347352563908378,23,6.062563565382804,23,6.036543929068599,23,0.0,23,0.5817382849383929,23,0.16706971981944094,23,3.069690005295917,23,2.483718409971889,23,0.0,23,0.0,23,0.0,23,0.0,23,0.0,23,1.0,23,1.0,23,0.17538139235075062,23,0.09255117909618744,23,0.18025455962413642,23,0.18684585559745345,23,0.1719423123224444,23,0.09302471889141098,23,1.0,23,0.0,23,1.0,23,23,0.2596680492355931,0.0347352563908378,23,0.5817382849383929,0.16706971981944094,0,,0,,21.56457750828715,23,0.8605945144917828,23,0.12527413287697042,23,0.0,23,0.12527413287697042,23,0.12527413287697042,23
4,val,crop_contours,crop_contours,crop_contours -> crop_contours,synthetic_pair_on_id_atomic_input,image_input_tokens,3,0.4814872656210514,3,0.06506786996229792,3,0.5613043112008448,3,0.40922994960135345,3,0.0,3,0.4814872656210514,3,0.06506786996229792,3,0.5613043112008448,3,0.40922994960135345,3,0.0,3,0.0,3,0.0,3,0.0,3,0.0,3,1.0,3,0.0,3,0.017320883449406937,3,0.017320883449406937,3,0.02557314276089045,3,0.02557314276089045,3,0.027668240987328025,3,0.027668240987328025,3,2.0,3,2.0,3,0.0,3,3,0.4814872656210514,0.06506786996229792,3,0.4814872656210514,0.06506786996229792,11,1.0,0,,,,,,,,,,,,,
4,val,crop_contours,crop_contours,crop_contours -> crop_contours,synthetic_pair_on_id_atomic_input,image_block_01,3,1.0252409062636216,3,0.3527264904586218,3,12.251566049197862,3,23.741721604462995,3,0.0,3,1.0252409062636216,3,0.3527264904586218,3,12.251566049197862,3,23.741721604462995,3,0.0,3,0.0,3,0.0,3,0.0,3,0.0,3,1.0,3,0.0,3,0.08276068800135832,3,0.08276068800135832,3,0.17141158691570293,3,0.17141158691570293,3,0.17912619285383916,3,0.17912619285383916,3,2.0,3,2.0,3,0.0,3,3,1.0252409062636216,0.3527264904586218,3,1.0252409062636216,0.3527264904586218,11,1.0,0,,,,,,,,,,,,,
4,val,crop_contours,crop_contours,crop_contours -> crop_contours,synthetic_pair_on_id_atomic_input,image_block_02,3,1.0315775206057531,3,0.4368361040757473,3,21.660685853000867,3,35.44886238926858,3,0.0,3,1.0315775206057531,3,0.4368361040757473,3,21.660685853000867,3,35.44886238926858,3,0.0,3,0.0,3,0.0,3,0.0,3,0.0,3,1.0,3,0.0,3,0.13799736861181935,3,0.13799736861181935,3,0.26184936061364916,3,0.26184936061364916,3,0.2630310062215758,3,0.2630310062215758,3,2.0,3,2.0,3,0.0,3,3,1.0315775206057531,0.4368361040757473,3,1.0315775206057531,0.4368361040757473,11,1.0,0,,,,,,,,,,,,,
4,val,crop_contours,crop_contours,crop_contours -> crop_contours,synthetic_pair_on_id_atomic_input,image_block_03,3,1.0641458907836345,3,0.5229485012180394,3,28.69284100434369,3,43.68230622727199,3,0.0,3,1.0641458907836345,3,0.5229485012180394,3,28.69284100434369,3,43.68230622727199,3,0.0,3,0.0,3,0.0,3,0.0,3,0.0,3,1.0,3,0.0,3,0.16301959541505115,3,0.16301959541505115,3,0.29446130527819686,3,0.29446130527819686,3,0.2661077526235783,3,0.2661077526235783,3,2.0,3,2.0,3,0.0,3,3,1.0641458907836345,0.5229485012180394,3,1.0641458907836345,0.5229485012180394,11,1.0,0,,,,,,,,,,,,,
4,val,crop_contours,crop_contours,crop_contours -> crop_contours,synthetic_pair_on_id_atomic_input,image_block_04,3,1.022186261579357,3,0.4870921018281289,3,32.146874487468004,3,44.81365932047263,3,0.0,3,1.022186261579357,3,0.4870921018281289,3,32.146874487468004,3,44.81365932047263,3,0.0,3,0.0,3,0.0,3,0.0,3,0.0,3,1.0,3,0.0,3,0.1492469605205884,3,0.1492469605205884,3,0.2675438567267463,3,0.2675438567267463,3,0.2606433236330899,3,0.2606433236330899,3,2.0,3,2.0,3,0.0,3,3,1.022186261579357,0.4870921018281289,3,1.022186261579357,0.4870921018281289,11,1.0,0,,,,,,,,,,,,,
4,val,crop_contours,crop_contours,crop_contours -> crop_contours,synthetic_pair_on_id_atomic_input,image_block_05,3,1.0129526345591704,3,0.4897641167320788,3,38.32203365754106,3,47.465142521826785,3,0.0,3,1.0129526345591704,3,0.4897641167320788,3,38.32203365754106,3,47.465142521826785,3,0.0,3,0.0,3,0.0,3,0.0,3,0.0,3,1.0,3,0.0,3,0.15882572464362554,3,0.15882572464362554,3,0.2568169435486578,3,0.2568169435486578,3,0.2584692930444406,3,0.2584692930444406,3,2.0,3,2.0,3,0.0,3,3,1.0129526345591704,0.4897641167320788,3,1.0129526345591704,0.4897641167320788,11,1.0,0,,,,,,,,,,,,,
4,val,crop_contours,crop_contours,crop_contours -> crop_contours,synthetic_pair_on_id_atomic_input,image_block_06,3,1.033790540347505,3,0.5153761213283091,3,40.70485109462464,3,48.227736628973275,3,0.0,3,1.033790540347505,3,0.5153761213283091,3,40.70485109462464,3,48.227736628973275,3,0.0,3,0.0,3,0.0,3,0.0,3,0.0,3,1.0,3,0.0,3,0.16914683093862037,3,0.16914683093862037,3,0.2737451836474591,3,0.2737451836474591,3,0.2671067363127074,3,0.2671067363127074,3,2.0,3,2.0,3,0.0,3,3,1.033790540347505,0.5153761213283091,3,1.033790540347505,0.5153761213283091,11,1.0,0,,,,,,,,,,,,,
4,val,crop_contours,crop_contours,crop_contours -> crop_contours,synthetic_pair_on_id_atomic_input,image_final_norm,3,1.035206149802046,3,0.5180912141282293,3,6.090234207205288,3,7.06263015214608,3,0.0,3,1.035206149802046,3,0.5180912141282293,3,6.090234207205288,3,7.06263015214608,3,0.0,3,0.0,3,0.0,3,0.0,3,0.0,3,1.0,3,0.0,3,0.16492741293882265,3,0.16492741293882265,3,0.27052988820760576,3,0.27052988820760576,3,0.26533312656898345,3,0.26533312656898345,3,2.0,3,2.0,3,0.0,3,3,1.035206149802046,0.5180912141282293,3,1.035206149802046,0.5180912141282293,11,1.0,0,,,,,,,,,,,,,
4,val,crop_contours,double_right,double_right -> crop_contours,synthetic_pair_on_id_atomic_input,image_input_tokens,11,0.5597170207304838,11,0.11200960850886975,11,0.4818008820387325,11,0.6776691256979336,11,0.0,11,1.084988307578314,11,0.19996969681265908,11,0.7245264817022486,11,0.259518202601829,11,0.0,11,0.0,11,0.0,11,0.0,11,0.0,11,0.0,11,0.0,11,0.02244677532561315,11,0.04891355030037117,11,0.04804949138012296,11,0.04251700551468903,11,0.039582374443788926,11,0.028776921762046433,11,0.0,11,0.0,11,0.0,11,11,0.5597170207304838,0.11200960850886975,11,1.084988307578314,0.19996969681265908,0,,0,,,,,,,,,,,,,
4,val,crop_contours,double_right,double_right -> crop_contours,synthetic_pair_on_id_atomic_input,image_block_01,11,0.4663734730963419,11,0.098568362953813,11,17.687751461987673,11,15.823555240309453,11,0.0,11,0.7684497634434393,11,0.1768595513664219,11,18.907532030956894,11,11.162623280423194,11,0.0,11,0.0,11,0.0,11,0.0,11,0.0,11,0.0,11,0.0,11,0.07902371755688138,11,0.045220367241100616,11,0.0980075225574209,11,0.09940342259249507,11,0.09738636349214393,11,0.049858987237162644,11,0.0,11,0.0,11,0.0,11,11,0.4663734730963419,0.098568362953813,11,0.7684497634434393,0.1768595513664219,0,,0,,,,,,,,,,,,,
4,val,crop_contours,double_right,double_right -> crop_contours,synthetic_pair_on_id_atomic_input,image_block_02,11,0.5476634471538001,11,0.14226258003837913,11,27.82742255639948,11,25.073478721210265,11,0.0,11,0.8209932108818644,11,0.21515197851582543,11,32.900735653382974,11,19.149728418365477,11,0.0,11,0.0,11,0.0,11,0.0,11,0.0,11,0.0,11,0.0,11,0.1473557091475064,11,0.08593471680699018,11,0.17055419509327005,11,0.16345701178591768,11,0.16326413357010816,11,0.1073414598522266,11,0.0,11,0.0,11,0.0,11,11,0.5476634471538001,0.14226258003837913,11,0.8209932108818644,0.21515197851582543,0,,0,,,,,,,,,,,,,
4,val,crop_contours,double_right,double_right -> crop_contours,synthetic_pair_on_id_atomic_input,image_block_03,11,0.5760656992512901,11,0.15387168381557706,11,34.33742493638383,11,29.555179129505053,11,0.0,11,0.857604629461811,11,0.24774565829113596,11,38.377493711531315,11,22.24676659928426,11,0.0,11,0.0,11,0.0,11,0.0,11,0.0,11,0.0,11,0.0,11,0.17291261971951313,11,0.0984086661953314,11,0.21063694940911706,11,0.18685264590309678,11,0.21059912308113207,11,0.11311073719163628,11,0.0,11,0.0,11,0.0,11,11,0.5760656992512901,0.15387168381557706,11,0.857604629461811,0.24774565829113596,0,,0,,,,,,,,,,,,,
4,val,crop_contours,double_right,double_right -> crop_contours,synthetic_pair_on_id_atomic_input,image_block_04,11,0.5899305623725302,11,0.17012716772568223,11,35.39351172053821,11,32.259977742126566,11,0.0,11,0.8845310920741983,11,0.24395255697440243,11,44.29011623695431,11,24.207918142596963,11,0.0,11,0.0,11,0.0,11,0.0,11,0.0,11,0.0,11,0.0,11,0.15620199685671188,11,0.09946666840254831,11,0.21752522302156863,11,0.17769434999420014,11,0.21818813411203675,11,0.11608875979887462,11,0.0,11,0.0,11,0.0,11,11,0.5899305623725302,0.17012716772568223,11,0.8845310920741983,0.24395255697440243,0,,0,,,,,,,,,,,,,
4,val,crop_contours,double_right,double_right -> crop_contours,synthetic_pair_on_id_atomic_input,image_block_05,11,0.6242652742713045,11,0.1918615162655147,11,39.172255181555514,11,35.21302093614397,11,0.0,11,0.9125176917182063,11,0.2753601223134224,11,46.39630868306943,11,25.73956766548466,11,0.0,11,0.0,11,0.0,11,0.0,11,0.0,11,0.0,11,0.0,11,0.1598573268071619,11,0.11891214163082703,11,0.24509147062551226,11,0.19446480577972833,11,0.24792784080533095,11,0.1335617544456871,11,0.0,11,0.0,11,0.0,11,11,0.6242652742713045,0.1918615162655147,11,0.9125176917182063,0.2753601223134224,0,,0,,,,,,,,,,,,,
4,val,crop_contours,double_right,double_right -> crop_contours,synthetic_pair_on_id_atomic_input,image_block_06,11,0.6414919820985882,11,0.20542293219307375,11,41.35494384358025,11,38.65295375954536,11,0.0,11,0.9547896827891229,11,0.30963127104697363,11,49.01357933728152,11,26.57112585921252,11,0.0,11,0.0,11,0.0,11,0.0,11,0.0,11,0.0,11,0.0,11,0.1608894428732511,11,0.12689174936212835,11,0.2607274505247787,11,0.2061656132803372,11,0.26708419626638236,11,0.1470601173344553,11,0.0,11,0.0,11,0.0,11,11,0.6414919820985882,0.20542293219307375,11,0.9547896827891229,0.30963127104697363,0,,0,,,,,,,,,,,,,
4,val,crop_contours,double_right,double_right -> crop_contours,synthetic_pair_on_id_atomic_input,image_final_norm,11,0.6452622308592554,11,0.20965975494086642,11,6.015041516413637,11,5.975103788466035,11,0.0,11,0.9801818351182497,11,0.3312859635842869,11,7.087839621129448,11,3.799316316064061,11,0.0,11,0.0,11,0.0,11,0.0,11,0.0,11,0.0,11,0.0,11,0.15930734184242212,11,0.13497977669138964,11,0.2691705497740848,11,0.21469037814999234,11,0.2740739470990939,11,0.15520564164933218,11,0.0,11,0.0,11,0.0,11,11,0.6452622308592554,0.20965975494086642,11,0.9801818351182497,0.3312859635842869,0,,0,,,,,,,,,,,,,
4,val,double_right,change_shape_color,change_shape_color -> double_right,synthetic_pair_on_id_atomic_input,image_input_tokens,20,0.5926149608544035,20,0.18094659360965126,20,0.6572020013158666,20,0.6572266526653328,20,0.0,20,0.7185701804097541,20,0.1200630451563834,20,0.39635207748375073,20,0.6891560367971655,20,0.0,20,0.0,20,0.0,20,0.0,20,0.0,20,1.0,20,1.0,20,0.04393870746659857,20,0.00016519624307466464,20,0.04715505989176959,20,0.043917972810491035,20,0.04714348327608542,20,0.00025590397971370386,20,1.0,20,0.0,20,1.0,20,20,0.5926149608544035,0.18094659360965126,20,0.7185701804097541,0.1200630451563834,11,0.9927272742444818,0,,4.2852880519441525,20,0.31159639159665004,20,0.026519598893315188,20,1.0,20,0.026519598893315188,20,0.026519598893315188,20
4,val,double_right,change_shape_color,change_shape_color -> double_right,synthetic_pair_on_id_atomic_input,image_block_01,20,0.14574085173714021,20,0.01069503092829462,20,17.393955952995896,20,17.39553836561463,20,0.0,20,0.34274344780443533,20,0.04250199418434701,20,6.702011142140361,20,8.020945455742694,20,0.0,20,0.0,20,0.0,20,0.0,20,0.0,20,1.0,20,1.0,20,0.04367345257859957,20,0.03393690902834044,20,0.05470361055726299,20,0.05823010975455898,20,0.0417558987911346,20,0.04048899719326075,20,1.0,20,0.0,20,1.0,20,20,0.14574085173714021,0.01069503092829462,20,0.34274344780443533,0.04250199418434701,11,0.9927272742444818,0,,26.716171519318642,20,0.5667734844589369,20,0.03791145689640716,20,0.85,20,0.03791145689640716,20,0.03791145689640716,20
4,val,double_right,change_shape_color,change_shape_color -> double_right,synthetic_pair_on_id_atomic_input,image_block_02,20,0.11553874366566505,20,0.006635819528006098,20,30.715059981230876,20,30.814434420070096,20,0.0,20,0.30383535254191263,20,0.04240809505371315,20,10.927263395663783,20,12.00805177347705,20,0.0,20,0.0,20,0.0,20,0.0,20,0.0,20,1.0,20,1.0,20,0.08879096597497561,20,0.05427013408459717,20,0.09505511194181027,20,0.10273669980946531,20,0.08758209986874788,20,0.06281493846656278,20,1.0,20,0.0,20,1.0,20,20,0.11553874366566505,0.006635819528006098,20,0.30383535254191263,0.04240809505371315,11,0.9927272742444818,0,,48.58629071488876,20,0.5415957598125292,20,0.05831949075278566,20,0.3,20,0.05831949075278566,20,0.05831949075278566,20
4,val,double_right,change_shape_color,change_shape_color -> double_right,synthetic_pair_on_id_atomic_input,image_block_03,20,0.12508479215417334,20,0.00796138745435308,20,35.80202135322008,20,35.9358318166109,20,0.0,20,0.25955468346410326,20,0.03201532665706005,20,16.212737072240987,20,17.270915306553114,20,0.0,20,0.0,20,0.0,20,0.0,20,0.0,20,1.0,20,1.0,20,0.1035646482160775,20,0.06797551513734487,20,0.11217790757643786,20,0.1202560077806822,20,0.10004696830761259,20,0.07827308428698727,20,1.0,20,0.0,20,1.0,20,20,0.12508479215417334,0.00796138745435308,20,0.25955468346410326,0.03201532665706005,11,0.9927272742444818,0,,48.84316276134747,20,0.48795671974635263,20,0.07841897949567259,20,0.0,20,0.07841897949567259,20,0.07841897949567259,20
4,val,double_right,change_shape_color,change_shape_color -> double_right,synthetic_pair_on_id_atomic_input,image_block_04,20,0.12324771214005537,20,0.007782386126691704,20,41.006299000587,20,41.13341362137136,20,0.0,20,0.281073422978923,20,0.03752163664710782,20,16.754071657294517,20,17.950468986534034,20,0.0,20,0.0,20,0.0,20,0.0,20,0.0,20,1.0,20,1.0,20,0.10476950474907831,20,0.07001340140927394,20,0.11723664077232784,20,0.12359737574436387,20,0.10435010824445545,20,0.08265775011087427,20,1.0,20,0.0,20,1.0,20,20,0.12324771214005537,0.007782386126691704,20,0.281073422978923,0.03752163664710782,11,0.9927272742444818,0,,52.973358452297035,20,0.44689844695092396,20,0.08240804499499542,20,0.0,20,0.08240804499499542,20,0.08240804499499542,20
4,val,double_right,change_shape_color,change_shape_color -> double_right,synthetic_pair_on_id_atomic_input,image_block_05,20,0.1334857402058806,20,0.009215741972313451,20,43.04020498509455,20,43.26193308658364,20,0.0,20,0.30811203105688073,20,0.04556661597667787,20,17.410744185447292,20,18.895663355159634,20,0.0,20,0.0,20,0.0,20,0.0,20,0.0,20,1.0,20,1.0,20,0.12202023002711908,20,0.07744873215565325,20,0.13248989741543515,20,0.14550701260844218,20,0.122380991246239,20,0.09683222318823494,20,1.0,20,0.0,20,1.0,20,20,0.1334857402058806,0.009215741972313451,20,0.30811203105688073,0.04556661597667787,11,0.9927272742444818,0,,63.408509919000515,20,0.548640371926959,20,0.09717090031745779,20,0.0,20,0.09717090031745779,20,0.09717090031745779,20
4,val,double_right,change_shape_color,change_shape_color -> double_right,synthetic_pair_on_id_atomic_input,image_block_06,20,0.1627259136902172,20,0.01462812709776708,20,46.012111273996325,20,46.361511472867015,20,0.0,20,0.36698143086119744,20,0.07082619364144616,20,18.949487323513296,20,20.62648795336013,20,0.0,20,0.0,20,0.0,20,0.0,20,0.0,20,1.0,20,1.0,20,0.1373108854113934,20,0.08634486780898085,20,0.14757618012255347,20,0.16431730517190474,20,0.1371316203805267,20,0.11561505466825098,20,1.0,20,0.0,20,1.0,20,20,0.1627259136902172,0.01462812709776708,20,0.36698143086119744,0.07082619364144616,11,0.9927272742444818,0,,61.23919447738483,20,0.6409498791076734,20,0.11562542544397322,20,0.0,20,0.11562542544397322,20,0.11562542544397322,20
4,val,double_right,change_shape_color,change_shape_color -> double_right,synthetic_pair_on_id_atomic_input,image_final_norm,20,0.18462977968353197,20,0.01813576093457563,20,6.626165536846754,20,6.690635889970726,20,0.0,20,0.381615851383045,20,0.0682745149230937,20,2.9009584475878856,20,3.341116728898784,20,0.0,20,0.0,20,0.0,20,0.0,20,0.0,20,1.0,20,1.0,20,0.14454687771719807,20,0.08770627609528944,20,0.1558335627100264,20,0.1743504419454724,20,0.1441333273853304,20,0.12346083957850577,20,1.0,20,0.0,20,1.0,20,20,0.18462977968353197,0.01813576093457563,20,0.381615851383045,0.0682745149230937,11,0.9927272742444818,0,,20.234168844453798,20,0.7968272911691081,20,0.12772869358644612,20,0.0,20,0.12772869358644612,20,0.12772869358644612,20
4,val,double_right,crop_contours,crop_contours -> double_right,synthetic_pair_on_id_atomic_input,image_input_tokens,11,1.084988307578314,11,0.19996969681265908,11,0.7245264817022486,11,0.259518202601829,11,0.0,11,0.5597170207304838,11,0.11200960850886975,11,0.4818008820387325,11,0.6776691256979336,11,0.0,11,0.0,11,0.0,11,0.0,11,0.0,11,0.0,11,0.0,11,0.04891355030037117,11,0.02244677532561315,11,0.04251700551468903,11,0.04804949138012296,11,0.028776921762046433,11,0.039582374443788926,11,0.0,11,0.0,11,0.0,11,11,1.084988307578314,0.19996969681265908,11,0.5597170207304838,0.11200960850886975,0,,0,,,,,,,,,,,,,
4,val,double_right,crop_contours,crop_contours -> double_right,synthetic_pair_on_id_atomic_input,image_block_01,11,0.7684497634434393,11,0.1768595513664219,11,18.907532030956894,11,11.162623280423194,11,0.0,11,0.4663734730963419,11,0.098568362953813,11,17.687751461987673,11,15.823555240309453,11,0.0,11,0.0,11,0.0,11,0.0,11,0.0,11,0.0,11,0.0,11,0.045220367241100616,11,0.07902371755688138,11,0.09940342259249507,11,0.0980075225574209,11,0.049858987237162644,11,0.09738636349214393,11,0.0,11,0.0,11,0.0,11,11,0.7684497634434393,0.1768595513664219,11,0.4663734730963419,0.098568362953813,0,,0,,,,,,,,,,,,,
4,val,double_right,crop_contours,crop_contours -> double_right,synthetic_pair_on_id_atomic_input,image_block_02,11,0.8209932108818644,11,0.21515197851582543,11,32.900735653382974,11,19.149728418365477,11,0.0,11,0.5476634471538001,11,0.14226258003837913,11,27.82742255639948,11,25.073478721210265,11,0.0,11,0.0,11,0.0,11,0.0,11,0.0,11,0.0,11,0.0,11,0.08593471680699018,11,0.1473557091475064,11,0.16345701178591768,11,0.17055419509327005,11,0.1073414598522266,11,0.16326413357010816,11,0.0,11,0.0,11,0.0,11,11,0.8209932108818644,0.21515197851582543,11,0.5476634471538001,0.14226258003837913,0,,0,,,,,,,,,,,,,
4,val,double_right,crop_contours,crop_contours -> double_right,synthetic_pair_on_id_atomic_input,image_block_03,11,0.857604629461811,11,0.24774565829113596,11,38.377493711531315,11,22.24676659928426,11,0.0,11,0.5760656992512901,11,0.15387168381557706,11,34.33742493638383,11,29.555179129505053,11,0.0,11,0.0,11,0.0,11,0.0,11,0.0,11,0.0,11,0.0,11,0.0984086661953314,11,0.17291261971951313,11,0.18685264590309678,11,0.21063694940911706,11,0.11311073719163628,11,0.21059912308113207,11,0.0,11,0.0,11,0.0,11,11,0.857604629461811,0.24774565829113596,11,0.5760656992512901,0.15387168381557706,0,,0,,,,,,,,,,,,,
4,val,double_right,crop_contours,crop_contours -> double_right,synthetic_pair_on_id_atomic_input,image_block_04,11,0.8845310920741983,11,0.24395255697440243,11,44.29011623695431,11,24.207918142596963,11,0.0,11,0.5899305623725302,11,0.17012716772568223,11,35.39351172053821,11,32.259977742126566,11,0.0,11,0.0,11,0.0,11,0.0,11,0.0,11,0.0,11,0.0,11,0.09946666840254831,11,0.15620199685671188,11,0.17769434999420014,11,0.21752522302156863,11,0.11608875979887462,11,0.21818813411203675,11,0.0,11,0.0,11,0.0,11,11,0.8845310920741983,0.24395255697440243,11,0.5899305623725302,0.17012716772568223,0,,0,,,,,,,,,,,,,
4,val,double_right,crop_contours,crop_contours -> double_right,synthetic_pair_on_id_atomic_input,image_block_05,11,0.9125176917182063,11,0.2753601223134224,11,46.39630868306943,11,25.73956766548466,11,0.0,11,0.6242652742713045,11,0.1918615162655147,11,39.172255181555514,11,35.21302093614397,11,0.0,11,0.0,11,0.0,11,0.0,11,0.0,11,0.0,11,0.0,11,0.11891214163082703,11,0.1598573268071619,11,0.19446480577972833,11,0.24509147062551226,11,0.1335617544456871,11,0.24792784080533095,11,0.0,11,0.0,11,0.0,11,11,0.9125176917182063,0.2753601223134224,11,0.6242652742713045,0.1918615162655147,0,,0,,,,,,,,,,,,,
4,val,double_right,crop_contours,crop_contours -> double_right,synthetic_pair_on_id_atomic_input,image_block_06,11,0.9547896827891229,11,0.30963127104697363,11,49.01357933728152,11,26.57112585921252,11,0.0,11,0.6414919820985882,11,0.20542293219307375,11,41.35494384358025,11,38.65295375954536,11,0.0,11,0.0,11,0.0,11,0.0,11,0.0,11,0.0,11,0.0,11,0.12689174936212835,11,0.1608894428732511,11,0.2061656132803372,11,0.2607274505247787,11,0.1470601173344553,11,0.26708419626638236,11,0.0,11,0.0,11,0.0,11,11,0.9547896827891229,0.30963127104697363,11,0.6414919820985882,0.20542293219307375,0,,0,,,,,,,,,,,,,
4,val,double_right,crop_contours,crop_contours -> double_right,synthetic_pair_on_id_atomic_input,image_final_norm,11,0.9801818351182497,11,0.3312859635842869,11,7.087839621129448,11,3.799316316064061,11,0.0,11,0.6452622308592554,11,0.20965975494086642,11,6.015041516413637,11,5.975103788466035,11,0.0,11,0.0,11,0.0,11,0.0,11,0.0,11,0.0,11,0.0,11,0.13497977669138964,11,0.15930734184242212,11,0.21469037814999234,11,0.2691705497740848,11,0.15520564164933218,11,0.2740739470990939,11,0.0,11,0.0,11,0.0,11,11,0.9801818351182497,0.3312859635842869,11,0.6452622308592554,0.20965975494086642,0,,0,,,,,,,,,,,,,
4,val_ood,crop_contours,double_right,double_right -> crop_contours,recorded_ood_composition,image_input_tokens,55,0.6083613468624328,55,0.1270899565285575,55,0.4811203532263086,55,0.6799150983535324,55,0.0,55,1.0528785250709738,55,0.19385264290714713,55,0.7566756360571821,55,0.29417423100071954,55,0.0,55,0.0,55,0.0,55,0.0,55,0.0,55,0.0,55,0.0,55,0.021968190974207845,55,0.04702767176833615,55,0.05383498059008449,55,0.045645776596277846,55,0.04807598885675841,55,0.03145396882008144,55,0.0,55,0.0,55,0.0,55,55,0.6083613468624328,0.1270899565285575,55,1.0528785250709738,0.19385264290714713,100,0.11316587066277861,55,0.12784841145304116,,,,,,,,,,,,
4,val_ood,crop_contours,double_right,double_right -> crop_contours,recorded_ood_composition,image_block_01,55,0.4825923817837134,55,0.11490881838850138,55,17.702001797428906,55,15.782256464621732,55,0.0,55,0.7435588201500021,55,0.15493186133339976,55,20.367269362003626,55,11.95269674410863,55,0.0,55,0.0,55,0.0,55,0.0,55,0.0,55,0.0,55,0.0,55,0.09170741369057894,55,0.044620927817144086,55,0.1149600401747541,55,0.10842259228512283,55,0.11058124819418694,55,0.04759179954879699,55,0.0,55,0.0,55,0.0,55,55,0.4825923817837134,0.11490881838850138,55,0.7435588201500021,0.15493186133339976,100,0.11316587066277861,55,0.12784841145304116,,,,,,,,,,,,
4,val_ood,crop_contours,double_right,double_right -> crop_contours,recorded_ood_composition,image_block_02,55,0.5533881972952504,55,0.15306396604707698,55,27.330615636513517,55,24.78622839010624,55,0.0,55,0.7625722573170703,55,0.1736618583772889,55,34.93127273056103,55,20.694262711315282,55,0.0,55,0.0,55,0.0,55,0.0,55,0.0,55,0.0,55,0.0,55,0.14529360088055265,55,0.07611626841551099,55,0.182182971388073,55,0.16678016471724452,55,0.17407164756278937,55,0.09815099441127342,55,0.0,55,0.0,55,0.0,55,55,0.5533881972952504,0.15306396604707698,55,0.7625722573170703,0.1736618583772889,100,0.11316587066277861,55,0.12784841145304116,,,,,,,,,,,,
4,val_ood,crop_contours,double_right,double_right -> crop_contours,recorded_ood_composition,image_block_03,55,0.577825992916038,55,0.1648739888335244,55,32.66359993045918,55,29.02665910339708,55,0.0,55,0.8062819154302807,55,0.19962856523495817,55,40.95681256968839,55,23.660255103760417,55,0.0,55,0.0,55,0.0,55,0.0,55,0.0,55,0.0,55,0.0,55,0.16591495326311012,55,0.08731457828925143,55,0.21263664048457537,55,0.18247943381299253,55,0.21031321229226116,55,0.10652413357907403,55,0.0,55,0.0,55,0.0,55,55,0.577825992916038,0.1648739888335244,55,0.8062819154302807,0.19962856523495817,100,0.11316587066277861,55,0.12784841145304116,,,,,,,,,,,,
4,val_ood,crop_contours,double_right,double_right -> crop_contours,recorded_ood_composition,image_block_04,55,0.6053346668930807,55,0.18383012463499962,55,33.84458002157407,55,31.648017444399052,55,0.0,55,0.8384863344063801,55,0.2026390488433916,55,47.4313292526735,55,26.048584526518702,55,0.0,55,0.0,55,0.0,55,0.0,55,0.0,55,0.0,55,0.0,55,0.15295538760783026,55,0.09448290985272034,55,0.21182129531069616,55,0.17631968277416213,55,0.21169511866560348,55,0.10721922001313328,55,0.0,55,0.0,55,0.0,55,55,0.6053346668930807,0.18383012463499962,55,0.8384863344063801,0.2026390488433916,100,0.11316587066277861,55,0.12784841145304116,,,,,,,,,,,,
4,val_ood,crop_contours,double_right,double_right -> crop_contours,recorded_ood_composition,image_block_05,55,0.667589251132995,55,0.21924016320416276,55,38.17823631910615,55,34.29685165190649,55,0.0,55,0.8833628259566186,55,0.25662417740634114,55,49.70272401005807,55,28.021151309288328,55,0.0,55,0.0,55,0.0,55,0.0,55,0.0,55,0.0,55,0.0,55,0.15628038215925633,55,0.11100397633064651,55,0.24496317786112673,55,0.19054061190412472,55,0.24562784796170586,55,0.12117707448184806,55,0.0,55,0.0,55,0.0,55,55,0.667589251132995,0.21924016320416276,55,0.8833628259566186,0.25662417740634114,100,0.11316587066277861,55,0.12784841145304116,,,,,,,,,,,,
4,val_ood,crop_contours,double_right,double_right -> crop_contours,recorded_ood_composition,image_block_06,55,0.6964251551986975,55,0.24154718112903628,55,39.202012957741786,55,37.356507316351795,55,0.0,55,0.938527013940231,55,0.2915252037258091,55,52.87327118843031,55,28.578581454061787,55,0.0,55,0.0,55,0.0,55,0.0,55,0.0,55,0.0,55,0.0,55,0.15622525479731905,55,0.12876438045708546,55,0.26892262148313206,55,0.1970440085376519,55,0.2717832160085988,55,0.13558295409874885,55,0.0,55,0.0,55,0.0,55,55,0.6964251551986975,0.24154718112903628,55,0.938527013940231,0.2915252037258091,100,0.11316587066277861,55,0.12784841145304116,,,,,,,,,,,,
4,val_ood,crop_contours,double_right,double_right -> crop_contours,recorded_ood_composition,image_final_norm,55,0.7027782923681885,55,0.2466661079617373,55,5.735104558972672,55,5.811702703378634,55,0.0,55,0.9706381135563625,55,0.3209545415562947,55,7.656043151955186,55,4.105677402883628,55,0.0,55,0.0,55,0.0,55,0.0,55,0.0,55,0.0,55,0.0,55,0.15489642602827502,55,0.13970258533436172,55,0.2805852363105468,55,0.2016615651800393,55,0.28271153705397184,55,0.14126986687537618,55,0.0,55,0.0,55,0.0,55,55,0.7027782923681885,0.2466661079617373,55,0.9706381135563625,0.3209545415562947,100,0.11316587066277861,55,0.12784841145304116,,,,,,,,,,,,
4,test,change_shape_color,change_shape_color,change_shape_color -> change_shape_color,synthetic_pair_on_id_atomic_input,image_input_tokens,34,1.7068527603157573,34,1.4581541430541738,34,0.41844042585569374,34,0.4195282108113466,34,0.0,34,1.7068527603157573,34,1.4581541430541738,34,0.41844042585569374,34,0.4195282108113466,34,0.0,34,0.0,34,0.0,34,0.0,34,0.0,34,1.0,34,0.0,34,0.00014868777219784632,34,0.00014868777219784632,34,0.0002808064511438788,34,0.0002808064511438788,34,0.0001482035724428123,34,0.0001482035724428123,34,2.0,34,2.0,34,0.0,34,34,1.7068527603157573,1.4581541430541738,34,1.7068527603157573,1.4581541430541738,11,1.0,0,,,,,,,,,,,,,
4,test,change_shape_color,change_shape_color,change_shape_color -> change_shape_color,synthetic_pair_on_id_atomic_input,image_block_01,34,1.6659971241348719,34,1.3912830511269556,34,7.073941137223873,34,7.10711448651176,34,0.0,34,1.6659971241348719,34,1.3912830511269556,34,7.073941137223873,34,7.10711448651176,34,0.0,34,0.0,34,0.0,34,0.0,34,0.0,34,1.0,34,0.0,34,0.03513194610021596,34,0.03513194610021596,34,0.045048340728440085,34,0.045048340728440085,34,0.03560128036326432,34,0.03560128036326432,34,2.0,34,2.0,34,0.0,34,34,1.6659971241348719,1.3912830511269556,34,1.6659971241348719,1.3912830511269556,11,1.0,0,,,,,,,,,,,,,
4,test,change_shape_color,change_shape_color,change_shape_color -> change_shape_color,synthetic_pair_on_id_atomic_input,image_block_02,34,1.6198185059806298,34,1.3142207240331245,34,11.678682881926392,34,11.715022062490899,34,0.0,34,1.6198185059806298,34,1.3142207240331245,34,11.678682881926392,34,11.715022062490899,34,0.0,34,0.0,34,0.0,34,0.0,34,0.0,34,1.0,34,0.0,34,0.05874488165957174,34,0.05874488165957174,34,0.0738928777668641,34,0.0738928777668641,34,0.05798418515330783,34,0.05798418515330783,34,2.0,34,2.0,34,0.0,34,34,1.6198185059806298,1.3142207240331245,34,1.6198185059806298,1.3142207240331245,11,1.0,0,,,,,,,,,,,,,
4,test,change_shape_color,change_shape_color,change_shape_color -> change_shape_color,synthetic_pair_on_id_atomic_input,image_block_03,34,1.6164580226968415,34,1.3098202650090802,34,16.62070961130392,34,16.88142224668733,34,0.0,34,1.6164580226968415,34,1.3098202650090802,34,16.62070961130392,34,16.88142224668733,34,0.0,34,0.0,34,0.0,34,0.0,34,0.0,34,1.0,34,0.0,34,0.07226865701757919,34,0.07226865701757919,34,0.09236041620868404,34,0.09236041620868404,34,0.06955209985808516,34,0.06955209985808516,34,2.0,34,2.0,34,0.0,34,34,1.6164580226968415,1.3098202650090802,34,1.6164580226968415,1.3098202650090802,11,1.0,0,,,,,,,,,,,,,
4,test,change_shape_color,change_shape_color,change_shape_color -> change_shape_color,synthetic_pair_on_id_atomic_input,image_block_04,34,1.6224531719235669,34,1.3192762496400146,34,17.261010964156934,34,17.56412209364163,34,0.0,34,1.6224531719235669,34,1.3192762496400146,34,17.261010964156934,34,17.56412209364163,34,0.0,34,0.0,34,0.0,34,0.0,34,0.0,34,1.0,34,0.0,34,0.07454300933718522,34,0.07454300933718522,34,0.09525409987374048,34,0.09525409987374048,34,0.07265930797584358,34,0.07265930797584358,34,2.0,34,2.0,34,0.0,34,34,1.6224531719235669,1.3192762496400146,34,1.6224531719235669,1.3192762496400146,11,1.0,0,,,,,,,,,,,,,
4,test,change_shape_color,change_shape_color,change_shape_color -> change_shape_color,synthetic_pair_on_id_atomic_input,image_block_05,34,1.6289579559904699,34,1.3300364376780776,34,17.98562711848362,34,18.221089402382205,34,0.0,34,1.6289579559904699,34,1.3300364376780776,34,17.98562711848362,34,18.221089402382205,34,0.0,34,0.0,34,0.0,34,0.0,34,0.0,34,1.0,34,0.0,34,0.08224354636172782,34,0.08224354636172782,34,0.10584467548476975,34,0.10584467548476975,34,0.08065977755400923,34,0.08065977755400923,34,2.0,34,2.0,34,0.0,34,34,1.6289579559904699,1.3300364376780776,34,1.6289579559904699,1.3300364376780776,11,1.0,0,,,,,,,,,,,,,
4,test,change_shape_color,change_shape_color,change_shape_color -> change_shape_color,synthetic_pair_on_id_atomic_input,image_block_06,34,1.627573697074347,34,1.3277294866701963,34,19.305784916590735,34,19.501294213970176,34,0.0,34,1.627573697074347,34,1.3277294866701963,34,19.305784916590735,34,19.501294213970176,34,0.0,34,0.0,34,0.0,34,0.0,34,0.0,34,1.0,34,0.0,34,0.09057772263696026,34,0.09057772263696026,34,0.11506319590407738,34,0.11506319590407738,34,0.08852945900019239,34,0.08852945900019239,34,2.0,34,2.0,34,0.0,34,34,1.627573697074347,1.3277294866701963,34,1.627573697074347,1.3277294866701963,11,1.0,0,,,,,,,,,,,,,
4,test,change_shape_color,change_shape_color,change_shape_color -> change_shape_color,synthetic_pair_on_id_atomic_input,image_final_norm,34,1.6292658227185695,34,1.3306010080773791,34,3.017629178253505,34,3.04506895027172,34,0.0,34,1.6292658227185695,34,1.3306010080773791,34,3.017629178253505,34,3.04506895027172,34,0.0,34,0.0,34,0.0,34,0.0,34,0.0,34,1.0,34,0.0,34,0.09168580016826651,34,0.09168580016826651,34,0.11633296076047148,34,0.11633296076047148,34,0.0901659749166103,34,0.0901659749166103,34,2.0,34,2.0,34,0.0,34,34,1.6292658227185695,1.3306010080773791,34,1.6292658227185695,1.3306010080773791,11,1.0,0,,,,,,,,,,,,,
4,test,change_shape_color,crop_contours,crop_contours -> change_shape_color,synthetic_pair_on_id_atomic_input,image_input_tokens,24,0.9496797327441074,24,0.13889097829233618,24,0.4884185172461442,24,0.20418090902121258,24,0.0,24,0.6610482035304889,24,0.221673380607695,24,0.490281031919306,24,0.49072723768460874,24,0.0,24,0.0,24,0.0,24,0.0,24,0.0,24,1.0,24,1.0,24,0.00016894704756792756,24,0.023480877434321656,24,0.023488060992404584,24,0.026163225506520973,24,7.516822098861747e-05,24,0.026176575885903507,24,1.0,24,0.0,24,1.0,24,24,0.9496797327441074,0.13889097829233618,24,0.6610482035304889,0.221673380607695,11,0.976584022695368,0,,1.4395273867978338,24,0.2372041631451145,24,0.01342432133870818,24,1.0,24,0.01342432133870818,24,0.01342432133870818,24
4,test,change_shape_color,crop_contours,crop_contours -> change_shape_color,synthetic_pair_on_id_atomic_input,image_block_01,24,0.5816003601724797,24,0.15612988455336305,24,7.61616953141187,24,6.0830345297141735,24,0.0,24,0.2113250404710024,24,0.02200979871883081,24,18.406581938690085,24,18.682157528679756,24,0.0,24,0.0,24,0.0,24,0.0,24,0.0,24,1.0,24,1.0,24,0.03545490099595944,24,0.0944439542892584,24,0.10241064912642789,24,0.09801948021003631,24,0.039768657336512456,24,0.09652954233395551,24,1.0,24,0.0,24,1.0,24,24,0.5816003601724797,0.15612988455336305,24,0.2113250404710024,0.02200979871883081,11,0.976584022695368,0,,36.63362406593984,24,0.6088001642632279,24,0.052781698138686196,24,0.375,24,0.052781698138686196,24,0.052781698138686196,24
4,test,change_shape_color,crop_contours,crop_contours -> change_shape_color,synthetic_pair_on_id_atomic_input,image_block_02,24,0.6072576848304204,24,0.18638426530961008,24,12.064603523562718,24,10.599132580964278,24,0.0,24,0.23399044983642395,24,0.028139867904436653,24,29.210124966709998,24,29.2605859931778,24,0.0,24,0.0,24,0.0,24,0.0,24,0.0,24,1.0,24,1.0,24,0.05761696241163818,24,0.15646110732623708,24,0.16310546314862698,24,0.16988167647545707,24,0.07010227558504876,24,0.1624397415731477,24,1.0,24,0.0,24,1.0,24,24,0.6072576848304204,0.18638426530961008,24,0.23399044983642395,0.028139867904436653,11,0.976584022695368,0,,59.95851266952641,24,0.6491095059191809,24,0.0894916968197745,24,0.0,24,0.0894916968197745,24,0.0894916968197745,24
4,test,change_shape_color,crop_contours,crop_contours -> change_shape_color,synthetic_pair_on_id_atomic_input,image_block_03,24,0.6187413553578975,24,0.195260448841049,24,17.24625176502991,24,14.523073572741117,24,0.0,24,0.2801265858814658,24,0.041809560415590995,24,34.599484041236536,24,34.67658838626319,24,0.0,24,0.0,24,0.0,24,0.0,24,0.0,24,1.0,24,1.0,24,0.0713213353966565,24,0.1821335794295663,24,0.1861959978606443,24,0.1917142315811918,24,0.08349057622840976,24,0.1842549440327136,24,1.0,24,0.0,24,1.0,24,24,0.6187413553578975,0.195260448841049,24,0.2801265858814658,0.041809560415590995,11,0.976584022695368,0,,68.13495522213933,24,0.6014954643049034,24,0.11064965856183577,24,0.0,24,0.11064965856183577,24,0.11064965856183577,24
4,test,change_shape_color,crop_contours,crop_contours -> change_shape_color,synthetic_pair_on_id_atomic_input,image_block_04,24,0.6324284030696364,24,0.20598782266819557,24,17.969510057713375,24,15.373767380505825,24,0.0,24,0.2879235245171963,24,0.04392375309044708,24,36.303180191860356,24,36.33109617183689,24,0.0,24,0.0,24,0.0,24,0.0,24,0.0,24,1.0,24,1.0,24,0.07437342709511525,24,0.1784211712079077,24,0.1829560781435083,24,0.1882848466552264,24,0.08680674784581872,24,0.18364365690095927,24,1.0,24,0.0,24,1.0,24,24,0.6324284030696364,0.20598782266819557,24,0.2879235245171963,0.04392375309044708,11,0.976584022695368,0,,80.49814670167491,24,0.6990888363923413,24,0.11071265015307914,24,0.0,24,0.11071265015307914,24,0.11071265015307914,24
4,test,change_shape_color,crop_contours,crop_contours -> change_shape_color,synthetic_pair_on_id_atomic_input,image_block_05,24,0.6431871901544257,24,0.2087944287390536,24,18.721564879935272,24,15.974756561408546,24,0.0,24,0.2737557702607685,24,0.03942285194548576,24,40.4600651085753,24,40.52468067524415,24,0.0,24,0.0,24,0.0,24,0.0,24,0.0,24,1.0,24,1.0,24,0.08237779474166827,24,0.1814208957630528,24,0.18580899747741234,24,0.18702977574787294,24,0.09348496409233886,24,0.1894889439044043,24,1.0,24,0.0,24,1.0,24,24,0.6431871901544257,0.2087944287390536,24,0.2737557702607685,0.03942285194548576,11,0.976584022695368,0,,81.08694880210669,24,0.7163870495540295,24,0.11554064691043937,24,0.0,24,0.11554064691043937,24,0.11554064691043937,24
4,test,change_shape_color,crop_contours,crop_contours -> change_shape_color,synthetic_pair_on_id_atomic_input,image_block_06,24,0.6393876504008146,24,0.20531059663561038,24,20.153152457905822,24,17.028096370529443,24,0.0,24,0.28049306836147514,24,0.04142547635957413,24,41.92278857011219,24,42.095145625141306,24,0.0,24,0.0,24,0.0,24,0.0,24,0.0,24,1.0,24,1.0,24,0.09042754321645381,24,0.18536933988214202,24,0.19311926274898505,24,0.19247699138299265,24,0.09996945212717989,24,0.19206102785700577,24,1.0,24,0.0,24,1.0,24,24,0.6393876504008146,0.20531059663561038,24,0.28049306836147514,0.04142547635957413,11,0.976584022695368,0,,76.64572222886599,24,0.6683893695121439,24,0.12382772102108101,24,0.0,24,0.12382772102108101,24,0.12382772102108101,24
4,test,change_shape_color,crop_contours,crop_contours -> change_shape_color,synthetic_pair_on_id_atomic_input,image_final_norm,24,0.6307677633586971,24,0.19519072877555046,24,3.171393047321885,24,2.608203872055597,24,0.0,24,0.29146435998496484,24,0.044695565469238946,24,6.169236515754108,24,6.171689783929488,24,0.0,24,0.0,24,0.0,24,0.0,24,0.0,24,1.0,24,1.0,24,0.09133199297890061,24,0.18191368210946102,24,0.18907656609763043,24,0.18659868673980626,24,0.09788019503380424,24,0.18626000547039415,24,1.0,24,0.0,24,1.0,24,24,0.6307677633586971,0.19519072877555046,24,0.29146435998496484,0.044695565469238946,11,0.976584022695368,0,,21.564577508287158,24,0.8605945144917827,24,0.1254821832907668,24,0.0,24,0.1254821832907668,24,0.1254821832907668,24
4,test,change_shape_color,double_right,double_right -> change_shape_color,synthetic_pair_on_id_atomic_input,image_input_tokens,17,0.7316976381427915,17,0.1277036690981479,17,0.3735571259919497,17,0.6421815528425342,17,0.0,17,0.626258208147933,17,0.19797015509992,17,0.5953943816358658,17,0.5981709335834834,17,0.0,17,0.0,17,0.0,17,0.0,17,0.0,17,1.0,17,1.0,17,0.00014654207200989918,17,0.03733061540697277,17,0.037573628292623236,17,0.04031081331572978,17,0.00024319122096339208,17,0.04036306111792722,17,1.0,17,0.0,17,1.0,17,17,0.7316976381427915,0.1277036690981479,17,0.626258208147933,0.19797015509992,11,0.9910873445597562,0,,4.285288051944153,17,0.31159639159665004,17,0.026315688417799767,17,0.8823529411764706,17,0.026315688417799767,17,0.026315688417799767,17
4,test,change_shape_color,double_right,double_right -> change_shape_color,synthetic_pair_on_id_atomic_input,image_block_01,17,0.3362790342176867,17,0.04302914248735329,17,6.8436105864477765,17,8.03029348391465,17,0.0,17,0.1469145157693736,17,0.010631998145702416,17,17.13021678711304,17,17.18793737637382,17,0.0,17,0.0,17,0.0,17,0.0,17,0.0,17,1.0,17,1.0,17,0.03580370102581314,17,0.04058648982380568,17,0.055238581314984686,17,0.05622446265651957,17,0.04078623321905844,17,0.03946589934211384,17,1.0,17,0.0,17,1.0,17,17,0.3362790342176867,0.04302914248735329,17,0.1469145157693736,0.010631998145702416,11,0.9910873445597562,0,,26.716171519318635,17,0.566773484458937,17,0.03737610489510692,17,0.9411764705882353,17,0.03737610489510692,17,0.03737610489510692,17
4,test,change_shape_color,double_right,double_right -> change_shape_color,synthetic_pair_on_id_atomic_input,image_block_02,17,0.2816084011835818,17,0.03724619798785238,17,11.856840418432062,17,12.871722310463914,17,0.0,17,0.12632720554713792,17,0.00811713051998633,17,28.188086202129984,17,28.110035112271067,17,0.0,17,0.0,17,0.0,17,0.0,17,0.0,17,1.0,17,1.0,17,0.059493783406878394,17,0.0802973524160506,17,0.09944216803884864,17,0.09325763249836193,17,0.06438930711239206,17,0.07948379176505986,17,1.0,17,0.0,17,1.0,17,17,0.2816084011835818,0.03724619798785238,17,0.12632720554713792,0.00811713051998633,11,0.9910873445597562,0,,48.586290714888776,17,0.5415957598125293,17,0.056235423035158084,17,0.35294117647058826,17,0.056235423035158084,17,0.056235423035158084,17
4,test,change_shape_color,double_right,double_right -> change_shape_color,synthetic_pair_on_id_atomic_input,image_block_03,17,0.2462343828798373,17,0.029193276708292186,17,16.790499284267472,17,17.8692217013839,17,0.0,17,0.1329651670484513,17,0.009083188177843357,17,32.90797765258963,17,32.809458377706186,17,0.0,17,0.0,17,0.0,17,0.0,17,0.0,17,1.0,17,1.0,17,0.07136514089214423,17,0.0959280298422752,17,0.11699807752823004,17,0.1115321019717639,17,0.07767419866658481,17,0.09723886443514664,17,1.0,17,0.0,17,1.0,17,17,0.2462343828798373,0.029193276708292186,17,0.1329651670484513,0.009083188177843357,11,0.9910873445597562,0,,48.84316276134747,17,0.48795671974635274,17,0.0773562907484965,17,0.0,17,0.0773562907484965,17,0.0773562907484965,17
4,test,change_shape_color,double_right,double_right -> change_shape_color,synthetic_pair_on_id_atomic_input,image_block_04,17,0.2644557396209618,17,0.03361291141825966,17,17.325531527679864,17,18.553009228993332,17,0.0,17,0.13007410001092665,17,0.008766770396022335,17,37.66141222715859,17,37.51165932644524,17,0.0,17,0.0,17,0.0,17,0.0,17,0.0,17,1.0,17,1.0,17,0.07293998735733469,17,0.10086591026932,17,0.11947454787022842,17,0.11314506261336892,17,0.08070313491215589,17,0.1029963840940965,17,1.0,17,0.0,17,1.0,17,17,0.2644557396209618,0.03361291141825966,17,0.13007410001092665,0.008766770396022335,11,0.9910873445597562,0,,52.97335845229703,17,0.446898446950924,17,0.08181843492090599,17,0.0,17,0.08181843492090599,17,0.08181843492090599,17
4,test,change_shape_color,double_right,double_right -> change_shape_color,synthetic_pair_on_id_atomic_input,image_block_05,17,0.29706651124488337,17,0.04369599243729872,17,18.11540461895958,17,19.47603489070248,17,0.0,17,0.1428068387900201,17,0.01051523812110187,17,40.36272837057135,17,39.96033244810576,17,0.0,17,0.0,17,0.0,17,0.0,17,0.0,17,1.0,17,1.0,17,0.08067349104588752,17,0.11172011094522723,17,0.1359153056089565,17,0.12793735988512184,17,0.0931273568396632,17,0.1167149530009108,17,1.0,17,0.0,17,1.0,17,17,0.29706651124488337,0.04369599243729872,17,0.1428068387900201,0.01051523812110187,11,0.9910873445597562,0,,63.4085099190005,17,0.5486403719269589,17,0.09289787585511189,17,0.0,17,0.09289787585511189,17,0.09289787585511189,17
4,test,change_shape_color,double_right,double_right -> change_shape_color,synthetic_pair_on_id_atomic_input,image_block_06,17,0.33118722726663874,17,0.0562883590943947,17,19.422753554373944,17,21.179652060683924,17,0.0,17,0.16074708906312024,17,0.012944610199967843,17,42.958657095935486,17,42.31415125776049,17,0.0,17,0.0,17,0.0,17,0.0,17,0.0,17,1.0,17,1.0,17,0.08834704274658864,17,0.1280462050812392,17,0.15408343955053705,17,0.14482220741530213,17,0.10936374186477855,17,0.13088213488683556,17,1.0,17,0.0,17,1.0,17,17,0.33118722726663874,0.0562883590943947,17,0.16074708906312024,0.012944610199967843,11,0.9910873445597562,0,,61.23919447738482,17,0.6409498791076735,17,0.10700993325543609,17,0.0,17,0.10700993325543609,17,0.10700993325543609,17
4,test,change_shape_color,double_right,double_right -> change_shape_color,synthetic_pair_on_id_atomic_input,image_final_norm,17,0.354166691499564,17,0.0563857843394467,17,2.987146483873629,17,3.453711970061448,17,0.0,17,0.18567380396739377,17,0.016745985321239637,17,6.274642316794064,17,6.184231616616554,17,0.0,17,0.0,17,0.0,17,0.0,17,0.0,17,1.0,17,1.0,17,0.08997817510047153,17,0.13748787730323353,17,0.1632101876719223,17,0.1538339279785857,17,0.11631191424087331,17,0.13920191729576922,17,1.0,17,0.0,17,1.0,17,17,0.354166691499564,0.0563857843394467,17,0.18567380396739377,0.016745985321239637,11,0.9910873445597562,0,,20.234168844453798,17,0.796827291169108,17,0.11831584480959434,17,0.0,17,0.11831584480959434,17,0.11831584480959434,17
4,test,crop_contours,change_shape_color,change_shape_color -> crop_contours,synthetic_pair_on_id_atomic_input,image_input_tokens,24,0.6610482035304889,24,0.221673380607695,24,0.490281031919306,24,0.49072723768460874,24,0.0,24,0.9496797327441074,24,0.13889097829233618,24,0.4884185172461442,24,0.20418090902121258,24,0.0,24,0.0,24,0.0,24,0.0,24,0.0,24,1.0,24,1.0,24,0.023480877434321656,24,0.00016894704756792756,24,0.026163225506520973,24,0.023488060992404584,24,0.026176575885903507,24,7.516822098861747e-05,24,1.0,24,0.0,24,1.0,24,24,0.6610482035304889,0.221673380607695,24,0.9496797327441074,0.13889097829233618,0,,0,,1.4395273867978338,24,0.2372041631451145,24,0.01342432133870818,24,1.0,24,0.01342432133870818,24,0.01342432133870818,24
4,test,crop_contours,change_shape_color,change_shape_color -> crop_contours,synthetic_pair_on_id_atomic_input,image_block_01,24,0.2113250404710024,24,0.02200979871883081,24,18.406581938690085,24,18.682157528679756,24,0.0,24,0.5816003601724797,24,0.15612988455336305,24,7.61616953141187,24,6.0830345297141735,24,0.0,24,0.0,24,0.0,24,0.0,24,0.0,24,1.0,24,1.0,24,0.0944439542892584,24,0.03545490099595944,24,0.09801948021003631,24,0.10241064912642789,24,0.09652954233395551,24,0.039768657336512456,24,1.0,24,0.0,24,1.0,24,24,0.2113250404710024,0.02200979871883081,24,0.5816003601724797,0.15612988455336305,0,,0,,36.63362406593984,24,0.6088001642632279,24,0.052781698138686196,24,0.375,24,0.052781698138686196,24,0.052781698138686196,24
4,test,crop_contours,change_shape_color,change_shape_color -> crop_contours,synthetic_pair_on_id_atomic_input,image_block_02,24,0.23399044983642395,24,0.028139867904436653,24,29.210124966709998,24,29.2605859931778,24,0.0,24,0.6072576848304204,24,0.18638426530961008,24,12.064603523562718,24,10.599132580964278,24,0.0,24,0.0,24,0.0,24,0.0,24,0.0,24,1.0,24,1.0,24,0.15646110732623708,24,0.05761696241163818,24,0.16988167647545707,24,0.16310546314862698,24,0.1624397415731477,24,0.07010227558504876,24,1.0,24,0.0,24,1.0,24,24,0.23399044983642395,0.028139867904436653,24,0.6072576848304204,0.18638426530961008,0,,0,,59.95851266952641,24,0.6491095059191809,24,0.0894916968197745,24,0.0,24,0.0894916968197745,24,0.0894916968197745,24
4,test,crop_contours,change_shape_color,change_shape_color -> crop_contours,synthetic_pair_on_id_atomic_input,image_block_03,24,0.2801265858814658,24,0.041809560415590995,24,34.599484041236536,24,34.67658838626319,24,0.0,24,0.6187413553578975,24,0.195260448841049,24,17.24625176502991,24,14.523073572741117,24,0.0,24,0.0,24,0.0,24,0.0,24,0.0,24,1.0,24,1.0,24,0.1821335794295663,24,0.0713213353966565,24,0.1917142315811918,24,0.1861959978606443,24,0.1842549440327136,24,0.08349057622840976,24,1.0,24,0.0,24,1.0,24,24,0.2801265858814658,0.041809560415590995,24,0.6187413553578975,0.195260448841049,0,,0,,68.13495522213933,24,0.6014954643049034,24,0.11064965856183577,24,0.0,24,0.11064965856183577,24,0.11064965856183577,24
4,test,crop_contours,change_shape_color,change_shape_color -> crop_contours,synthetic_pair_on_id_atomic_input,image_block_04,24,0.2879235245171963,24,0.04392375309044708,24,36.303180191860356,24,36.33109617183689,24,0.0,24,0.6324284030696364,24,0.20598782266819557,24,17.969510057713375,24,15.373767380505825,24,0.0,24,0.0,24,0.0,24,0.0,24,0.0,24,1.0,24,1.0,24,0.1784211712079077,24,0.07437342709511525,24,0.1882848466552264,24,0.1829560781435083,24,0.18364365690095927,24,0.08680674784581872,24,1.0,24,0.0,24,1.0,24,24,0.2879235245171963,0.04392375309044708,24,0.6324284030696364,0.20598782266819557,0,,0,,80.49814670167491,24,0.6990888363923413,24,0.11071265015307914,24,0.0,24,0.11071265015307914,24,0.11071265015307914,24
4,test,crop_contours,change_shape_color,change_shape_color -> crop_contours,synthetic_pair_on_id_atomic_input,image_block_05,24,0.2737557702607685,24,0.03942285194548576,24,40.4600651085753,24,40.52468067524415,24,0.0,24,0.6431871901544257,24,0.2087944287390536,24,18.721564879935272,24,15.974756561408546,24,0.0,24,0.0,24,0.0,24,0.0,24,0.0,24,1.0,24,1.0,24,0.1814208957630528,24,0.08237779474166827,24,0.18702977574787294,24,0.18580899747741234,24,0.1894889439044043,24,0.09348496409233886,24,1.0,24,0.0,24,1.0,24,24,0.2737557702607685,0.03942285194548576,24,0.6431871901544257,0.2087944287390536,0,,0,,81.08694880210669,24,0.7163870495540295,24,0.11554064691043937,24,0.0,24,0.11554064691043937,24,0.11554064691043937,24
4,test,crop_contours,change_shape_color,change_shape_color -> crop_contours,synthetic_pair_on_id_atomic_input,image_block_06,24,0.28049306836147514,24,0.04142547635957413,24,41.92278857011219,24,42.095145625141306,24,0.0,24,0.6393876504008146,24,0.20531059663561038,24,20.153152457905822,24,17.028096370529443,24,0.0,24,0.0,24,0.0,24,0.0,24,0.0,24,1.0,24,1.0,24,0.18536933988214202,24,0.09042754321645381,24,0.19247699138299265,24,0.19311926274898505,24,0.19206102785700577,24,0.09996945212717989,24,1.0,24,0.0,24,1.0,24,24,0.28049306836147514,0.04142547635957413,24,0.6393876504008146,0.20531059663561038,0,,0,,76.64572222886599,24,0.6683893695121439,24,0.12382772102108101,24,0.0,24,0.12382772102108101,24,0.12382772102108101,24
4,test,crop_contours,change_shape_color,change_shape_color -> crop_contours,synthetic_pair_on_id_atomic_input,image_final_norm,24,0.29146435998496484,24,0.044695565469238946,24,6.169236515754108,24,6.171689783929488,24,0.0,24,0.6307677633586971,24,0.19519072877555046,24,3.171393047321885,24,2.608203872055597,24,0.0,24,0.0,24,0.0,24,0.0,24,0.0,24,1.0,24,1.0,24,0.18191368210946102,24,0.09133199297890061,24,0.18659868673980626,24,0.18907656609763043,24,0.18626000547039415,24,0.09788019503380424,24,1.0,24,0.0,24,1.0,24,24,0.29146435998496484,0.044695565469238946,24,0.6307677633586971,0.19519072877555046,0,,0,,21.564577508287158,24,0.8605945144917827,24,0.1254821832907668,24,0.0,24,0.1254821832907668,24,0.1254821832907668,24
4,test,crop_contours,crop_contours,crop_contours -> crop_contours,synthetic_pair_on_id_atomic_input,image_input_tokens,1,0.1139254686923423,1,0.0053237559693040115,1,0.4525165603077987,1,0.4749377722114129,1,0.0,1,0.1139254686923423,1,0.0053237559693040115,1,0.4525165603077987,1,0.4749377722114129,1,0.0,1,0.0,1,0.0,1,0.0,1,0.0,1,1.0,1,0.0,1,0.03454327343811056,1,0.03454327343811056,1,0.02475852886217777,1,0.02475852886217777,1,0.029247419519628743,1,0.029247419519628743,1,2.0,1,2.0,1,0.0,1,1,0.1139254686923423,0.0053237559693040115,1,0.1139254686923423,0.0053237559693040115,11,1.0,0,,,,,,,,,,,,,
4,test,crop_contours,crop_contours,crop_contours -> crop_contours,synthetic_pair_on_id_atomic_input,image_block_01,1,1.0628542186027963,1,0.3314368253724851,1,11.950522410729786,1,26.23009834223821,1,0.0,1,1.0628542186027963,1,0.3314368253724851,1,11.950522410729786,1,26.23009834223821,1,0.0,1,0.0,1,0.0,1,0.0,1,0.0,1,1.0,1,0.0,1,0.07740869882777388,1,0.07740869882777388,1,0.11529644296112194,1,0.11529644296112194,1,0.161179452070186,1,0.161179452070186,1,2.0,1,2.0,1,0.0,1,1,1.0628542186027963,0.3314368253724851,1,1.0628542186027963,0.3314368253724851,11,1.0,0,,,,,,,,,,,,,
4,test,crop_contours,crop_contours,crop_contours -> crop_contours,synthetic_pair_on_id_atomic_input,image_block_02,1,1.0514032147695473,1,0.4267258717411443,1,20.56970283375205,1,36.80712074490827,1,0.0,1,1.0514032147695473,1,0.4267258717411443,1,20.56970283375205,1,36.80712074490827,1,0.0,1,0.0,1,0.0,1,0.0,1,0.0,1,1.0,1,0.0,1,0.12757279552088902,1,0.12757279552088902,1,0.18211992036331962,1,0.18211992036331962,1,0.20942876725991,1,0.20942876725991,1,2.0,1,2.0,1,0.0,1,1,1.0514032147695473,0.4267258717411443,1,1.0514032147695473,0.4267258717411443,11,1.0,0,,,,,,,,,,,,,
4,test,crop_contours,crop_contours,crop_contours -> crop_contours,synthetic_pair_on_id_atomic_input,image_block_03,1,1.0014256214257176,1,0.40443910192986565,1,25.731903757924965,1,42.57211457858213,1,0.0,1,1.0014256214257176,1,0.40443910192986565,1,25.731903757924965,1,42.57211457858213,1,0.0,1,0.0,1,0.0,1,0.0,1,0.0,1,1.0,1,0.0,1,0.13176690469470728,1,0.13176690469470728,1,0.2112160339559492,1,0.2112160339559492,1,0.2340892126439105,1,0.2340892126439105,1,2.0,1,2.0,1,0.0,1,1,1.0014256214257176,0.40443910192986565,1,1.0014256214257176,0.40443910192986565,11,1.0,0,,,,,,,,,,,,,
4,test,crop_contours,crop_contours,crop_contours -> crop_contours,synthetic_pair_on_id_atomic_input,image_block_04,1,1.019126380610268,1,0.44353143513738846,1,27.14074642358859,1,42.508818283726214,1,0.0,1,1.019126380610268,1,0.44353143513738846,1,27.14074642358859,1,42.508818283726214,1,0.0,1,0.0,1,0.0,1,0.0,1,0.0,1,1.0,1,0.0,1,0.12442785582943214,1,0.12442785582943214,1,0.2097431210943727,1,0.2097431210943727,1,0.20841543424983897,1,0.20841543424983897,1,2.0,1,2.0,1,0.0,1,1,1.019126380610268,0.44353143513738846,1,1.019126380610268,0.44353143513738846,11,1.0,0,,,,,,,,,,,,,
4,test,crop_contours,crop_contours,crop_contours -> crop_contours,synthetic_pair_on_id_atomic_input,image_block_05,1,1.0175016922919706,1,0.46201049877898626,1,30.500117737918057,1,44.82836486027567,1,0.0,1,1.0175016922919706,1,0.46201049877898626,1,30.500117737918057,1,44.82836486027567,1,0.0,1,0.0,1,0.0,1,0.0,1,0.0,1,1.0,1,0.0,1,0.135063431093803,1,0.135063431093803,1,0.1837146649907157,1,0.1837146649907157,1,0.19876605913427192,1,0.19876605913427192,1,2.0,1,2.0,1,0.0,1,1,1.0175016922919706,0.46201049877898626,1,1.0175016922919706,0.46201049877898626,11,1.0,0,,,,,,,,,,,,,
4,test,crop_contours,crop_contours,crop_contours -> crop_contours,synthetic_pair_on_id_atomic_input,image_block_06,1,1.042309635338841,1,0.4995093844161417,1,32.646393621704156,1,46.081062132648576,1,0.0,1,1.042309635338841,1,0.4995093844161417,1,32.646393621704156,1,46.081062132648576,1,0.0,1,0.0,1,0.0,1,0.0,1,0.0,1,1.0,1,0.0,1,0.13760310668541878,1,0.13760310668541878,1,0.2089398187743084,1,0.2089398187743084,1,0.19403781868745423,1,0.19403781868745423,1,2.0,1,2.0,1,0.0,1,1,1.042309635338841,0.4995093844161417,1,1.042309635338841,0.4995093844161417,11,1.0,0,,,,,,,,,,,,,
4,test,crop_contours,crop_contours,crop_contours -> crop_contours,synthetic_pair_on_id_atomic_input,image_final_norm,1,1.0594194893817823,1,0.5174338298478696,1,5.003205211727596,1,7.078704114497807,1,0.0,1,1.0594194893817823,1,0.5174338298478696,1,5.003205211727596,1,7.078704114497807,1,0.0,1,0.0,1,0.0,1,0.0,1,0.0,1,1.0,1,0.0,1,0.14929992729116676,1,0.14929992729116676,1,0.21127090472149782,1,0.21127090472149782,1,0.1992718347528256,1,0.1992718347528256,1,2.0,1,2.0,1,0.0,1,1,1.0594194893817823,0.5174338298478696,1,1.0594194893817823,0.5174338298478696,11,1.0,0,,,,,,,,,,,,,
4,test,crop_contours,double_right,double_right -> crop_contours,synthetic_pair_on_id_atomic_input,image_input_tokens,8,0.6683532044899645,8,0.18600469376044734,8,0.5851296245376489,8,0.7967428701124326,8,0.0,8,1.2152473097486682,8,0.2828541670401837,8,0.8207368200239626,8,0.2791800884804167,8,0.0,8,0.0,8,0.0,8,0.0,8,0.0,8,0.0,8,0.0,8,0.025657847171087135,8,0.04700667452537714,8,0.047792038126529865,8,0.04912928512163356,8,0.0448274011542316,8,0.0315612822531533,8,0.0,8,0.0,8,0.0,8,8,0.6683532044899645,0.18600469376044734,8,1.2152473097486682,0.2828541670401837,0,,0,,,,,,,,,,,,,
4,test,crop_contours,double_right,double_right -> crop_contours,synthetic_pair_on_id_atomic_input,image_block_01,8,0.5254588858210567,8,0.12810398763681596,8,20.0175039584582,8,17.347375575534812,8,0.0,8,0.8019581540023706,8,0.20025324671345304,8,20.249635632780937,8,11.831637893903233,8,0.0,8,0.0,8,0.0,8,0.0,8,0.0,8,0.0,8,0.0,8,0.08875084590499115,8,0.04254910753369574,8,0.10495177499009811,8,0.1100141375261794,8,0.1023456186750829,8,0.05172704801124456,8,0.0,8,0.0,8,0.0,8,8,0.5254588858210567,0.12810398763681596,8,0.8019581540023706,0.20025324671345304,0,,0,,,,,,,,,,,,,
4,test,crop_contours,double_right,double_right -> crop_contours,synthetic_pair_on_id_atomic_input,image_block_02,8,0.5576325832376237,8,0.1441214268772335,8,31.770148989789494,8,27.237264140286122,8,0.0,8,0.8127752084976967,8,0.24138201385284214,8,33.83597239078752,8,21.006535531845156,8,0.0,8,0.0,8,0.0,8,0.0,8,0.0,8,0.0,8,0.0,8,0.15385503492044839,8,0.08095417577504285,8,0.17881850196288995,8,0.1780496294041271,8,0.1722463205601326,8,0.10824183760784759,8,0.0,8,0.0,8,0.0,8,8,0.5576325832376237,0.1441214268772335,8,0.8127752084976967,0.24138201385284214,0,,0,,,,,,,,,,,,,
4,test,crop_contours,double_right,double_right -> crop_contours,synthetic_pair_on_id_atomic_input,image_block_03,8,0.5942462759987669,8,0.16215327858771755,8,38.159604541688424,8,31.81659421039348,8,0.0,8,0.8652020083403626,8,0.28931673297700145,8,39.40106796349848,8,24.977391266311276,8,0.0,8,0.0,8,0.0,8,0.0,8,0.0,8,0.0,8,0.0,8,0.17605026493815007,8,0.09122506659315113,8,0.2108277096028413,8,0.19587374609793934,8,0.2086288359502934,8,0.12274061318210348,8,0.0,8,0.0,8,0.0,8,8,0.5942462759987669,0.16215327858771755,8,0.8652020083403626,0.28931673297700145,0,,0,,,,,,,,,,,,,
4,test,crop_contours,double_right,double_right -> crop_contours,synthetic_pair_on_id_atomic_input,image_block_04,8,0.6167775567439041,8,0.1838564908058281,8,38.98098270400169,8,34.419419581706265,8,0.0,8,0.8909822761723705,8,0.27807211615389976,8,45.539400163240515,8,26.46475793056974,8,0.0,8,0.0,8,0.0,8,0.0,8,0.0,8,0.0,8,0.0,8,0.16682487339001495,8,0.0950757467398436,8,0.2115946711652658,8,0.19543526821038382,8,0.21269072306061604,8,0.12478035982501047,8,0.0,8,0.0,8,0.0,8,8,0.6167775567439041,0.1838564908058281,8,0.8909822761723705,0.27807211615389976,0,,0,,,,,,,,,,,,,
4,test,crop_contours,double_right,double_right -> crop_contours,synthetic_pair_on_id_atomic_input,image_block_05,8,0.6657208739890692,8,0.21341027590515316,8,42.813381152602496,8,36.982617392043146,8,0.0,8,0.9279287649871371,8,0.316155763125032,8,47.95341135686613,8,28.231322556619777,8,0.0,8,0.0,8,0.0,8,0.0,8,0.0,8,0.0,8,0.0,8,0.16678703510457243,8,0.10541755124372418,8,0.23481840551508035,8,0.20234285807423907,8,0.23834256579609805,8,0.13680945458609498,8,0.0,8,0.0,8,0.0,8,8,0.6657208739890692,0.21341027590515316,8,0.9279287649871371,0.316155763125032,0,,0,,,,,,,,,,,,,
4,test,crop_contours,double_right,double_right -> crop_contours,synthetic_pair_on_id_atomic_input,image_block_06,8,0.6841905930930197,8,0.22929039714802602,8,44.08696014353407,8,39.615452731697644,8,0.0,8,0.9710659306819472,8,0.3426218313682189,8,50.20773176174173,8,28.38798772796568,8,0.0,8,0.0,8,0.0,8,0.0,8,0.0,8,0.0,8,0.0,8,0.1738908668782779,8,0.11159984736801465,8,0.25461759040804166,8,0.21307969078211242,8,0.25608331257322314,8,0.15564813677194717,8,0.0,8,0.0,8,0.0,8,8,0.6841905930930197,0.22929039714802602,8,0.9710659306819472,0.3426218313682189,0,,0,,,,,,,,,,,,,
4,test,crop_contours,double_right,double_right -> crop_contours,synthetic_pair_on_id_atomic_input,image_final_norm,8,0.6890992872515695,8,0.23657341325730363,8,6.420203339690066,8,6.171834095255113,8,0.0,8,1.0037538153164176,8,0.36947606343166906,8,7.327553263582835,8,4.083337523696605,8,0.0,8,0.0,8,0.0,8,0.0,8,0.0,8,0.0,8,0.0,8,0.16836107982416007,8,0.12302230212443788,8,0.2616725310523465,8,0.2146216963399986,8,0.26289111956073313,8,0.158090661208861,8,0.0,8,0.0,8,0.0,8,8,0.6890992872515695,0.23657341325730363,8,1.0037538153164176,0.36947606343166906,0,,0,,,,,,,,,,,,,
4,test,double_right,change_shape_color,change_shape_color -> double_right,synthetic_pair_on_id_atomic_input,image_input_tokens,17,0.626258208147933,17,0.19797015509992,17,0.5953943816358658,17,0.5981709335834834,17,0.0,17,0.7316976381427915,17,0.1277036690981479,17,0.3735571259919497,17,0.6421815528425342,17,0.0,17,0.0,17,0.0,17,0.0,17,0.0,17,1.0,17,1.0,17,0.03733061540697277,17,0.00014654207200989918,17,0.04031081331572978,17,0.037573628292623236,17,0.04036306111792722,17,0.00024319122096339208,17,1.0,17,0.0,17,1.0,17,17,0.626258208147933,0.19797015509992,17,0.7316976381427915,0.1277036690981479,11,1.0,0,,4.285288051944153,17,0.31159639159665004,17,0.026315688417799767,17,0.8823529411764706,17,0.026315688417799767,17,0.026315688417799767,17
4,test,double_right,change_shape_color,change_shape_color -> double_right,synthetic_pair_on_id_atomic_input,image_block_01,17,0.1469145157693736,17,0.010631998145702416,17,17.13021678711304,17,17.18793737637382,17,0.0,17,0.3362790342176867,17,0.04302914248735329,17,6.8436105864477765,17,8.03029348391465,17,0.0,17,0.0,17,0.0,17,0.0,17,0.0,17,1.0,17,1.0,17,0.04058648982380568,17,0.03580370102581314,17,0.05622446265651957,17,0.055238581314984686,17,0.03946589934211384,17,0.04078623321905844,17,1.0,17,0.0,17,1.0,17,17,0.1469145157693736,0.010631998145702416,17,0.3362790342176867,0.04302914248735329,11,1.0,0,,26.716171519318635,17,0.566773484458937,17,0.03737610489510692,17,0.9411764705882353,17,0.03737610489510692,17,0.03737610489510692,17
4,test,double_right,change_shape_color,change_shape_color -> double_right,synthetic_pair_on_id_atomic_input,image_block_02,17,0.12632720554713792,17,0.00811713051998633,17,28.188086202129984,17,28.110035112271067,17,0.0,17,0.2816084011835818,17,0.03724619798785238,17,11.856840418432062,17,12.871722310463914,17,0.0,17,0.0,17,0.0,17,0.0,17,0.0,17,1.0,17,1.0,17,0.0802973524160506,17,0.059493783406878394,17,0.09325763249836193,17,0.09944216803884864,17,0.07948379176505986,17,0.06438930711239206,17,1.0,17,0.0,17,1.0,17,17,0.12632720554713792,0.00811713051998633,17,0.2816084011835818,0.03724619798785238,11,1.0,0,,48.586290714888776,17,0.5415957598125293,17,0.056235423035158084,17,0.35294117647058826,17,0.056235423035158084,17,0.056235423035158084,17
4,test,double_right,change_shape_color,change_shape_color -> double_right,synthetic_pair_on_id_atomic_input,image_block_03,17,0.1329651670484513,17,0.009083188177843357,17,32.90797765258963,17,32.809458377706186,17,0.0,17,0.2462343828798373,17,0.029193276708292186,17,16.790499284267472,17,17.8692217013839,17,0.0,17,0.0,17,0.0,17,0.0,17,0.0,17,1.0,17,1.0,17,0.0959280298422752,17,0.07136514089214423,17,0.1115321019717639,17,0.11699807752823004,17,0.09723886443514664,17,0.07767419866658481,17,1.0,17,0.0,17,1.0,17,17,0.1329651670484513,0.009083188177843357,17,0.2462343828798373,0.029193276708292186,11,1.0,0,,48.84316276134747,17,0.48795671974635274,17,0.0773562907484965,17,0.0,17,0.0773562907484965,17,0.0773562907484965,17
4,test,double_right,change_shape_color,change_shape_color -> double_right,synthetic_pair_on_id_atomic_input,image_block_04,17,0.13007410001092665,17,0.008766770396022335,17,37.66141222715859,17,37.51165932644524,17,0.0,17,0.2644557396209618,17,0.03361291141825966,17,17.325531527679864,17,18.553009228993332,17,0.0,17,0.0,17,0.0,17,0.0,17,0.0,17,1.0,17,1.0,17,0.10086591026932,17,0.07293998735733469,17,0.11314506261336892,17,0.11947454787022842,17,0.1029963840940965,17,0.08070313491215589,17,1.0,17,0.0,17,1.0,17,17,0.13007410001092665,0.008766770396022335,17,0.2644557396209618,0.03361291141825966,11,1.0,0,,52.97335845229703,17,0.446898446950924,17,0.08181843492090599,17,0.0,17,0.08181843492090599,17,0.08181843492090599,17
4,test,double_right,change_shape_color,change_shape_color -> double_right,synthetic_pair_on_id_atomic_input,image_block_05,17,0.1428068387900201,17,0.01051523812110187,17,40.36272837057135,17,39.96033244810576,17,0.0,17,0.29706651124488337,17,0.04369599243729872,17,18.11540461895958,17,19.47603489070248,17,0.0,17,0.0,17,0.0,17,0.0,17,0.0,17,1.0,17,1.0,17,0.11172011094522723,17,0.08067349104588752,17,0.12793735988512184,17,0.1359153056089565,17,0.1167149530009108,17,0.0931273568396632,17,1.0,17,0.0,17,1.0,17,17,0.1428068387900201,0.01051523812110187,17,0.29706651124488337,0.04369599243729872,11,1.0,0,,63.4085099190005,17,0.5486403719269589,17,0.09289787585511189,17,0.0,17,0.09289787585511189,17,0.09289787585511189,17
4,test,double_right,change_shape_color,change_shape_color -> double_right,synthetic_pair_on_id_atomic_input,image_block_06,17,0.16074708906312024,17,0.012944610199967843,17,42.958657095935486,17,42.31415125776049,17,0.0,17,0.33118722726663874,17,0.0562883590943947,17,19.422753554373944,17,21.179652060683924,17,0.0,17,0.0,17,0.0,17,0.0,17,0.0,17,1.0,17,1.0,17,0.1280462050812392,17,0.08834704274658864,17,0.14482220741530213,17,0.15408343955053705,17,0.13088213488683556,17,0.10936374186477855,17,1.0,17,0.0,17,1.0,17,17,0.16074708906312024,0.012944610199967843,17,0.33118722726663874,0.0562883590943947,11,1.0,0,,61.23919447738482,17,0.6409498791076735,17,0.10700993325543609,17,0.0,17,0.10700993325543609,17,0.10700993325543609,17
4,test,double_right,change_shape_color,change_shape_color -> double_right,synthetic_pair_on_id_atomic_input,image_final_norm,17,0.18567380396739377,17,0.016745985321239637,17,6.274642316794064,17,6.184231616616554,17,0.0,17,0.354166691499564,17,0.0563857843394467,17,2.987146483873629,17,3.453711970061448,17,0.0,17,0.0,17,0.0,17,0.0,17,0.0,17,1.0,17,1.0,17,0.13748787730323353,17,0.08997817510047153,17,0.1538339279785857,17,0.1632101876719223,17,0.13920191729576922,17,0.11631191424087331,17,1.0,17,0.0,17,1.0,17,17,0.18567380396739377,0.016745985321239637,17,0.354166691499564,0.0563857843394467,11,1.0,0,,20.234168844453798,17,0.796827291169108,17,0.11831584480959434,17,0.0,17,0.11831584480959434,17,0.11831584480959434,17
4,test,double_right,crop_contours,crop_contours -> double_right,synthetic_pair_on_id_atomic_input,image_input_tokens,8,1.2152473097486682,8,0.2828541670401837,8,0.8207368200239626,8,0.2791800884804167,8,0.0,8,0.6683532044899645,8,0.18600469376044734,8,0.5851296245376489,8,0.7967428701124326,8,0.0,8,0.0,8,0.0,8,0.0,8,0.0,8,0.0,8,0.0,8,0.04700667452537714,8,0.025657847171087135,8,0.04912928512163356,8,0.047792038126529865,8,0.0315612822531533,8,0.0448274011542316,8,0.0,8,0.0,8,0.0,8,8,1.2152473097486682,0.2828541670401837,8,0.6683532044899645,0.18600469376044734,0,,0,,,,,,,,,,,,,
4,test,double_right,crop_contours,crop_contours -> double_right,synthetic_pair_on_id_atomic_input,image_block_01,8,0.8019581540023706,8,0.20025324671345304,8,20.249635632780937,8,11.831637893903233,8,0.0,8,0.5254588858210567,8,0.12810398763681596,8,20.0175039584582,8,17.347375575534812,8,0.0,8,0.0,8,0.0,8,0.0,8,0.0,8,0.0,8,0.0,8,0.04254910753369574,8,0.08875084590499115,8,0.1100141375261794,8,0.10495177499009811,8,0.05172704801124456,8,0.1023456186750829,8,0.0,8,0.0,8,0.0,8,8,0.8019581540023706,0.20025324671345304,8,0.5254588858210567,0.12810398763681596,0,,0,,,,,,,,,,,,,
4,test,double_right,crop_contours,crop_contours -> double_right,synthetic_pair_on_id_atomic_input,image_block_02,8,0.8127752084976967,8,0.24138201385284214,8,33.83597239078752,8,21.006535531845156,8,0.0,8,0.5576325832376237,8,0.1441214268772335,8,31.770148989789494,8,27.237264140286122,8,0.0,8,0.0,8,0.0,8,0.0,8,0.0,8,0.0,8,0.0,8,0.08095417577504285,8,0.15385503492044839,8,0.1780496294041271,8,0.17881850196288995,8,0.10824183760784759,8,0.1722463205601326,8,0.0,8,0.0,8,0.0,8,8,0.8127752084976967,0.24138201385284214,8,0.5576325832376237,0.1441214268772335,0,,0,,,,,,,,,,,,,
4,test,double_right,crop_contours,crop_contours -> double_right,synthetic_pair_on_id_atomic_input,image_block_03,8,0.8652020083403626,8,0.28931673297700145,8,39.40106796349848,8,24.977391266311276,8,0.0,8,0.5942462759987669,8,0.16215327858771755,8,38.159604541688424,8,31.81659421039348,8,0.0,8,0.0,8,0.0,8,0.0,8,0.0,8,0.0,8,0.0,8,0.09122506659315113,8,0.17605026493815007,8,0.19587374609793934,8,0.2108277096028413,8,0.12274061318210348,8,0.2086288359502934,8,0.0,8,0.0,8,0.0,8,8,0.8652020083403626,0.28931673297700145,8,0.5942462759987669,0.16215327858771755,0,,0,,,,,,,,,,,,,
4,test,double_right,crop_contours,crop_contours -> double_right,synthetic_pair_on_id_atomic_input,image_block_04,8,0.8909822761723705,8,0.27807211615389976,8,45.539400163240515,8,26.46475793056974,8,0.0,8,0.6167775567439041,8,0.1838564908058281,8,38.98098270400169,8,34.419419581706265,8,0.0,8,0.0,8,0.0,8,0.0,8,0.0,8,0.0,8,0.0,8,0.0950757467398436,8,0.16682487339001495,8,0.19543526821038382,8,0.2115946711652658,8,0.12478035982501047,8,0.21269072306061604,8,0.0,8,0.0,8,0.0,8,8,0.8909822761723705,0.27807211615389976,8,0.6167775567439041,0.1838564908058281,0,,0,,,,,,,,,,,,,
4,test,double_right,crop_contours,crop_contours -> double_right,synthetic_pair_on_id_atomic_input,image_block_05,8,0.9279287649871371,8,0.316155763125032,8,47.95341135686613,8,28.231322556619777,8,0.0,8,0.6657208739890692,8,0.21341027590515316,8,42.813381152602496,8,36.982617392043146,8,0.0,8,0.0,8,0.0,8,0.0,8,0.0,8,0.0,8,0.0,8,0.10541755124372418,8,0.16678703510457243,8,0.20234285807423907,8,0.23481840551508035,8,0.13680945458609498,8,0.23834256579609805,8,0.0,8,0.0,8,0.0,8,8,0.9279287649871371,0.316155763125032,8,0.6657208739890692,0.21341027590515316,0,,0,,,,,,,,,,,,,
4,test,double_right,crop_contours,crop_contours -> double_right,synthetic_pair_on_id_atomic_input,image_block_06,8,0.9710659306819472,8,0.3426218313682189,8,50.20773176174173,8,28.38798772796568,8,0.0,8,0.6841905930930197,8,0.22929039714802602,8,44.08696014353407,8,39.615452731697644,8,0.0,8,0.0,8,0.0,8,0.0,8,0.0,8,0.0,8,0.0,8,0.11159984736801465,8,0.1738908668782779,8,0.21307969078211242,8,0.25461759040804166,8,0.15564813677194717,8,0.25608331257322314,8,0.0,8,0.0,8,0.0,8,8,0.9710659306819472,0.3426218313682189,8,0.6841905930930197,0.22929039714802602,0,,0,,,,,,,,,,,,,
4,test,double_right,crop_contours,crop_contours -> double_right,synthetic_pair_on_id_atomic_input,image_final_norm,8,1.0037538153164176,8,0.36947606343166906,8,7.327553263582835,8,4.083337523696605,8,0.0,8,0.6890992872515695,8,0.23657341325730363,8,6.420203339690066,8,6.171834095255113,8,0.0,8,0.0,8,0.0,8,0.0,8,0.0,8,0.0,8,0.0,8,0.12302230212443788,8,0.16836107982416007,8,0.2146216963399986,8,0.2616725310523465,8,0.158090661208861,8,0.26289111956073313,8,0.0,8,0.0,8,0.0,8,8,1.0037538153164176,0.36947606343166906,8,0.6890992872515695,0.23657341325730363,0,,0,,,,,,,,,,,,,
4,test_ood,crop_contours,double_right,double_right -> crop_contours,recorded_ood_composition,image_input_tokens,61,0.65129572592856,61,0.15911324566543317,61,0.481664800608276,61,0.6865323958435774,61,0.0,61,1.031619979842743,61,0.21165884837353305,61,0.8151802775892771,61,0.3261657635151752,61,0.0,61,0.0,61,0.0,61,0.0,61,0.0,61,0.0,61,0.0,61,0.02310645674281793,61,0.050093040040330904,61,0.057051904452791784,61,0.04749050731829643,61,0.05277952189710137,61,0.031453890425662316,61,0.0,61,0.0,61,0.0,61,61,0.65129572592856,0.15911324566543317,61,1.031619979842743,0.21165884837353305,100,0.12019165270030499,61,0.12573785569946297,,,,,,,,,,,,
4,test_ood,crop_contours,double_right,double_right -> crop_contours,recorded_ood_composition,image_block_01,61,0.4951124482021144,61,0.11987685506245102,61,16.372942985889637,61,15.350214768435652,61,0.0,61,0.7474026279361222,61,0.15319810658480584,61,21.2080908445047,61,12.297274112529399,61,0.0,61,0.0,61,0.0,61,0.0,61,0.0,61,0.0,61,0.0,61,0.08493940301573297,61,0.04620788424616328,61,0.12351967611312789,61,0.09976846870330669,61,0.12326929748502574,61,0.047787159452004964,61,0.0,61,0.0,61,0.0,61,61,0.4951124482021144,0.11987685506245102,61,0.7474026279361222,0.15319810658480584,100,0.12019165270030499,61,0.12573785569946297,,,,,,,,,,,,
4,test_ood,crop_contours,double_right,double_right -> crop_contours,recorded_ood_composition,image_block_02,61,0.570152222910252,61,0.16474651310543734,61,26.082825124947785,61,24.547776529367393,61,0.0,61,0.7656210808410107,61,0.17675967243410326,61,35.79600352075753,61,21.111391865351848,61,0.0,61,0.0,61,0.0,61,0.0,61,0.0,61,0.0,61,0.0,61,0.14270472614490853,61,0.08007496141484767,61,0.183798168031211,61,0.15679012885898824,61,0.17943204409143243,61,0.09209256558961136,61,0.0,61,0.0,61,0.0,61,61,0.570152222910252,0.16474651310543734,61,0.7656210808410107,0.17675967243410326,100,0.12019165270030499,61,0.12573785569946297,,,,,,,,,,,,
4,test_ood,crop_contours,double_right,double_right -> crop_contours,recorded_ood_composition,image_block_03,61,0.586445345191161,61,0.1720335470425274,61,31.665868649962956,61,28.92859960289668,61,0.0,61,0.7993432923175526,61,0.19520554255658212,61,42.06548332817945,61,24.43186691950436,61,0.0,61,0.0,61,0.0,61,0.0,61,0.0,61,0.0,61,0.0,61,0.16227157075887272,61,0.09452980612528608,61,0.2176750206505939,61,0.17683949145089517,61,0.2189151370545143,61,0.10394534111886257,61,0.0,61,0.0,61,0.0,61,61,0.586445345191161,0.1720335470425274,61,0.7993432923175526,0.19520554255658212,100,0.12019165270030499,61,0.12573785569946297,,,,,,,,,,,,
4,test_ood,crop_contours,double_right,double_right -> crop_contours,recorded_ood_composition,image_block_04,61,0.6159895311994862,61,0.19129457620150112,61,33.09380135009001,61,31.53886304142171,61,0.0,61,0.8321528193128157,61,0.2012145828051034,61,48.57473596155647,61,26.87903441816811,61,0.0,61,0.0,61,0.0,61,0.0,61,0.0,61,0.0,61,0.0,61,0.1508266783604944,61,0.09968274079782048,61,0.21583356134253315,61,0.170422879284553,61,0.2182180555570512,61,0.10812859063549743,61,0.0,61,0.0,61,0.0,61,61,0.6159895311994862,0.19129457620150112,61,0.8321528193128157,0.2012145828051034,100,0.12019165270030499,61,0.12573785569946297,,,,,,,,,,,,
4,test_ood,crop_contours,double_right,double_right -> crop_contours,recorded_ood_composition,image_block_05,61,0.6856513449741299,61,0.23231534254937322,61,37.37031050332323,61,34.15466819530317,61,0.0,61,0.8803233667710427,61,0.25434959769708043,61,51.20852934594141,61,28.944840733579795,61,0.0,61,0.0,61,0.0,61,0.0,61,0.0,61,0.0,61,0.0,61,0.15389839028197272,61,0.11767868838109599,61,0.2528110904040965,61,0.1814983357310599,61,0.25925360599766445,61,0.1209784674875553,61,0.0,61,0.0,61,0.0,61,61,0.6856513449741299,0.23231534254937322,61,0.8803233667710427,0.25434959769708043,100,0.12019165270030499,61,0.12573785569946297,,,,,,,,,,,,
4,test_ood,crop_contours,double_right,double_right -> crop_contours,recorded_ood_composition,image_block_06,61,0.7148259288934175,61,0.25510592859580083,61,38.76616836241919,61,37.456608552698114,61,0.0,61,0.9388127615495262,61,0.2885257352177822,61,54.51878230141399,61,29.371040849268482,61,0.0,61,0.0,61,0.0,61,0.0,61,0.0,61,0.0,61,0.0,61,0.15705644275281427,61,0.13131734403447778,61,0.2844489034905632,61,0.19169072754157346,61,0.2888390675830298,61,0.13643488477788046,61,0.0,61,0.0,61,0.0,61,61,0.7148259288934175,0.25510592859580083,61,0.9388127615495262,0.2885257352177822,100,0.12019165270030499,61,0.12573785569946297,,,,,,,,,,,,
4,test_ood,crop_contours,double_right,double_right -> crop_contours,recorded_ood_composition,image_final_norm,61,0.7224531190006284,61,0.2607045949178964,61,5.669161145906826,61,5.812355647393191,61,0.0,61,0.9743935027992835,61,0.31985258787298065,61,7.922223561100905,61,4.217324270324674,61,0.0,61,0.0,61,0.0,61,0.0,61,0.0,61,0.0,61,0.0,61,0.15506385522891605,61,0.13911851181393883,61,0.2938305186795505,61,0.19619378629962614,61,0.29591806610628135,61,0.13975723820067762,61,0.0,61,0.0,61,0.0,61,61,0.7224531190006284,0.2607045949178964,61,0.9743935027992835,0.31985258787298065,100,0.12019165270030499,61,0.12573785569946297,,,,,,,,,,,,
