split,layer,samples,equivariance_defect_mean,foreground_equivariance_defect_mean,identity_channel_defect_mean,no_spatial_permutation_defect_mean,c4_channel_closure_error
val,image_input_tokens,112,0.385479464740477,0.7588246056306589,0.6076856071129334,0.32876934554054543,1.154309952527993
val,image_block_01,112,0.685835685530311,0.7812344271849847,0.9013180436744695,0.6399969543622781,1.0910145826996502
val,image_block_02,112,0.6475675966390548,0.7813697691022935,0.8645338897452601,0.7115592111807009,1.0979216381370651
val,image_block_03,112,0.6105448658545761,0.8394567689995384,0.8065426269198709,0.653066776795691,1.0918746112377988
val,image_block_04,112,0.6801223767603002,0.8698307177767338,0.8906274064818064,0.6814629613440675,1.0884002892153706
val,image_block_05,112,0.749491307485303,0.961734456221808,0.9547780045451199,0.7921712817047922,1.1340775702728625
val,image_block_06,112,0.7732687515927693,1.0268946543757242,0.9613458354298692,0.8122706902722253,1.1300538764533747
val,image_final_norm,112,0.7589250273937206,0.9910820580211734,0.9460848892204959,0.8229200584149875,1.1183012138810997
test,image_input_tokens,112,0.38899779847707483,0.7586121511256226,0.6106633308383972,0.3433041860205502,1.154309952527993
test,image_block_01,112,0.6961384342763807,0.780653991572568,0.9095288221546083,0.6516092074198199,1.0910145826996502
test,image_block_02,112,0.6600503175313761,0.7863013154126112,0.8705248744333517,0.7214906110336489,1.0979216381370651
test,image_block_03,112,0.6223855886584767,0.8408384262916958,0.8143053106196957,0.6676513617326089,1.0918746112377988
test,image_block_04,112,0.687760497691791,0.8764928509370055,0.8979199050908766,0.6988741368573423,1.0884002892153706
test,image_block_05,112,0.7606061512451728,0.9679634523235817,0.9667156213342599,0.8118209519011073,1.1340775702728625
test,image_block_06,112,0.7792566303274836,1.0326397591872536,0.9663179388667914,0.8254347528395868,1.1300538764533747
test,image_final_norm,112,0.766038287000258,0.9923063889642586,0.9509577771445107,0.8346340434912872,1.1183012138810997
