split,layer,identity,operator_closure_error,data_closure_defect_mean,equivariance_defect_mean,foreground_equivariance_defect_mean
val,image_input_tokens,R^4=I,1.154309952527993,0.1816508939142559,0.385479464740477,0.7588246056306589
val,image_block_01,R^4=I,1.0910145826996502,0.17621995635324403,0.685835685530311,0.7812344271849847
val,image_block_02,R^4=I,1.0979216381370651,0.26757531210202545,0.6475675966390548,0.7813697691022935
val,image_block_03,R^4=I,1.0918746112377988,0.26820012828845,0.6105448658545761,0.8394567689995384
val,image_block_04,R^4=I,1.0884002892153706,0.3241024126142663,0.6801223767603002,0.8698307177767338
val,image_block_05,R^4=I,1.1340775702728625,0.4305228329653419,0.749491307485303,0.961734456221808
val,image_block_06,R^4=I,1.1300538764533747,0.46134106590795465,0.7732687515927693,1.0268946543757242
val,image_final_norm,R^4=I,1.1183012138810997,0.465180925880075,0.7589250273937206,0.9910820580211734
val,image_input_tokens,M^2=I,0.015391734112577082,0.006890899522448689,0.35662540793772685,0.7402333719287129
val,image_block_01,M^2=I,0.47239483067386584,0.04532546746797868,0.48342189514620293,0.6894883652822072
val,image_block_02,M^2=I,0.5731178569089888,0.07476683353784097,0.4870996680302707,0.7091577760365991
val,image_block_03,M^2=I,0.6211468270641586,0.09053592411247369,0.45795411578738815,0.7792433676264147
val,image_block_04,M^2=I,0.6702083623781522,0.11602119332045946,0.4884490749347968,0.7971138631842073
val,image_block_05,M^2=I,0.7406126984867862,0.214429750945115,0.5936661003933678,0.8787924782580223
val,image_block_06,M^2=I,0.7643715064213972,0.23133544499330247,0.6170852829372132,0.9524837497813902
val,image_final_norm,M^2=I,0.7415026131199777,0.22651769015718237,0.6184236632313567,0.9137593924864055
test,image_input_tokens,R^4=I,1.154309952527993,0.18225204375313434,0.38899779847707483,0.7586121511256226
test,image_block_01,R^4=I,1.0910145826996502,0.18101784422246167,0.6961384342763807,0.780653991572568
test,image_block_02,R^4=I,1.0979216381370651,0.2745963387150378,0.6600503175313761,0.7863013154126112
test,image_block_03,R^4=I,1.0918746112377988,0.27572697806368246,0.6223855886584767,0.8408384262916958
test,image_block_04,R^4=I,1.0884002892153706,0.33203300425728255,0.687760497691791,0.8764928509370055
test,image_block_05,R^4=I,1.1340775702728625,0.4382216295233312,0.7606061512451728,0.9679634523235817
test,image_block_06,R^4=I,1.1300538764533747,0.4673510899676336,0.7792566303274836,1.0326397591872536
test,image_final_norm,R^4=I,1.1183012138810997,0.47082882577227714,0.766038287000258,0.9923063889642586
test,image_input_tokens,M^2=I,0.015391734112577082,0.007083881867944705,0.35616422664688235,0.7232704013878013
test,image_block_01,M^2=I,0.47239483067386584,0.04609211446496496,0.48250430444638426,0.6600719193223775
test,image_block_02,M^2=I,0.5731178569089888,0.07647495867011624,0.49519846263452383,0.6970239303670611
test,image_block_03,M^2=I,0.6211468270641586,0.09274681091211232,0.46753622311407356,0.7727073382691209
test,image_block_04,M^2=I,0.6702083623781522,0.1200462377821441,0.4952067206052351,0.8006237237461423
test,image_block_05,M^2=I,0.7406126984867862,0.21578389306248852,0.5973162990602603,0.8833408787611284
test,image_block_06,M^2=I,0.7643715064213972,0.23387965748764925,0.6156106069585073,0.9607615063561831
test,image_final_norm,M^2=I,0.7415026131199777,0.22944077790789041,0.6175952424417138,0.9162022034196449
