checkpoint_path,checkpoint_sha256,git_commit,experiment_id,split,f,g,program,function_ordering,oracle_valid_count,model_sample_count,sample_count,layer,seed,global_step,probe_fit_sample_count,g_probe_fit_sample_count,ridge,pool_grid,pca_settings,source_kind,id_atomic_error,g_id_atomic_error,atomic_baseline_split,context_error,composition_error,matched_atomic_error,identity_error,zero_error,only_g_error,only_f_error,shuffled_operator_error,transfer_gap,g_context_error,g_transfer_gap,commutator_data_defect,commuting_samples,reverse_valid_samples,effective_source_rank,latent_dimension,underidentified,probe_train_error,upper_bound_label,upper_bound_fit_samples,A_exact_accuracy,A_cross_entropy,A_nll,A_confidence,A_entropy,A_brier,A_example_ece,A_object_accuracy,A_ece,B_exact_accuracy,B_cross_entropy,B_nll,B_confidence,B_entropy,B_brier,B_example_ece,B_object_accuracy,B_ece,C_first_exact_accuracy,C_first_cross_entropy,C_first_nll,C_first_confidence,C_first_entropy,C_first_brier,C_first_example_ece,C_first_object_accuracy,C_first_ece,C_exact_accuracy,C_cross_entropy,C_nll,C_confidence,C_entropy,C_brier,C_example_ece,C_object_accuracy,C_ece,D_exact_accuracy,D_cross_entropy,D_nll,D_confidence,D_entropy,D_brier,D_example_ece,D_object_accuracy,D_ece
/home/ubuntu/cogitao-research/checkpoints/cogitao_vit_cross_attention/cogitao_c1_experiment_1_vit6_function_mlp_cross_attention/run_000/milestone_025pct.ckpt,c9b3a5bc4ad4906076a368f18e0a44f94677af172f0cf07220224165b0995543,dfec9cbb2afe6616194c1fb41430c0c5d2bc4208,1,val_ood,rot90,translate_up,translate_up -> rot90,"pair (f,g): fgx=f(g(x)); task-token order [g,f] means g -> f",1,1,1,image_input_tokens,42,19500,2,2,0.01,2,"{""fixed_ranks"": [1], ""variance_thresholds"": [0.9, 0.95]}",recorded_ood,0.11966568458884513,0.05475137548175498,val,0.06049833883638113,0.059898797284960045,0.05693990850448827,0.05487965897551534,1.0,0.05612632654335864,0.06313341181830959,0.04873422193119632,-0.059167345752464004,0.05616964879569607,0.001418273313941086,0.04764126995160454,1,1,1,512,True,8.147041589013384e-07,CHEATING; fit on first half of this split; score second half only,0,0.0,0.09519103914499283,38.076416015625,0.9548256993293762,0.09350037574768066,0.061840131878852844,0.01817411743104458,0.15384615898132326,0.018174118548631667,0.0,0.09596072882413864,38.38429260253906,0.9542469382286072,0.093917116522789,0.06317035853862762,0.0281651820987463,0.29629629135131835,0.028165183067321777,0.0,0.0646333172917366,25.853328704833984,0.9594212174415588,0.07993805408477783,0.04238606244325638,0.017665913328528404,0.5,0.01766591250896454,0.0,0.11177834868431091,44.711341857910156,0.9601476788520813,0.08293157070875168,0.07700859010219574,0.038682784885168076,0.21428571701049803,0.038682780712842944,0.0,0.40353360772132874,161.4134521484375,0.9672061204910278,0.0724475085735321,0.13423088192939758,0.06262495368719101,0.05555555820465088,0.06262495577335357
/home/ubuntu/cogitao-research/checkpoints/cogitao_vit_cross_attention/cogitao_c1_experiment_1_vit6_function_mlp_cross_attention/run_000/milestone_025pct.ckpt,c9b3a5bc4ad4906076a368f18e0a44f94677af172f0cf07220224165b0995543,dfec9cbb2afe6616194c1fb41430c0c5d2bc4208,1,val_ood,rot90,translate_up,translate_up -> rot90,"pair (f,g): fgx=f(g(x)); task-token order [g,f] means g -> f",1,1,1,image_block_01,42,19500,2,2,0.01,2,"{""fixed_ranks"": [1], ""variance_thresholds"": [0.9, 0.95]}",recorded_ood,1.112105825972096,0.8730189867317943,val,0.7629265002305918,0.7398101136669282,0.7149718586201317,0.6268124431556196,1.0,0.6193403105974455,0.7602254720679081,0.6218268754777511,-0.3491793257415041,0.61093967043356,-0.26207931629823433,0.5664919676401877,1,1,1,512,True,1.0181925009716317e-05,CHEATING; fit on first half of this split; score second half only,0,0.0,0.09519103914499283,38.076416015625,0.9548256993293762,0.09350037574768066,0.061840131878852844,0.01817411743104458,0.15384615898132326,0.018174118548631667,0.0,0.09596072882413864,38.38429260253906,0.9542469382286072,0.093917116522789,0.06317035853862762,0.0281651820987463,0.29629629135131835,0.028165183067321777,0.0,0.0646333172917366,25.853328704833984,0.9594212174415588,0.07993805408477783,0.04238606244325638,0.017665913328528404,0.5,0.01766591250896454,0.0,0.11177834868431091,44.711341857910156,0.9601476788520813,0.08293157070875168,0.07700859010219574,0.038682784885168076,0.21428571701049803,0.038682780712842944,0.0,0.40353360772132874,161.4134521484375,0.9672061204910278,0.0724475085735321,0.13423088192939758,0.06262495368719101,0.05555555820465088,0.06262495577335357
/home/ubuntu/cogitao-research/checkpoints/cogitao_vit_cross_attention/cogitao_c1_experiment_1_vit6_function_mlp_cross_attention/run_000/milestone_025pct.ckpt,c9b3a5bc4ad4906076a368f18e0a44f94677af172f0cf07220224165b0995543,dfec9cbb2afe6616194c1fb41430c0c5d2bc4208,1,val_ood,rot90,translate_up,translate_up -> rot90,"pair (f,g): fgx=f(g(x)); task-token order [g,f] means g -> f",1,1,1,image_block_02,42,19500,2,2,0.01,2,"{""fixed_ranks"": [1], ""variance_thresholds"": [0.9, 0.95]}",recorded_ood,1.2313680866220582,0.9135789565625346,val,0.8603804202018058,0.8770212589981949,0.8113115914632419,0.7199253338072127,1.0,0.8489455241755304,0.8580819239442965,0.8636240671051905,-0.3709876664202524,0.8468822198199919,-0.06669673674254273,0.7762974212145098,1,1,1,512,True,1.0991584226466877e-05,CHEATING; fit on first half of this split; score second half only,0,0.0,0.09519103914499283,38.076416015625,0.9548256993293762,0.09350037574768066,0.061840131878852844,0.01817411743104458,0.15384615898132326,0.018174118548631667,0.0,0.09596072882413864,38.38429260253906,0.9542469382286072,0.093917116522789,0.06317035853862762,0.0281651820987463,0.29629629135131835,0.028165183067321777,0.0,0.0646333172917366,25.853328704833984,0.9594212174415588,0.07993805408477783,0.04238606244325638,0.017665913328528404,0.5,0.01766591250896454,0.0,0.11177834868431091,44.711341857910156,0.9601476788520813,0.08293157070875168,0.07700859010219574,0.038682784885168076,0.21428571701049803,0.038682780712842944,0.0,0.40353360772132874,161.4134521484375,0.9672061204910278,0.0724475085735321,0.13423088192939758,0.06262495368719101,0.05555555820465088,0.06262495577335357
/home/ubuntu/cogitao-research/checkpoints/cogitao_vit_cross_attention/cogitao_c1_experiment_1_vit6_function_mlp_cross_attention/run_000/milestone_025pct.ckpt,c9b3a5bc4ad4906076a368f18e0a44f94677af172f0cf07220224165b0995543,dfec9cbb2afe6616194c1fb41430c0c5d2bc4208,1,val_ood,rot90,translate_up,translate_up -> rot90,"pair (f,g): fgx=f(g(x)); task-token order [g,f] means g -> f",1,1,1,image_block_03,42,19500,2,2,0.01,2,"{""fixed_ranks"": [1], ""variance_thresholds"": [0.9, 0.95]}",recorded_ood,1.2077057286777684,0.9310194047649447,val,0.8896823387610954,0.9149490995674828,0.8525104227173322,0.7992342739824675,1.0,1.0227519082777832,0.8880759708139311,1.0367894179468744,-0.318023389916673,1.0228573828728487,0.09183797810790395,0.7661274281405137,1,1,1,512,True,1.1248987429276753e-05,CHEATING; fit on first half of this split; score second half only,0,0.0,0.09519103914499283,38.076416015625,0.9548256993293762,0.09350037574768066,0.061840131878852844,0.01817411743104458,0.15384615898132326,0.018174118548631667,0.0,0.09596072882413864,38.38429260253906,0.9542469382286072,0.093917116522789,0.06317035853862762,0.0281651820987463,0.29629629135131835,0.028165183067321777,0.0,0.0646333172917366,25.853328704833984,0.9594212174415588,0.07993805408477783,0.04238606244325638,0.017665913328528404,0.5,0.01766591250896454,0.0,0.11177834868431091,44.711341857910156,0.9601476788520813,0.08293157070875168,0.07700859010219574,0.038682784885168076,0.21428571701049803,0.038682780712842944,0.0,0.40353360772132874,161.4134521484375,0.9672061204910278,0.0724475085735321,0.13423088192939758,0.06262495368719101,0.05555555820465088,0.06262495577335357
/home/ubuntu/cogitao-research/checkpoints/cogitao_vit_cross_attention/cogitao_c1_experiment_1_vit6_function_mlp_cross_attention/run_000/milestone_025pct.ckpt,c9b3a5bc4ad4906076a368f18e0a44f94677af172f0cf07220224165b0995543,dfec9cbb2afe6616194c1fb41430c0c5d2bc4208,1,val_ood,rot90,translate_up,translate_up -> rot90,"pair (f,g): fgx=f(g(x)); task-token order [g,f] means g -> f",1,1,1,image_block_04,42,19500,2,2,0.01,2,"{""fixed_ranks"": [1], ""variance_thresholds"": [0.9, 0.95]}",recorded_ood,1.1722437448509866,0.9370258923575664,val,0.8994857641923161,0.9352457218114286,0.8664379955490767,0.8581363008091588,1.0,1.0426612870027432,0.8991940919173836,1.0622610705609719,-0.2727579806586705,1.0421998151511782,0.10517392279361182,0.7482249333821666,1,1,1,512,True,1.1401401778425913e-05,CHEATING; fit on first half of this split; score second half only,0,0.0,0.09519103914499283,38.076416015625,0.9548256993293762,0.09350037574768066,0.061840131878852844,0.01817411743104458,0.15384615898132326,0.018174118548631667,0.0,0.09596072882413864,38.38429260253906,0.9542469382286072,0.093917116522789,0.06317035853862762,0.0281651820987463,0.29629629135131835,0.028165183067321777,0.0,0.0646333172917366,25.853328704833984,0.9594212174415588,0.07993805408477783,0.04238606244325638,0.017665913328528404,0.5,0.01766591250896454,0.0,0.11177834868431091,44.711341857910156,0.9601476788520813,0.08293157070875168,0.07700859010219574,0.038682784885168076,0.21428571701049803,0.038682780712842944,0.0,0.40353360772132874,161.4134521484375,0.9672061204910278,0.0724475085735321,0.13423088192939758,0.06262495368719101,0.05555555820465088,0.06262495577335357
/home/ubuntu/cogitao-research/checkpoints/cogitao_vit_cross_attention/cogitao_c1_experiment_1_vit6_function_mlp_cross_attention/run_000/milestone_025pct.ckpt,c9b3a5bc4ad4906076a368f18e0a44f94677af172f0cf07220224165b0995543,dfec9cbb2afe6616194c1fb41430c0c5d2bc4208,1,val_ood,rot90,translate_up,translate_up -> rot90,"pair (f,g): fgx=f(g(x)); task-token order [g,f] means g -> f",1,1,1,image_block_05,42,19500,2,2,0.01,2,"{""fixed_ranks"": [1], ""variance_thresholds"": [0.9, 0.95]}",recorded_ood,1.170951091867771,0.9390296291560958,val,0.8878863841930307,0.9376671739247636,0.8609184676032314,0.8360964234745786,1.0,1.0898893313769669,0.8890696051602842,1.1120599173957832,-0.28306470767474035,1.0895724100932258,0.15054278093713003,0.79478407821379,1,1,1,512,True,1.128405668542442e-05,CHEATING; fit on first half of this split; score second half only,0,0.0,0.09519103914499283,38.076416015625,0.9548256993293762,0.09350037574768066,0.061840131878852844,0.01817411743104458,0.15384615898132326,0.018174118548631667,0.0,0.09596072882413864,38.38429260253906,0.9542469382286072,0.093917116522789,0.06317035853862762,0.0281651820987463,0.29629629135131835,0.028165183067321777,0.0,0.0646333172917366,25.853328704833984,0.9594212174415588,0.07993805408477783,0.04238606244325638,0.017665913328528404,0.5,0.01766591250896454,0.0,0.11177834868431091,44.711341857910156,0.9601476788520813,0.08293157070875168,0.07700859010219574,0.038682784885168076,0.21428571701049803,0.038682780712842944,0.0,0.40353360772132874,161.4134521484375,0.9672061204910278,0.0724475085735321,0.13423088192939758,0.06262495368719101,0.05555555820465088,0.06262495577335357
/home/ubuntu/cogitao-research/checkpoints/cogitao_vit_cross_attention/cogitao_c1_experiment_1_vit6_function_mlp_cross_attention/run_000/milestone_025pct.ckpt,c9b3a5bc4ad4906076a368f18e0a44f94677af172f0cf07220224165b0995543,dfec9cbb2afe6616194c1fb41430c0c5d2bc4208,1,val_ood,rot90,translate_up,translate_up -> rot90,"pair (f,g): fgx=f(g(x)); task-token order [g,f] means g -> f",1,1,1,image_block_06,42,19500,2,2,0.01,2,"{""fixed_ranks"": [1], ""variance_thresholds"": [0.9, 0.95]}",recorded_ood,1.1681559326971267,0.935023387941738,val,0.8923740882077291,0.9553741151867832,0.8688841494785581,0.8846548739945219,1.0,1.1422850197529573,0.8930433171447671,1.1538355091067998,-0.2757818444893976,1.142154131124041,0.20713074318230307,0.7953011780956173,1,1,1,512,True,1.1366460904795543e-05,CHEATING; fit on first half of this split; score second half only,0,0.0,0.09519103914499283,38.076416015625,0.9548256993293762,0.09350037574768066,0.061840131878852844,0.01817411743104458,0.15384615898132326,0.018174118548631667,0.0,0.09596072882413864,38.38429260253906,0.9542469382286072,0.093917116522789,0.06317035853862762,0.0281651820987463,0.29629629135131835,0.028165183067321777,0.0,0.0646333172917366,25.853328704833984,0.9594212174415588,0.07993805408477783,0.04238606244325638,0.017665913328528404,0.5,0.01766591250896454,0.0,0.11177834868431091,44.711341857910156,0.9601476788520813,0.08293157070875168,0.07700859010219574,0.038682784885168076,0.21428571701049803,0.038682780712842944,0.0,0.40353360772132874,161.4134521484375,0.9672061204910278,0.0724475085735321,0.13423088192939758,0.06262495368719101,0.05555555820465088,0.06262495577335357
/home/ubuntu/cogitao-research/checkpoints/cogitao_vit_cross_attention/cogitao_c1_experiment_1_vit6_function_mlp_cross_attention/run_000/milestone_025pct.ckpt,c9b3a5bc4ad4906076a368f18e0a44f94677af172f0cf07220224165b0995543,dfec9cbb2afe6616194c1fb41430c0c5d2bc4208,1,val_ood,rot90,translate_up,translate_up -> rot90,"pair (f,g): fgx=f(g(x)); task-token order [g,f] means g -> f",1,1,1,image_final_norm,42,19500,2,2,0.01,2,"{""fixed_ranks"": [1], ""variance_thresholds"": [0.9, 0.95]}",recorded_ood,1.1723051804792406,0.924176583166259,val,0.9086004724271941,0.9803853434443213,0.8823995877982252,0.9132183612991455,1.0,1.146045512178047,0.9094511273521,1.1591330126619612,-0.2637047080520465,1.1458550500534572,0.22167846688719828,0.7683037857372004,1,1,1,512,True,1.132402431630926e-05,CHEATING; fit on first half of this split; score second half only,0,0.0,0.09519103914499283,38.076416015625,0.9548256993293762,0.09350037574768066,0.061840131878852844,0.01817411743104458,0.15384615898132326,0.018174118548631667,0.0,0.09596072882413864,38.38429260253906,0.9542469382286072,0.093917116522789,0.06317035853862762,0.0281651820987463,0.29629629135131835,0.028165183067321777,0.0,0.0646333172917366,25.853328704833984,0.9594212174415588,0.07993805408477783,0.04238606244325638,0.017665913328528404,0.5,0.01766591250896454,0.0,0.11177834868431091,44.711341857910156,0.9601476788520813,0.08293157070875168,0.07700859010219574,0.038682784885168076,0.21428571701049803,0.038682780712842944,0.0,0.40353360772132874,161.4134521484375,0.9672061204910278,0.0724475085735321,0.13423088192939758,0.06262495368719101,0.05555555820465088,0.06262495577335357
/home/ubuntu/cogitao-research/checkpoints/cogitao_vit_cross_attention/cogitao_c1_experiment_1_vit6_function_mlp_cross_attention/run_000/last.ckpt,c6578b6a655d823b9e27296aaf186e6b5b97bad640fb400cc5f2abaa6f308e6d,dfec9cbb2afe6616194c1fb41430c0c5d2bc4208,1,val_ood,rot90,translate_up,translate_up -> rot90,"pair (f,g): fgx=f(g(x)); task-token order [g,f] means g -> f",1,1,1,image_input_tokens,42,78000,2,2,0.01,2,"{""fixed_ranks"": [1], ""variance_thresholds"": [0.9, 0.95]}",recorded_ood,0.1114467225504786,0.0482887400015095,val,0.05145248806449944,0.05081303437971301,0.04649072528860702,0.0491378462779645,1.0,0.049938425708266246,0.055049015528161084,0.037617083529689295,-0.05999423448597917,0.04952721713569856,0.0012384771341890644,0.04593004332015014,1,1,1,512,True,7.286400160383512e-07,CHEATING; fit on first half of this split; score second half only,0,0.0,0.005253013223409653,2.101205348968506,0.9964767098426819,0.013475117273628712,0.0023079565726220608,0.003991860896348953,0.95,0.003991860896348953,1.0,0.008833068422973156,3.5332274436950684,0.9925254583358765,0.024085277691483498,0.0033564961049705744,0.007474490441381931,1.0,0.0074744907021522524,1.0,0.00045003689592704177,0.18001475930213928,0.9995536804199219,0.0025383871980011463,1.421027809556108e-05,0.000446319580078125,1.0,0.000446319580078125,1.0,0.008833068422973156,3.5332274436950684,0.9925254583358765,0.024085277691483498,0.0033564961049705744,0.007474490441381931,1.0,0.0074744907021522524,0.0,1.447569489479065,579.02783203125,0.995895504951477,0.012357776053249836,0.1991412192583084,0.10256120562553406,0.023255813121795654,0.10256120502948761
/home/ubuntu/cogitao-research/checkpoints/cogitao_vit_cross_attention/cogitao_c1_experiment_1_vit6_function_mlp_cross_attention/run_000/last.ckpt,c6578b6a655d823b9e27296aaf186e6b5b97bad640fb400cc5f2abaa6f308e6d,dfec9cbb2afe6616194c1fb41430c0c5d2bc4208,1,val_ood,rot90,translate_up,translate_up -> rot90,"pair (f,g): fgx=f(g(x)); task-token order [g,f] means g -> f",1,1,1,image_block_01,42,78000,2,2,0.01,2,"{""fixed_ranks"": [1], ""variance_thresholds"": [0.9, 0.95]}",recorded_ood,0.6815616371496289,0.4407297908091858,val,0.36205332772801974,0.3615826908906437,0.29907979716179584,0.2363714287850347,1.0,0.2185968374136121,0.36791217315064784,0.20433921405309316,-0.3195083094216092,0.20614238210146638,-0.2345874087077194,0.4473123540343199,1,1,1,512,True,4.2242346241011065e-06,CHEATING; fit on first half of this split; score second half only,0,0.0,0.005253013223409653,2.101205348968506,0.9964767098426819,0.013475117273628712,0.0023079565726220608,0.003991860896348953,0.95,0.003991860896348953,1.0,0.008833068422973156,3.5332274436950684,0.9925254583358765,0.024085277691483498,0.0033564961049705744,0.007474490441381931,1.0,0.0074744907021522524,1.0,0.00045003689592704177,0.18001475930213928,0.9995536804199219,0.0025383871980011463,1.421027809556108e-05,0.000446319580078125,1.0,0.000446319580078125,1.0,0.008833068422973156,3.5332274436950684,0.9925254583358765,0.024085277691483498,0.0033564961049705744,0.007474490441381931,1.0,0.0074744907021522524,0.0,1.447569489479065,579.02783203125,0.995895504951477,0.012357776053249836,0.1991412192583084,0.10256120562553406,0.023255813121795654,0.10256120502948761
/home/ubuntu/cogitao-research/checkpoints/cogitao_vit_cross_attention/cogitao_c1_experiment_1_vit6_function_mlp_cross_attention/run_000/last.ckpt,c6578b6a655d823b9e27296aaf186e6b5b97bad640fb400cc5f2abaa6f308e6d,dfec9cbb2afe6616194c1fb41430c0c5d2bc4208,1,val_ood,rot90,translate_up,translate_up -> rot90,"pair (f,g): fgx=f(g(x)); task-token order [g,f] means g -> f",1,1,1,image_block_02,42,78000,2,2,0.01,2,"{""fixed_ranks"": [1], ""variance_thresholds"": [0.9, 0.95]}",recorded_ood,0.7092617533474102,0.40449096341288726,val,0.38863163049523686,0.39053732853576706,0.3267278645664449,0.30267605387961455,1.0,0.26280466226060006,0.3888275474664133,0.26041317852365026,-0.3206301228521733,0.25944437868561343,-0.14504658472727383,0.43538797265485235,1,1,1,512,True,5.049160529290178e-06,CHEATING; fit on first half of this split; score second half only,0,0.0,0.005253013223409653,2.101205348968506,0.9964767098426819,0.013475117273628712,0.0023079565726220608,0.003991860896348953,0.95,0.003991860896348953,1.0,0.008833068422973156,3.5332274436950684,0.9925254583358765,0.024085277691483498,0.0033564961049705744,0.007474490441381931,1.0,0.0074744907021522524,1.0,0.00045003689592704177,0.18001475930213928,0.9995536804199219,0.0025383871980011463,1.421027809556108e-05,0.000446319580078125,1.0,0.000446319580078125,1.0,0.008833068422973156,3.5332274436950684,0.9925254583358765,0.024085277691483498,0.0033564961049705744,0.007474490441381931,1.0,0.0074744907021522524,0.0,1.447569489479065,579.02783203125,0.995895504951477,0.012357776053249836,0.1991412192583084,0.10256120562553406,0.023255813121795654,0.10256120502948761
/home/ubuntu/cogitao-research/checkpoints/cogitao_vit_cross_attention/cogitao_c1_experiment_1_vit6_function_mlp_cross_attention/run_000/last.ckpt,c6578b6a655d823b9e27296aaf186e6b5b97bad640fb400cc5f2abaa6f308e6d,dfec9cbb2afe6616194c1fb41430c0c5d2bc4208,1,val_ood,rot90,translate_up,translate_up -> rot90,"pair (f,g): fgx=f(g(x)); task-token order [g,f] means g -> f",1,1,1,image_block_03,42,78000,2,2,0.01,2,"{""fixed_ranks"": [1], ""variance_thresholds"": [0.9, 0.95]}",recorded_ood,0.7168230395747457,0.413300062359094,val,0.4506429103222109,0.45629845352684034,0.3610973564801276,0.33851315725329945,1.0,0.2819741279969117,0.45170644183292435,0.2988847727686401,-0.2661801292525348,0.2819334795068297,-0.13136658285226432,0.4296510726165987,1,1,1,512,True,4.350859874955094e-06,CHEATING; fit on first half of this split; score second half only,0,0.0,0.005253013223409653,2.101205348968506,0.9964767098426819,0.013475117273628712,0.0023079565726220608,0.003991860896348953,0.95,0.003991860896348953,1.0,0.008833068422973156,3.5332274436950684,0.9925254583358765,0.024085277691483498,0.0033564961049705744,0.007474490441381931,1.0,0.0074744907021522524,1.0,0.00045003689592704177,0.18001475930213928,0.9995536804199219,0.0025383871980011463,1.421027809556108e-05,0.000446319580078125,1.0,0.000446319580078125,1.0,0.008833068422973156,3.5332274436950684,0.9925254583358765,0.024085277691483498,0.0033564961049705744,0.007474490441381931,1.0,0.0074744907021522524,0.0,1.447569489479065,579.02783203125,0.995895504951477,0.012357776053249836,0.1991412192583084,0.10256120562553406,0.023255813121795654,0.10256120502948761
/home/ubuntu/cogitao-research/checkpoints/cogitao_vit_cross_attention/cogitao_c1_experiment_1_vit6_function_mlp_cross_attention/run_000/last.ckpt,c6578b6a655d823b9e27296aaf186e6b5b97bad640fb400cc5f2abaa6f308e6d,dfec9cbb2afe6616194c1fb41430c0c5d2bc4208,1,val_ood,rot90,translate_up,translate_up -> rot90,"pair (f,g): fgx=f(g(x)); task-token order [g,f] means g -> f",1,1,1,image_block_04,42,78000,2,2,0.01,2,"{""fixed_ranks"": [1], ""variance_thresholds"": [0.9, 0.95]}",recorded_ood,0.7717069176492795,0.41216724225306056,val,0.46246094126231446,0.4645909399477743,0.36420320668021877,0.35316949844787393,1.0,0.2909533581460361,0.4647553999064699,0.29368824119875264,-0.309245976386965,0.2861611537861704,-0.12600608846689015,0.4426993415490348,1,1,1,512,True,4.200270428019674e-06,CHEATING; fit on first half of this split; score second half only,0,0.0,0.005253013223409653,2.101205348968506,0.9964767098426819,0.013475117273628712,0.0023079565726220608,0.003991860896348953,0.95,0.003991860896348953,1.0,0.008833068422973156,3.5332274436950684,0.9925254583358765,0.024085277691483498,0.0033564961049705744,0.007474490441381931,1.0,0.0074744907021522524,1.0,0.00045003689592704177,0.18001475930213928,0.9995536804199219,0.0025383871980011463,1.421027809556108e-05,0.000446319580078125,1.0,0.000446319580078125,1.0,0.008833068422973156,3.5332274436950684,0.9925254583358765,0.024085277691483498,0.0033564961049705744,0.007474490441381931,1.0,0.0074744907021522524,0.0,1.447569489479065,579.02783203125,0.995895504951477,0.012357776053249836,0.1991412192583084,0.10256120562553406,0.023255813121795654,0.10256120502948761
/home/ubuntu/cogitao-research/checkpoints/cogitao_vit_cross_attention/cogitao_c1_experiment_1_vit6_function_mlp_cross_attention/run_000/last.ckpt,c6578b6a655d823b9e27296aaf186e6b5b97bad640fb400cc5f2abaa6f308e6d,dfec9cbb2afe6616194c1fb41430c0c5d2bc4208,1,val_ood,rot90,translate_up,translate_up -> rot90,"pair (f,g): fgx=f(g(x)); task-token order [g,f] means g -> f",1,1,1,image_block_05,42,78000,2,2,0.01,2,"{""fixed_ranks"": [1], ""variance_thresholds"": [0.9, 0.95]}",recorded_ood,0.783394519543582,0.5197021583805409,val,0.6722210528731826,0.691973747657853,0.5202206245692411,0.49945805527700227,1.0,0.6135837118794605,0.6711334088668108,0.6752630562198207,-0.1111734666703994,0.6164071396299002,0.09670498124935933,0.5758362132869028,1,1,1,512,True,5.181694594617383e-06,CHEATING; fit on first half of this split; score second half only,0,0.0,0.005253013223409653,2.101205348968506,0.9964767098426819,0.013475117273628712,0.0023079565726220608,0.003991860896348953,0.95,0.003991860896348953,1.0,0.008833068422973156,3.5332274436950684,0.9925254583358765,0.024085277691483498,0.0033564961049705744,0.007474490441381931,1.0,0.0074744907021522524,1.0,0.00045003689592704177,0.18001475930213928,0.9995536804199219,0.0025383871980011463,1.421027809556108e-05,0.000446319580078125,1.0,0.000446319580078125,1.0,0.008833068422973156,3.5332274436950684,0.9925254583358765,0.024085277691483498,0.0033564961049705744,0.007474490441381931,1.0,0.0074744907021522524,0.0,1.447569489479065,579.02783203125,0.995895504951477,0.012357776053249836,0.1991412192583084,0.10256120562553406,0.023255813121795654,0.10256120502948761
/home/ubuntu/cogitao-research/checkpoints/cogitao_vit_cross_attention/cogitao_c1_experiment_1_vit6_function_mlp_cross_attention/run_000/last.ckpt,c6578b6a655d823b9e27296aaf186e6b5b97bad640fb400cc5f2abaa6f308e6d,dfec9cbb2afe6616194c1fb41430c0c5d2bc4208,1,val_ood,rot90,translate_up,translate_up -> rot90,"pair (f,g): fgx=f(g(x)); task-token order [g,f] means g -> f",1,1,1,image_block_06,42,78000,2,2,0.01,2,"{""fixed_ranks"": [1], ""variance_thresholds"": [0.9, 0.95]}",recorded_ood,0.7954937018089235,0.5541161053930929,val,0.6550361632631928,0.6724738423667241,0.486734522256047,0.5423583220954598,1.0,0.6072943730378003,0.654197189769552,0.6520386409104524,-0.14045753854573073,0.611168628543581,0.057052523150488144,0.5912013103024095,1,1,1,512,True,5.141723538669578e-06,CHEATING; fit on first half of this split; score second half only,0,0.0,0.005253013223409653,2.101205348968506,0.9964767098426819,0.013475117273628712,0.0023079565726220608,0.003991860896348953,0.95,0.003991860896348953,1.0,0.008833068422973156,3.5332274436950684,0.9925254583358765,0.024085277691483498,0.0033564961049705744,0.007474490441381931,1.0,0.0074744907021522524,1.0,0.00045003689592704177,0.18001475930213928,0.9995536804199219,0.0025383871980011463,1.421027809556108e-05,0.000446319580078125,1.0,0.000446319580078125,1.0,0.008833068422973156,3.5332274436950684,0.9925254583358765,0.024085277691483498,0.0033564961049705744,0.007474490441381931,1.0,0.0074744907021522524,0.0,1.447569489479065,579.02783203125,0.995895504951477,0.012357776053249836,0.1991412192583084,0.10256120562553406,0.023255813121795654,0.10256120502948761
/home/ubuntu/cogitao-research/checkpoints/cogitao_vit_cross_attention/cogitao_c1_experiment_1_vit6_function_mlp_cross_attention/run_000/last.ckpt,c6578b6a655d823b9e27296aaf186e6b5b97bad640fb400cc5f2abaa6f308e6d,dfec9cbb2afe6616194c1fb41430c0c5d2bc4208,1,val_ood,rot90,translate_up,translate_up -> rot90,"pair (f,g): fgx=f(g(x)); task-token order [g,f] means g -> f",1,1,1,image_final_norm,42,78000,2,2,0.01,2,"{""fixed_ranks"": [1], ""variance_thresholds"": [0.9, 0.95]}",recorded_ood,0.7794415142813584,0.538647055862427,val,0.6602118015627361,0.6757164982883557,0.4795700179788805,0.5554586746378697,1.0,0.6007658571506601,0.6584589360741524,0.6485093885680167,-0.11922971271862237,0.6048690060428085,0.06622195018038146,0.570815855005975,1,1,1,512,True,5.1281170571086316e-06,CHEATING; fit on first half of this split; score second half only,0,0.0,0.005253013223409653,2.101205348968506,0.9964767098426819,0.013475117273628712,0.0023079565726220608,0.003991860896348953,0.95,0.003991860896348953,1.0,0.008833068422973156,3.5332274436950684,0.9925254583358765,0.024085277691483498,0.0033564961049705744,0.007474490441381931,1.0,0.0074744907021522524,1.0,0.00045003689592704177,0.18001475930213928,0.9995536804199219,0.0025383871980011463,1.421027809556108e-05,0.000446319580078125,1.0,0.000446319580078125,1.0,0.008833068422973156,3.5332274436950684,0.9925254583358765,0.024085277691483498,0.0033564961049705744,0.007474490441381931,1.0,0.0074744907021522524,0.0,1.447569489479065,579.02783203125,0.995895504951477,0.012357776053249836,0.1991412192583084,0.10256120562553406,0.023255813121795654,0.10256120502948761
