experiment,composition,metric,val_id,val_ood,test_id,test_ood
all,all_compositions,samples,2764,4100,2764,4100
all,all_compositions,grid_accuracy_pct,87.33719247467438,0.0,86.90303907380608,0.0
all,all_compositions,per_pixel_accuracy_pct,99.8754522431259,91.90396341463415,99.8768994211288,91.92884146341463
all,all_compositions,object_per_pixel_accuracy_pct,98.66655637576163,29.815662026700632,98.56493926206778,30.023452516622477
all,all_compositions,cross_entropy_loss,0.0040832039602711045,0.7934511055992871,0.004306254718699869,0.791678140723996
all,change_shape_color -> change_shape_color,samples,111,0,111,0
all,change_shape_color -> change_shape_color,grid_accuracy_pct,100.0,,96.3963963963964,
all,change_shape_color -> change_shape_color,per_pixel_accuracy_pct,100.0,,99.98873873873873,
all,change_shape_color -> change_shape_color,object_per_pixel_accuracy_pct,100.0,,99.78904246209979,
all,change_shape_color -> change_shape_color,cross_entropy_loss,6.989841997076362e-05,,0.0003627098683698334,
all,change_shape_color -> double_right,samples,11,0,11,0
all,change_shape_color -> double_right,grid_accuracy_pct,90.9090909090909,,100.0,
all,change_shape_color -> double_right,per_pixel_accuracy_pct,99.95454545454545,,100.0,
all,change_shape_color -> double_right,object_per_pixel_accuracy_pct,99.27272742444819,,100.0,
all,change_shape_color -> double_right,cross_entropy_loss,0.0013015858475013044,,0.0003085128957702016,
all,change_shape_color -> fill_holes_different_color,samples,100,0,100,0
all,change_shape_color -> fill_holes_different_color,grid_accuracy_pct,100.0,,99.0,
all,change_shape_color -> fill_holes_different_color,per_pixel_accuracy_pct,100.0,,99.9975,
all,change_shape_color -> fill_holes_different_color,object_per_pixel_accuracy_pct,100.0,,99.97560977935791,
all,change_shape_color -> fill_holes_different_color,cross_entropy_loss,5.296849047322212e-05,,0.00013573386912576097,
all,change_shape_color -> pad_right,samples,100,0,100,0
all,change_shape_color -> pad_right,grid_accuracy_pct,93.0,,94.0,
all,change_shape_color -> pad_right,per_pixel_accuracy_pct,99.9325,,99.965,
all,change_shape_color -> pad_right,object_per_pixel_accuracy_pct,99.47682017087936,,99.75879859924316,
all,change_shape_color -> pad_right,cross_entropy_loss,0.0023545801626232788,,0.002035496322540712,
all,crop_bottom_side -> crop_bottom_side,samples,111,0,111,0
all,crop_bottom_side -> crop_bottom_side,grid_accuracy_pct,96.3963963963964,,97.29729729729729,
all,crop_bottom_side -> crop_bottom_side,per_pixel_accuracy_pct,99.96396396396396,,99.98423423423424,
all,crop_bottom_side -> crop_bottom_side,object_per_pixel_accuracy_pct,99.23316170503428,,99.15849918180758,
all,crop_bottom_side -> crop_bottom_side,cross_entropy_loss,0.0018995126372962007,,0.0003965917248151609,
all,crop_bottom_side -> rot90,samples,111,0,111,0
all,crop_bottom_side -> rot90,grid_accuracy_pct,91.89189189189189,,81.98198198198199,
all,crop_bottom_side -> rot90,per_pixel_accuracy_pct,99.9572072072072,,99.89414414414415,
all,crop_bottom_side -> rot90,object_per_pixel_accuracy_pct,99.25330496049142,,98.44530922872526,
all,crop_bottom_side -> rot90,cross_entropy_loss,0.001502309721905509,,0.0030420272014004884,
all,crop_contours -> change_shape_color,samples,11,0,11,0
all,crop_contours -> change_shape_color,grid_accuracy_pct,100.0,,81.81818181818181,
all,crop_contours -> change_shape_color,per_pixel_accuracy_pct,100.0,,99.88636363636364,
all,crop_contours -> change_shape_color,object_per_pixel_accuracy_pct,100.0,,97.6584022695368,
all,crop_contours -> change_shape_color,cross_entropy_loss,3.05882189125193e-05,,0.00492526515439584,
all,crop_contours -> crop_contours,samples,11,0,11,0
all,crop_contours -> crop_contours,grid_accuracy_pct,100.0,,100.0,
all,crop_contours -> crop_contours,per_pixel_accuracy_pct,100.0,,100.0,
all,crop_contours -> crop_contours,object_per_pixel_accuracy_pct,100.0,,100.0,
all,crop_contours -> crop_contours,cross_entropy_loss,7.021574753128913e-07,,1.0689984851937467e-06,
all,double_right -> change_shape_color,samples,11,0,11,0
all,double_right -> change_shape_color,grid_accuracy_pct,100.0,,90.9090909090909,
all,double_right -> change_shape_color,per_pixel_accuracy_pct,100.0,,99.77272727272727,
all,double_right -> change_shape_color,object_per_pixel_accuracy_pct,100.0,,99.10873445597562,
all,double_right -> change_shape_color,cross_entropy_loss,0.00015537082789457847,,0.004270982630613699,
all,double_right -> crop_contours,samples,0,100,0,100
all,double_right -> crop_contours,grid_accuracy_pct,,0.0,,0.0
all,double_right -> crop_contours,per_pixel_accuracy_pct,,90.1625,,89.9875
all,double_right -> crop_contours,object_per_pixel_accuracy_pct,,11.294364845380187,,12.030063264071941
all,double_right -> crop_contours,cross_entropy_loss,,1.246310081100464,,1.2691154693603515
all,double_right -> double_right,samples,11,0,11,0
all,double_right -> double_right,grid_accuracy_pct,100.0,,100.0,
all,double_right -> double_right,per_pixel_accuracy_pct,100.0,,100.0,
all,double_right -> double_right,object_per_pixel_accuracy_pct,100.0,,100.0,
all,double_right -> double_right,cross_entropy_loss,0.0001198184533661168,,1.2895639334932308e-05,
all,extend_contours_same_color -> extend_contours_same_color,samples,111,0,111,0
all,extend_contours_same_color -> extend_contours_same_color,grid_accuracy_pct,88.28828828828829,,90.09009009009009,
all,extend_contours_same_color -> extend_contours_same_color,per_pixel_accuracy_pct,99.93468468468468,,99.95495495495496,
all,extend_contours_same_color -> extend_contours_same_color,object_per_pixel_accuracy_pct,99.65365346487577,,99.75043535232544,
all,extend_contours_same_color -> extend_contours_same_color,cross_entropy_loss,0.0027521370965297213,,0.001548178995029187,
all,extend_contours_same_color -> mirror_vertical,samples,111,0,111,0
all,extend_contours_same_color -> mirror_vertical,grid_accuracy_pct,90.990990990991,,94.5945945945946,
all,extend_contours_same_color -> mirror_vertical,per_pixel_accuracy_pct,99.95495495495496,,99.84684684684684,
all,extend_contours_same_color -> mirror_vertical,object_per_pixel_accuracy_pct,99.74657850222545,,98.93995922830727,
all,extend_contours_same_color -> mirror_vertical,cross_entropy_loss,0.0008763975567211395,,0.011370054526375932,
all,extend_contours_same_color -> pad_left,samples,111,0,111,0
all,extend_contours_same_color -> pad_left,grid_accuracy_pct,91.89189189189189,,95.49549549549549,
all,extend_contours_same_color -> pad_left,per_pixel_accuracy_pct,99.93018018018019,,99.97297297297297,
all,extend_contours_same_color -> pad_left,object_per_pixel_accuracy_pct,99.63439004915254,,99.84712235562436,
all,extend_contours_same_color -> pad_left,cross_entropy_loss,0.0023217030847956415,,0.0010119114026989943,
all,fill_holes_different_color -> change_shape_color,samples,100,0,100,0
all,fill_holes_different_color -> change_shape_color,grid_accuracy_pct,100.0,,100.0,
all,fill_holes_different_color -> change_shape_color,per_pixel_accuracy_pct,100.0,,100.0,
all,fill_holes_different_color -> change_shape_color,object_per_pixel_accuracy_pct,100.0,,100.0,
all,fill_holes_different_color -> change_shape_color,cross_entropy_loss,0.00012012763769455432,,3.8353084218715596e-05,
all,fill_holes_different_color -> fill_holes_different_color,samples,100,0,100,0
all,fill_holes_different_color -> fill_holes_different_color,grid_accuracy_pct,98.0,,100.0,
all,fill_holes_different_color -> fill_holes_different_color,per_pixel_accuracy_pct,99.995,,100.0,
all,fill_holes_different_color -> fill_holes_different_color,object_per_pixel_accuracy_pct,99.95831525325775,,100.0,
all,fill_holes_different_color -> fill_holes_different_color,cross_entropy_loss,0.00011507241574155956,,6.274646280506886e-05,
all,mirror_horizontal -> mirror_horizontal,samples,111,0,111,0
all,mirror_horizontal -> mirror_horizontal,grid_accuracy_pct,89.1891891891892,,83.78378378378379,
all,mirror_horizontal -> mirror_horizontal,per_pixel_accuracy_pct,99.88738738738739,,99.91666666666667,
all,mirror_horizontal -> mirror_horizontal,object_per_pixel_accuracy_pct,98.71018034917815,,98.74174691535332,
all,mirror_horizontal -> mirror_horizontal,cross_entropy_loss,0.0032228322400198097,,0.002739942654804943,
all,mirror_horizontal -> rot90,samples,111,0,111,0
all,mirror_horizontal -> rot90,grid_accuracy_pct,57.65765765765766,,47.747747747747745,
all,mirror_horizontal -> rot90,per_pixel_accuracy_pct,99.51351351351352,,99.47297297297297,
all,mirror_horizontal -> rot90,object_per_pixel_accuracy_pct,94.47131006567328,,92.82494735073399,
all,mirror_horizontal -> rot90,cross_entropy_loss,0.014319454904143313,,0.016702344516178944,
all,mirror_vertical -> mirror_vertical,samples,111,0,111,0
all,mirror_vertical -> mirror_vertical,grid_accuracy_pct,97.29729729729729,,97.29729729729729,
all,mirror_vertical -> mirror_vertical,per_pixel_accuracy_pct,99.98423423423424,,99.990990990991,
all,mirror_vertical -> mirror_vertical,object_per_pixel_accuracy_pct,99.71221841133392,,99.8240548211175,
all,mirror_vertical -> mirror_vertical,cross_entropy_loss,0.00033459102068222776,,0.0003622147568685332,
all,mirror_vertical -> pad_left,samples,111,0,111,0
all,mirror_vertical -> pad_left,grid_accuracy_pct,95.49549549549549,,95.49549549549549,
all,mirror_vertical -> pad_left,per_pixel_accuracy_pct,99.9481981981982,,99.92342342342343,
all,mirror_vertical -> pad_left,object_per_pixel_accuracy_pct,99.4988257283563,,99.48388241432808,
all,mirror_vertical -> pad_left,cross_entropy_loss,0.001861101187467874,,0.0060807828446618134,
all,pad_left -> extend_contours_same_color,samples,0,1000,0,1000
all,pad_left -> extend_contours_same_color,grid_accuracy_pct,,0.0,,0.0
all,pad_left -> extend_contours_same_color,per_pixel_accuracy_pct,,92.5815,,92.416
all,pad_left -> extend_contours_same_color,object_per_pixel_accuracy_pct,,63.119058141112326,,63.224473828077315
all,pad_left -> extend_contours_same_color,cross_entropy_loss,,0.553958979473114,,0.5687483807754516
all,pad_left -> pad_left,samples,111,0,111,0
all,pad_left -> pad_left,grid_accuracy_pct,95.49549549549549,,97.29729729729729,
all,pad_left -> pad_left,per_pixel_accuracy_pct,99.9572072072072,,99.9572072072072,
all,pad_left -> pad_left,object_per_pixel_accuracy_pct,99.51418724145975,,99.71789970054283,
all,pad_left -> pad_left,cross_entropy_loss,0.0016912419374847075,,0.002663385866075882,
all,pad_right -> change_shape_color,samples,0,1000,0,1000
all,pad_right -> change_shape_color,grid_accuracy_pct,,0.0,,0.0
all,pad_right -> change_shape_color,per_pixel_accuracy_pct,,90.4135,,90.6
all,pad_right -> change_shape_color,object_per_pixel_accuracy_pct,,11.435923763271422,,11.342448491789401
all,pad_right -> change_shape_color,cross_entropy_loss,,0.9355921670913696,,0.9074172705459594
all,pad_right -> fill_holes_different_color,samples,100,0,100,0
all,pad_right -> fill_holes_different_color,grid_accuracy_pct,100.0,,99.0,
all,pad_right -> fill_holes_different_color,per_pixel_accuracy_pct,100.0,,99.995,
all,pad_right -> fill_holes_different_color,object_per_pixel_accuracy_pct,100.0,,99.97402596473694,
all,pad_right -> fill_holes_different_color,cross_entropy_loss,5.078017888190516e-05,,0.00026285009782477575,
all,pad_right -> pad_right,samples,100,0,100,0
all,pad_right -> pad_right,grid_accuracy_pct,93.0,,96.0,
all,pad_right -> pad_right,per_pixel_accuracy_pct,99.9575,,99.9725,
all,pad_right -> pad_right,object_per_pixel_accuracy_pct,99.71202963590622,,99.85336548089981,
all,pad_right -> pad_right,cross_entropy_loss,0.001459595049924792,,0.0005894569223006329,
all,pad_top -> crop_bottom_side,samples,111,0,111,0
all,pad_top -> crop_bottom_side,grid_accuracy_pct,95.49549549549549,,100.0,
all,pad_top -> crop_bottom_side,per_pixel_accuracy_pct,99.97072072072072,,100.0,
all,pad_top -> crop_bottom_side,object_per_pixel_accuracy_pct,99.65254911431322,,100.0,
all,pad_top -> crop_bottom_side,cross_entropy_loss,0.0010198077493017385,,8.539446879326165e-05,
all,pad_top -> pad_top,samples,111,0,111,0
all,pad_top -> pad_top,grid_accuracy_pct,78.37837837837837,,83.78378378378379,
all,pad_top -> pad_top,per_pixel_accuracy_pct,99.87387387387388,,99.89864864864865,
all,pad_top -> pad_top,object_per_pixel_accuracy_pct,99.20424652529192,,99.31991680248363,
all,pad_top -> pad_top,cross_entropy_loss,0.004112736781244166,,0.0025154020268782586,
all,rot90 -> crop_bottom_side,samples,0,1000,0,1000
all,rot90 -> crop_bottom_side,grid_accuracy_pct,,0.0,,0.0
all,rot90 -> crop_bottom_side,per_pixel_accuracy_pct,,93.06375,,93.03475
all,rot90 -> crop_bottom_side,object_per_pixel_accuracy_pct,,28.854328593425453,,28.893851939961316
all,rot90 -> crop_bottom_side,cross_entropy_loss,,0.5621890700817108,,0.5723845271873474
all,rot90 -> mirror_horizontal,samples,111,0,111,0
all,rot90 -> mirror_horizontal,grid_accuracy_pct,54.95495495495496,,52.252252252252255,
all,rot90 -> mirror_horizontal,per_pixel_accuracy_pct,99.39189189189189,,99.33558558558559,
all,rot90 -> mirror_horizontal,object_per_pixel_accuracy_pct,93.44638279966406,,91.71238705381617,
all,rot90 -> mirror_horizontal,cross_entropy_loss,0.01742782974871597,,0.018720242573894343,
all,rot90 -> pad_top,samples,111,0,111,0
all,rot90 -> pad_top,grid_accuracy_pct,74.77477477477477,,81.08108108108108,
all,rot90 -> pad_top,per_pixel_accuracy_pct,99.78378378378379,,99.88063063063063,
all,rot90 -> pad_top,object_per_pixel_accuracy_pct,98.06333484950366,,98.97045439428037,
all,rot90 -> pad_top,cross_entropy_loss,0.007716836628074357,,0.0037783095781779995,
all,rot90 -> rot90,samples,222,0,222,0
all,rot90 -> rot90,grid_accuracy_pct,65.31531531531532,,59.909909909909906,
all,rot90 -> rot90,per_pixel_accuracy_pct,99.58333333333333,,99.64414414414415,
all,rot90 -> rot90,object_per_pixel_accuracy_pct,95.18656435313525,,95.97673421507483,
all,rot90 -> rot90,cross_entropy_loss,0.014865004611836919,,0.011328995941733139,
all,translate_up -> mirror_horizontal,samples,111,0,111,0
all,translate_up -> mirror_horizontal,grid_accuracy_pct,86.48648648648648,,81.98198198198199,
all,translate_up -> mirror_horizontal,per_pixel_accuracy_pct,99.90315315315316,,99.79729729729729,
all,translate_up -> mirror_horizontal,object_per_pixel_accuracy_pct,99.05368052087388,,97.55750164255366,
all,translate_up -> mirror_horizontal,cross_entropy_loss,0.0025854996108525506,,0.006922670475610134,
all,translate_up -> rot90,samples,0,1000,0,1000
all,translate_up -> rot90,grid_accuracy_pct,,0.0,,0.0
all,translate_up -> rot90,per_pixel_accuracy_pct,,91.73125,,91.85875
all,translate_up -> rot90,object_per_pixel_accuracy_pct,,17.70546732712537,,18.432374731916934
all,translate_up -> rot90,cross_entropy_loss,,1.0767783082008362,,1.07041865152359
all,translate_up -> translate_up,samples,111,0,111,0
all,translate_up -> translate_up,grid_accuracy_pct,84.68468468468468,,90.990990990991,
all,translate_up -> translate_up,per_pixel_accuracy_pct,99.88513513513513,,99.92792792792793,
all,translate_up -> translate_up,object_per_pixel_accuracy_pct,98.41531128496737,,98.94421621485873,
all,translate_up -> translate_up,cross_entropy_loss,0.004330646686244395,,0.002511181465632215,
1,all_compositions,samples,666,1000,666,1000
1,all_compositions,grid_accuracy_pct,72.07207207207207,0.0,69.66966966966967,0.0
1,all_compositions,per_pixel_accuracy_pct,99.6858108108108,91.73125,99.67642642642643,91.85875
1,all_compositions,object_per_pixel_accuracy_pct,96.38370254018285,17.70546732712537,95.91672767300506,18.432374731916934
1,all_compositions,cross_entropy_loss,0.009500039559043598,1.0767783082008362,0.009917429153153422,1.07041865152359
1,change_shape_color -> change_shape_color,samples,0,0,0,0
1,change_shape_color -> change_shape_color,grid_accuracy_pct,,,,
1,change_shape_color -> change_shape_color,per_pixel_accuracy_pct,,,,
1,change_shape_color -> change_shape_color,object_per_pixel_accuracy_pct,,,,
1,change_shape_color -> change_shape_color,cross_entropy_loss,,,,
1,change_shape_color -> double_right,samples,0,0,0,0
1,change_shape_color -> double_right,grid_accuracy_pct,,,,
1,change_shape_color -> double_right,per_pixel_accuracy_pct,,,,
1,change_shape_color -> double_right,object_per_pixel_accuracy_pct,,,,
1,change_shape_color -> double_right,cross_entropy_loss,,,,
1,change_shape_color -> fill_holes_different_color,samples,0,0,0,0
1,change_shape_color -> fill_holes_different_color,grid_accuracy_pct,,,,
1,change_shape_color -> fill_holes_different_color,per_pixel_accuracy_pct,,,,
1,change_shape_color -> fill_holes_different_color,object_per_pixel_accuracy_pct,,,,
1,change_shape_color -> fill_holes_different_color,cross_entropy_loss,,,,
1,change_shape_color -> pad_right,samples,0,0,0,0
1,change_shape_color -> pad_right,grid_accuracy_pct,,,,
1,change_shape_color -> pad_right,per_pixel_accuracy_pct,,,,
1,change_shape_color -> pad_right,object_per_pixel_accuracy_pct,,,,
1,change_shape_color -> pad_right,cross_entropy_loss,,,,
1,crop_bottom_side -> crop_bottom_side,samples,0,0,0,0
1,crop_bottom_side -> crop_bottom_side,grid_accuracy_pct,,,,
1,crop_bottom_side -> crop_bottom_side,per_pixel_accuracy_pct,,,,
1,crop_bottom_side -> crop_bottom_side,object_per_pixel_accuracy_pct,,,,
1,crop_bottom_side -> crop_bottom_side,cross_entropy_loss,,,,
1,crop_bottom_side -> rot90,samples,0,0,0,0
1,crop_bottom_side -> rot90,grid_accuracy_pct,,,,
1,crop_bottom_side -> rot90,per_pixel_accuracy_pct,,,,
1,crop_bottom_side -> rot90,object_per_pixel_accuracy_pct,,,,
1,crop_bottom_side -> rot90,cross_entropy_loss,,,,
1,crop_contours -> change_shape_color,samples,0,0,0,0
1,crop_contours -> change_shape_color,grid_accuracy_pct,,,,
1,crop_contours -> change_shape_color,per_pixel_accuracy_pct,,,,
1,crop_contours -> change_shape_color,object_per_pixel_accuracy_pct,,,,
1,crop_contours -> change_shape_color,cross_entropy_loss,,,,
1,crop_contours -> crop_contours,samples,0,0,0,0
1,crop_contours -> crop_contours,grid_accuracy_pct,,,,
1,crop_contours -> crop_contours,per_pixel_accuracy_pct,,,,
1,crop_contours -> crop_contours,object_per_pixel_accuracy_pct,,,,
1,crop_contours -> crop_contours,cross_entropy_loss,,,,
1,double_right -> change_shape_color,samples,0,0,0,0
1,double_right -> change_shape_color,grid_accuracy_pct,,,,
1,double_right -> change_shape_color,per_pixel_accuracy_pct,,,,
1,double_right -> change_shape_color,object_per_pixel_accuracy_pct,,,,
1,double_right -> change_shape_color,cross_entropy_loss,,,,
1,double_right -> crop_contours,samples,0,0,0,0
1,double_right -> crop_contours,grid_accuracy_pct,,,,
1,double_right -> crop_contours,per_pixel_accuracy_pct,,,,
1,double_right -> crop_contours,object_per_pixel_accuracy_pct,,,,
1,double_right -> crop_contours,cross_entropy_loss,,,,
1,double_right -> double_right,samples,0,0,0,0
1,double_right -> double_right,grid_accuracy_pct,,,,
1,double_right -> double_right,per_pixel_accuracy_pct,,,,
1,double_right -> double_right,object_per_pixel_accuracy_pct,,,,
1,double_right -> double_right,cross_entropy_loss,,,,
1,extend_contours_same_color -> extend_contours_same_color,samples,0,0,0,0
1,extend_contours_same_color -> extend_contours_same_color,grid_accuracy_pct,,,,
1,extend_contours_same_color -> extend_contours_same_color,per_pixel_accuracy_pct,,,,
1,extend_contours_same_color -> extend_contours_same_color,object_per_pixel_accuracy_pct,,,,
1,extend_contours_same_color -> extend_contours_same_color,cross_entropy_loss,,,,
1,extend_contours_same_color -> mirror_vertical,samples,0,0,0,0
1,extend_contours_same_color -> mirror_vertical,grid_accuracy_pct,,,,
1,extend_contours_same_color -> mirror_vertical,per_pixel_accuracy_pct,,,,
1,extend_contours_same_color -> mirror_vertical,object_per_pixel_accuracy_pct,,,,
1,extend_contours_same_color -> mirror_vertical,cross_entropy_loss,,,,
1,extend_contours_same_color -> pad_left,samples,0,0,0,0
1,extend_contours_same_color -> pad_left,grid_accuracy_pct,,,,
1,extend_contours_same_color -> pad_left,per_pixel_accuracy_pct,,,,
1,extend_contours_same_color -> pad_left,object_per_pixel_accuracy_pct,,,,
1,extend_contours_same_color -> pad_left,cross_entropy_loss,,,,
1,fill_holes_different_color -> change_shape_color,samples,0,0,0,0
1,fill_holes_different_color -> change_shape_color,grid_accuracy_pct,,,,
1,fill_holes_different_color -> change_shape_color,per_pixel_accuracy_pct,,,,
1,fill_holes_different_color -> change_shape_color,object_per_pixel_accuracy_pct,,,,
1,fill_holes_different_color -> change_shape_color,cross_entropy_loss,,,,
1,fill_holes_different_color -> fill_holes_different_color,samples,0,0,0,0
1,fill_holes_different_color -> fill_holes_different_color,grid_accuracy_pct,,,,
1,fill_holes_different_color -> fill_holes_different_color,per_pixel_accuracy_pct,,,,
1,fill_holes_different_color -> fill_holes_different_color,object_per_pixel_accuracy_pct,,,,
1,fill_holes_different_color -> fill_holes_different_color,cross_entropy_loss,,,,
1,mirror_horizontal -> mirror_horizontal,samples,111,0,111,0
1,mirror_horizontal -> mirror_horizontal,grid_accuracy_pct,89.1891891891892,,83.78378378378379,
1,mirror_horizontal -> mirror_horizontal,per_pixel_accuracy_pct,99.88738738738739,,99.91666666666667,
1,mirror_horizontal -> mirror_horizontal,object_per_pixel_accuracy_pct,98.71018034917815,,98.74174691535332,
1,mirror_horizontal -> mirror_horizontal,cross_entropy_loss,0.0032228322400198097,,0.002739942654804943,
1,mirror_horizontal -> rot90,samples,111,0,111,0
1,mirror_horizontal -> rot90,grid_accuracy_pct,57.65765765765766,,47.747747747747745,
1,mirror_horizontal -> rot90,per_pixel_accuracy_pct,99.51351351351352,,99.47297297297297,
1,mirror_horizontal -> rot90,object_per_pixel_accuracy_pct,94.47131006567328,,92.82494735073399,
1,mirror_horizontal -> rot90,cross_entropy_loss,0.014319454904143313,,0.016702344516178944,
1,mirror_vertical -> mirror_vertical,samples,0,0,0,0
1,mirror_vertical -> mirror_vertical,grid_accuracy_pct,,,,
1,mirror_vertical -> mirror_vertical,per_pixel_accuracy_pct,,,,
1,mirror_vertical -> mirror_vertical,object_per_pixel_accuracy_pct,,,,
1,mirror_vertical -> mirror_vertical,cross_entropy_loss,,,,
1,mirror_vertical -> pad_left,samples,0,0,0,0
1,mirror_vertical -> pad_left,grid_accuracy_pct,,,,
1,mirror_vertical -> pad_left,per_pixel_accuracy_pct,,,,
1,mirror_vertical -> pad_left,object_per_pixel_accuracy_pct,,,,
1,mirror_vertical -> pad_left,cross_entropy_loss,,,,
1,pad_left -> extend_contours_same_color,samples,0,0,0,0
1,pad_left -> extend_contours_same_color,grid_accuracy_pct,,,,
1,pad_left -> extend_contours_same_color,per_pixel_accuracy_pct,,,,
1,pad_left -> extend_contours_same_color,object_per_pixel_accuracy_pct,,,,
1,pad_left -> extend_contours_same_color,cross_entropy_loss,,,,
1,pad_left -> pad_left,samples,0,0,0,0
1,pad_left -> pad_left,grid_accuracy_pct,,,,
1,pad_left -> pad_left,per_pixel_accuracy_pct,,,,
1,pad_left -> pad_left,object_per_pixel_accuracy_pct,,,,
1,pad_left -> pad_left,cross_entropy_loss,,,,
1,pad_right -> change_shape_color,samples,0,0,0,0
1,pad_right -> change_shape_color,grid_accuracy_pct,,,,
1,pad_right -> change_shape_color,per_pixel_accuracy_pct,,,,
1,pad_right -> change_shape_color,object_per_pixel_accuracy_pct,,,,
1,pad_right -> change_shape_color,cross_entropy_loss,,,,
1,pad_right -> fill_holes_different_color,samples,0,0,0,0
1,pad_right -> fill_holes_different_color,grid_accuracy_pct,,,,
1,pad_right -> fill_holes_different_color,per_pixel_accuracy_pct,,,,
1,pad_right -> fill_holes_different_color,object_per_pixel_accuracy_pct,,,,
1,pad_right -> fill_holes_different_color,cross_entropy_loss,,,,
1,pad_right -> pad_right,samples,0,0,0,0
1,pad_right -> pad_right,grid_accuracy_pct,,,,
1,pad_right -> pad_right,per_pixel_accuracy_pct,,,,
1,pad_right -> pad_right,object_per_pixel_accuracy_pct,,,,
1,pad_right -> pad_right,cross_entropy_loss,,,,
1,pad_top -> crop_bottom_side,samples,0,0,0,0
1,pad_top -> crop_bottom_side,grid_accuracy_pct,,,,
1,pad_top -> crop_bottom_side,per_pixel_accuracy_pct,,,,
1,pad_top -> crop_bottom_side,object_per_pixel_accuracy_pct,,,,
1,pad_top -> crop_bottom_side,cross_entropy_loss,,,,
1,pad_top -> pad_top,samples,0,0,0,0
1,pad_top -> pad_top,grid_accuracy_pct,,,,
1,pad_top -> pad_top,per_pixel_accuracy_pct,,,,
1,pad_top -> pad_top,object_per_pixel_accuracy_pct,,,,
1,pad_top -> pad_top,cross_entropy_loss,,,,
1,rot90 -> crop_bottom_side,samples,0,0,0,0
1,rot90 -> crop_bottom_side,grid_accuracy_pct,,,,
1,rot90 -> crop_bottom_side,per_pixel_accuracy_pct,,,,
1,rot90 -> crop_bottom_side,object_per_pixel_accuracy_pct,,,,
1,rot90 -> crop_bottom_side,cross_entropy_loss,,,,
1,rot90 -> mirror_horizontal,samples,111,0,111,0
1,rot90 -> mirror_horizontal,grid_accuracy_pct,54.95495495495496,,52.252252252252255,
1,rot90 -> mirror_horizontal,per_pixel_accuracy_pct,99.39189189189189,,99.33558558558559,
1,rot90 -> mirror_horizontal,object_per_pixel_accuracy_pct,93.44638279966406,,91.71238705381617,
1,rot90 -> mirror_horizontal,cross_entropy_loss,0.01742782974871597,,0.018720242573894343,
1,rot90 -> pad_top,samples,0,0,0,0
1,rot90 -> pad_top,grid_accuracy_pct,,,,
1,rot90 -> pad_top,per_pixel_accuracy_pct,,,,
1,rot90 -> pad_top,object_per_pixel_accuracy_pct,,,,
1,rot90 -> pad_top,cross_entropy_loss,,,,
1,rot90 -> rot90,samples,111,0,111,0
1,rot90 -> rot90,grid_accuracy_pct,59.45945945945946,,61.26126126126126,
1,rot90 -> rot90,per_pixel_accuracy_pct,99.53378378378379,,99.60810810810811,
1,rot90 -> rot90,object_per_pixel_accuracy_pct,94.20535022074039,,95.71956686071448,
1,rot90 -> rot90,cross_entropy_loss,0.015113974164285553,,0.011908193232799956,
1,translate_up -> mirror_horizontal,samples,111,0,111,0
1,translate_up -> mirror_horizontal,grid_accuracy_pct,86.48648648648648,,81.98198198198199,
1,translate_up -> mirror_horizontal,per_pixel_accuracy_pct,99.90315315315316,,99.79729729729729,
1,translate_up -> mirror_horizontal,object_per_pixel_accuracy_pct,99.05368052087388,,97.55750164255366,
1,translate_up -> mirror_horizontal,cross_entropy_loss,0.0025854996108525506,,0.006922670475610134,
1,translate_up -> rot90,samples,0,1000,0,1000
1,translate_up -> rot90,grid_accuracy_pct,,0.0,,0.0
1,translate_up -> rot90,per_pixel_accuracy_pct,,91.73125,,91.85875
1,translate_up -> rot90,object_per_pixel_accuracy_pct,,17.70546732712537,,18.432374731916934
1,translate_up -> rot90,cross_entropy_loss,,1.0767783082008362,,1.07041865152359
1,translate_up -> translate_up,samples,111,0,111,0
1,translate_up -> translate_up,grid_accuracy_pct,84.68468468468468,,90.990990990991,
1,translate_up -> translate_up,per_pixel_accuracy_pct,99.88513513513513,,99.92792792792793,
1,translate_up -> translate_up,object_per_pixel_accuracy_pct,98.41531128496737,,98.94421621485873,
1,translate_up -> translate_up,cross_entropy_loss,0.004330646686244395,,0.002511181465632215,
2,all_compositions,samples,700,1000,700,1000
2,all_compositions,grid_accuracy_pct,97.71428571428571,0.0,97.71428571428571,0.0
2,all_compositions,per_pixel_accuracy_pct,99.98357142857142,90.4135,99.98821428571429,90.6
2,all_compositions,object_per_pixel_accuracy_pct,99.87816643714905,11.435923763271422,99.90394813673836,11.342448491789401
2,all_compositions,cross_entropy_loss,0.0006025647495385174,0.9355921670913696,0.0005018065025008534,0.9074172705459594
2,change_shape_color -> change_shape_color,samples,100,0,100,0
2,change_shape_color -> change_shape_color,grid_accuracy_pct,100.0,,96.0,
2,change_shape_color -> change_shape_color,per_pixel_accuracy_pct,100.0,,99.9875,
2,change_shape_color -> change_shape_color,object_per_pixel_accuracy_pct,100.0,,99.76583713293076,
2,change_shape_color -> change_shape_color,cross_entropy_loss,6.48293114303101e-05,,0.0003880087586903073,
2,change_shape_color -> double_right,samples,0,0,0,0
2,change_shape_color -> double_right,grid_accuracy_pct,,,,
2,change_shape_color -> double_right,per_pixel_accuracy_pct,,,,
2,change_shape_color -> double_right,object_per_pixel_accuracy_pct,,,,
2,change_shape_color -> double_right,cross_entropy_loss,,,,
2,change_shape_color -> fill_holes_different_color,samples,100,0,100,0
2,change_shape_color -> fill_holes_different_color,grid_accuracy_pct,100.0,,99.0,
2,change_shape_color -> fill_holes_different_color,per_pixel_accuracy_pct,100.0,,99.9975,
2,change_shape_color -> fill_holes_different_color,object_per_pixel_accuracy_pct,100.0,,99.97560977935791,
2,change_shape_color -> fill_holes_different_color,cross_entropy_loss,5.296849047322212e-05,,0.00013573386912576097,
2,change_shape_color -> pad_right,samples,100,0,100,0
2,change_shape_color -> pad_right,grid_accuracy_pct,93.0,,94.0,
2,change_shape_color -> pad_right,per_pixel_accuracy_pct,99.9325,,99.965,
2,change_shape_color -> pad_right,object_per_pixel_accuracy_pct,99.47682017087936,,99.75879859924316,
2,change_shape_color -> pad_right,cross_entropy_loss,0.0023545801626232788,,0.002035496322540712,
2,crop_bottom_side -> crop_bottom_side,samples,0,0,0,0
2,crop_bottom_side -> crop_bottom_side,grid_accuracy_pct,,,,
2,crop_bottom_side -> crop_bottom_side,per_pixel_accuracy_pct,,,,
2,crop_bottom_side -> crop_bottom_side,object_per_pixel_accuracy_pct,,,,
2,crop_bottom_side -> crop_bottom_side,cross_entropy_loss,,,,
2,crop_bottom_side -> rot90,samples,0,0,0,0
2,crop_bottom_side -> rot90,grid_accuracy_pct,,,,
2,crop_bottom_side -> rot90,per_pixel_accuracy_pct,,,,
2,crop_bottom_side -> rot90,object_per_pixel_accuracy_pct,,,,
2,crop_bottom_side -> rot90,cross_entropy_loss,,,,
2,crop_contours -> change_shape_color,samples,0,0,0,0
2,crop_contours -> change_shape_color,grid_accuracy_pct,,,,
2,crop_contours -> change_shape_color,per_pixel_accuracy_pct,,,,
2,crop_contours -> change_shape_color,object_per_pixel_accuracy_pct,,,,
2,crop_contours -> change_shape_color,cross_entropy_loss,,,,
2,crop_contours -> crop_contours,samples,0,0,0,0
2,crop_contours -> crop_contours,grid_accuracy_pct,,,,
2,crop_contours -> crop_contours,per_pixel_accuracy_pct,,,,
2,crop_contours -> crop_contours,object_per_pixel_accuracy_pct,,,,
2,crop_contours -> crop_contours,cross_entropy_loss,,,,
2,double_right -> change_shape_color,samples,0,0,0,0
2,double_right -> change_shape_color,grid_accuracy_pct,,,,
2,double_right -> change_shape_color,per_pixel_accuracy_pct,,,,
2,double_right -> change_shape_color,object_per_pixel_accuracy_pct,,,,
2,double_right -> change_shape_color,cross_entropy_loss,,,,
2,double_right -> crop_contours,samples,0,0,0,0
2,double_right -> crop_contours,grid_accuracy_pct,,,,
2,double_right -> crop_contours,per_pixel_accuracy_pct,,,,
2,double_right -> crop_contours,object_per_pixel_accuracy_pct,,,,
2,double_right -> crop_contours,cross_entropy_loss,,,,
2,double_right -> double_right,samples,0,0,0,0
2,double_right -> double_right,grid_accuracy_pct,,,,
2,double_right -> double_right,per_pixel_accuracy_pct,,,,
2,double_right -> double_right,object_per_pixel_accuracy_pct,,,,
2,double_right -> double_right,cross_entropy_loss,,,,
2,extend_contours_same_color -> extend_contours_same_color,samples,0,0,0,0
2,extend_contours_same_color -> extend_contours_same_color,grid_accuracy_pct,,,,
2,extend_contours_same_color -> extend_contours_same_color,per_pixel_accuracy_pct,,,,
2,extend_contours_same_color -> extend_contours_same_color,object_per_pixel_accuracy_pct,,,,
2,extend_contours_same_color -> extend_contours_same_color,cross_entropy_loss,,,,
2,extend_contours_same_color -> mirror_vertical,samples,0,0,0,0
2,extend_contours_same_color -> mirror_vertical,grid_accuracy_pct,,,,
2,extend_contours_same_color -> mirror_vertical,per_pixel_accuracy_pct,,,,
2,extend_contours_same_color -> mirror_vertical,object_per_pixel_accuracy_pct,,,,
2,extend_contours_same_color -> mirror_vertical,cross_entropy_loss,,,,
2,extend_contours_same_color -> pad_left,samples,0,0,0,0
2,extend_contours_same_color -> pad_left,grid_accuracy_pct,,,,
2,extend_contours_same_color -> pad_left,per_pixel_accuracy_pct,,,,
2,extend_contours_same_color -> pad_left,object_per_pixel_accuracy_pct,,,,
2,extend_contours_same_color -> pad_left,cross_entropy_loss,,,,
2,fill_holes_different_color -> change_shape_color,samples,100,0,100,0
2,fill_holes_different_color -> change_shape_color,grid_accuracy_pct,100.0,,100.0,
2,fill_holes_different_color -> change_shape_color,per_pixel_accuracy_pct,100.0,,100.0,
2,fill_holes_different_color -> change_shape_color,object_per_pixel_accuracy_pct,100.0,,100.0,
2,fill_holes_different_color -> change_shape_color,cross_entropy_loss,0.00012012763769455432,,3.8353084218715596e-05,
2,fill_holes_different_color -> fill_holes_different_color,samples,100,0,100,0
2,fill_holes_different_color -> fill_holes_different_color,grid_accuracy_pct,98.0,,100.0,
2,fill_holes_different_color -> fill_holes_different_color,per_pixel_accuracy_pct,99.995,,100.0,
2,fill_holes_different_color -> fill_holes_different_color,object_per_pixel_accuracy_pct,99.95831525325775,,100.0,
2,fill_holes_different_color -> fill_holes_different_color,cross_entropy_loss,0.00011507241574155956,,6.274646280506886e-05,
2,mirror_horizontal -> mirror_horizontal,samples,0,0,0,0
2,mirror_horizontal -> mirror_horizontal,grid_accuracy_pct,,,,
2,mirror_horizontal -> mirror_horizontal,per_pixel_accuracy_pct,,,,
2,mirror_horizontal -> mirror_horizontal,object_per_pixel_accuracy_pct,,,,
2,mirror_horizontal -> mirror_horizontal,cross_entropy_loss,,,,
2,mirror_horizontal -> rot90,samples,0,0,0,0
2,mirror_horizontal -> rot90,grid_accuracy_pct,,,,
2,mirror_horizontal -> rot90,per_pixel_accuracy_pct,,,,
2,mirror_horizontal -> rot90,object_per_pixel_accuracy_pct,,,,
2,mirror_horizontal -> rot90,cross_entropy_loss,,,,
2,mirror_vertical -> mirror_vertical,samples,0,0,0,0
2,mirror_vertical -> mirror_vertical,grid_accuracy_pct,,,,
2,mirror_vertical -> mirror_vertical,per_pixel_accuracy_pct,,,,
2,mirror_vertical -> mirror_vertical,object_per_pixel_accuracy_pct,,,,
2,mirror_vertical -> mirror_vertical,cross_entropy_loss,,,,
2,mirror_vertical -> pad_left,samples,0,0,0,0
2,mirror_vertical -> pad_left,grid_accuracy_pct,,,,
2,mirror_vertical -> pad_left,per_pixel_accuracy_pct,,,,
2,mirror_vertical -> pad_left,object_per_pixel_accuracy_pct,,,,
2,mirror_vertical -> pad_left,cross_entropy_loss,,,,
2,pad_left -> extend_contours_same_color,samples,0,0,0,0
2,pad_left -> extend_contours_same_color,grid_accuracy_pct,,,,
2,pad_left -> extend_contours_same_color,per_pixel_accuracy_pct,,,,
2,pad_left -> extend_contours_same_color,object_per_pixel_accuracy_pct,,,,
2,pad_left -> extend_contours_same_color,cross_entropy_loss,,,,
2,pad_left -> pad_left,samples,0,0,0,0
2,pad_left -> pad_left,grid_accuracy_pct,,,,
2,pad_left -> pad_left,per_pixel_accuracy_pct,,,,
2,pad_left -> pad_left,object_per_pixel_accuracy_pct,,,,
2,pad_left -> pad_left,cross_entropy_loss,,,,
2,pad_right -> change_shape_color,samples,0,1000,0,1000
2,pad_right -> change_shape_color,grid_accuracy_pct,,0.0,,0.0
2,pad_right -> change_shape_color,per_pixel_accuracy_pct,,90.4135,,90.6
2,pad_right -> change_shape_color,object_per_pixel_accuracy_pct,,11.435923763271422,,11.342448491789401
2,pad_right -> change_shape_color,cross_entropy_loss,,0.9355921670913696,,0.9074172705459594
2,pad_right -> fill_holes_different_color,samples,100,0,100,0
2,pad_right -> fill_holes_different_color,grid_accuracy_pct,100.0,,99.0,
2,pad_right -> fill_holes_different_color,per_pixel_accuracy_pct,100.0,,99.995,
2,pad_right -> fill_holes_different_color,object_per_pixel_accuracy_pct,100.0,,99.97402596473694,
2,pad_right -> fill_holes_different_color,cross_entropy_loss,5.078017888190516e-05,,0.00026285009782477575,
2,pad_right -> pad_right,samples,100,0,100,0
2,pad_right -> pad_right,grid_accuracy_pct,93.0,,96.0,
2,pad_right -> pad_right,per_pixel_accuracy_pct,99.9575,,99.9725,
2,pad_right -> pad_right,object_per_pixel_accuracy_pct,99.71202963590622,,99.85336548089981,
2,pad_right -> pad_right,cross_entropy_loss,0.001459595049924792,,0.0005894569223006329,
2,pad_top -> crop_bottom_side,samples,0,0,0,0
2,pad_top -> crop_bottom_side,grid_accuracy_pct,,,,
2,pad_top -> crop_bottom_side,per_pixel_accuracy_pct,,,,
2,pad_top -> crop_bottom_side,object_per_pixel_accuracy_pct,,,,
2,pad_top -> crop_bottom_side,cross_entropy_loss,,,,
2,pad_top -> pad_top,samples,0,0,0,0
2,pad_top -> pad_top,grid_accuracy_pct,,,,
2,pad_top -> pad_top,per_pixel_accuracy_pct,,,,
2,pad_top -> pad_top,object_per_pixel_accuracy_pct,,,,
2,pad_top -> pad_top,cross_entropy_loss,,,,
2,rot90 -> crop_bottom_side,samples,0,0,0,0
2,rot90 -> crop_bottom_side,grid_accuracy_pct,,,,
2,rot90 -> crop_bottom_side,per_pixel_accuracy_pct,,,,
2,rot90 -> crop_bottom_side,object_per_pixel_accuracy_pct,,,,
2,rot90 -> crop_bottom_side,cross_entropy_loss,,,,
2,rot90 -> mirror_horizontal,samples,0,0,0,0
2,rot90 -> mirror_horizontal,grid_accuracy_pct,,,,
2,rot90 -> mirror_horizontal,per_pixel_accuracy_pct,,,,
2,rot90 -> mirror_horizontal,object_per_pixel_accuracy_pct,,,,
2,rot90 -> mirror_horizontal,cross_entropy_loss,,,,
2,rot90 -> pad_top,samples,0,0,0,0
2,rot90 -> pad_top,grid_accuracy_pct,,,,
2,rot90 -> pad_top,per_pixel_accuracy_pct,,,,
2,rot90 -> pad_top,object_per_pixel_accuracy_pct,,,,
2,rot90 -> pad_top,cross_entropy_loss,,,,
2,rot90 -> rot90,samples,0,0,0,0
2,rot90 -> rot90,grid_accuracy_pct,,,,
2,rot90 -> rot90,per_pixel_accuracy_pct,,,,
2,rot90 -> rot90,object_per_pixel_accuracy_pct,,,,
2,rot90 -> rot90,cross_entropy_loss,,,,
2,translate_up -> mirror_horizontal,samples,0,0,0,0
2,translate_up -> mirror_horizontal,grid_accuracy_pct,,,,
2,translate_up -> mirror_horizontal,per_pixel_accuracy_pct,,,,
2,translate_up -> mirror_horizontal,object_per_pixel_accuracy_pct,,,,
2,translate_up -> mirror_horizontal,cross_entropy_loss,,,,
2,translate_up -> rot90,samples,0,0,0,0
2,translate_up -> rot90,grid_accuracy_pct,,,,
2,translate_up -> rot90,per_pixel_accuracy_pct,,,,
2,translate_up -> rot90,object_per_pixel_accuracy_pct,,,,
2,translate_up -> rot90,cross_entropy_loss,,,,
2,translate_up -> translate_up,samples,0,0,0,0
2,translate_up -> translate_up,grid_accuracy_pct,,,,
2,translate_up -> translate_up,per_pixel_accuracy_pct,,,,
2,translate_up -> translate_up,object_per_pixel_accuracy_pct,,,,
2,translate_up -> translate_up,cross_entropy_loss,,,,
3,all_compositions,samples,666,1000,666,1000
3,all_compositions,grid_accuracy_pct,84.68468468468468,0.0,83.78378378378379,0.0
3,all_compositions,per_pixel_accuracy_pct,99.86373873873873,93.06375,99.88963963963964,93.03475
3,all_compositions,object_per_pixel_accuracy_pct,98.59572927336077,28.854328593425453,98.68801352945533,28.893851939961316
3,all_compositions,cross_entropy_loss,0.005144539762868376,0.5621890700817108,0.003427920608455249,0.5723845271873474
3,change_shape_color -> change_shape_color,samples,0,0,0,0
3,change_shape_color -> change_shape_color,grid_accuracy_pct,,,,
3,change_shape_color -> change_shape_color,per_pixel_accuracy_pct,,,,
3,change_shape_color -> change_shape_color,object_per_pixel_accuracy_pct,,,,
3,change_shape_color -> change_shape_color,cross_entropy_loss,,,,
3,change_shape_color -> double_right,samples,0,0,0,0
3,change_shape_color -> double_right,grid_accuracy_pct,,,,
3,change_shape_color -> double_right,per_pixel_accuracy_pct,,,,
3,change_shape_color -> double_right,object_per_pixel_accuracy_pct,,,,
3,change_shape_color -> double_right,cross_entropy_loss,,,,
3,change_shape_color -> fill_holes_different_color,samples,0,0,0,0
3,change_shape_color -> fill_holes_different_color,grid_accuracy_pct,,,,
3,change_shape_color -> fill_holes_different_color,per_pixel_accuracy_pct,,,,
3,change_shape_color -> fill_holes_different_color,object_per_pixel_accuracy_pct,,,,
3,change_shape_color -> fill_holes_different_color,cross_entropy_loss,,,,
3,change_shape_color -> pad_right,samples,0,0,0,0
3,change_shape_color -> pad_right,grid_accuracy_pct,,,,
3,change_shape_color -> pad_right,per_pixel_accuracy_pct,,,,
3,change_shape_color -> pad_right,object_per_pixel_accuracy_pct,,,,
3,change_shape_color -> pad_right,cross_entropy_loss,,,,
3,crop_bottom_side -> crop_bottom_side,samples,111,0,111,0
3,crop_bottom_side -> crop_bottom_side,grid_accuracy_pct,96.3963963963964,,97.29729729729729,
3,crop_bottom_side -> crop_bottom_side,per_pixel_accuracy_pct,99.96396396396396,,99.98423423423424,
3,crop_bottom_side -> crop_bottom_side,object_per_pixel_accuracy_pct,99.23316170503428,,99.15849918180758,
3,crop_bottom_side -> crop_bottom_side,cross_entropy_loss,0.0018995126372962007,,0.0003965917248151609,
3,crop_bottom_side -> rot90,samples,111,0,111,0
3,crop_bottom_side -> rot90,grid_accuracy_pct,91.89189189189189,,81.98198198198199,
3,crop_bottom_side -> rot90,per_pixel_accuracy_pct,99.9572072072072,,99.89414414414415,
3,crop_bottom_side -> rot90,object_per_pixel_accuracy_pct,99.25330496049142,,98.44530922872526,
3,crop_bottom_side -> rot90,cross_entropy_loss,0.001502309721905509,,0.0030420272014004884,
3,crop_contours -> change_shape_color,samples,0,0,0,0
3,crop_contours -> change_shape_color,grid_accuracy_pct,,,,
3,crop_contours -> change_shape_color,per_pixel_accuracy_pct,,,,
3,crop_contours -> change_shape_color,object_per_pixel_accuracy_pct,,,,
3,crop_contours -> change_shape_color,cross_entropy_loss,,,,
3,crop_contours -> crop_contours,samples,0,0,0,0
3,crop_contours -> crop_contours,grid_accuracy_pct,,,,
3,crop_contours -> crop_contours,per_pixel_accuracy_pct,,,,
3,crop_contours -> crop_contours,object_per_pixel_accuracy_pct,,,,
3,crop_contours -> crop_contours,cross_entropy_loss,,,,
3,double_right -> change_shape_color,samples,0,0,0,0
3,double_right -> change_shape_color,grid_accuracy_pct,,,,
3,double_right -> change_shape_color,per_pixel_accuracy_pct,,,,
3,double_right -> change_shape_color,object_per_pixel_accuracy_pct,,,,
3,double_right -> change_shape_color,cross_entropy_loss,,,,
3,double_right -> crop_contours,samples,0,0,0,0
3,double_right -> crop_contours,grid_accuracy_pct,,,,
3,double_right -> crop_contours,per_pixel_accuracy_pct,,,,
3,double_right -> crop_contours,object_per_pixel_accuracy_pct,,,,
3,double_right -> crop_contours,cross_entropy_loss,,,,
3,double_right -> double_right,samples,0,0,0,0
3,double_right -> double_right,grid_accuracy_pct,,,,
3,double_right -> double_right,per_pixel_accuracy_pct,,,,
3,double_right -> double_right,object_per_pixel_accuracy_pct,,,,
3,double_right -> double_right,cross_entropy_loss,,,,
3,extend_contours_same_color -> extend_contours_same_color,samples,0,0,0,0
3,extend_contours_same_color -> extend_contours_same_color,grid_accuracy_pct,,,,
3,extend_contours_same_color -> extend_contours_same_color,per_pixel_accuracy_pct,,,,
3,extend_contours_same_color -> extend_contours_same_color,object_per_pixel_accuracy_pct,,,,
3,extend_contours_same_color -> extend_contours_same_color,cross_entropy_loss,,,,
3,extend_contours_same_color -> mirror_vertical,samples,0,0,0,0
3,extend_contours_same_color -> mirror_vertical,grid_accuracy_pct,,,,
3,extend_contours_same_color -> mirror_vertical,per_pixel_accuracy_pct,,,,
3,extend_contours_same_color -> mirror_vertical,object_per_pixel_accuracy_pct,,,,
3,extend_contours_same_color -> mirror_vertical,cross_entropy_loss,,,,
3,extend_contours_same_color -> pad_left,samples,0,0,0,0
3,extend_contours_same_color -> pad_left,grid_accuracy_pct,,,,
3,extend_contours_same_color -> pad_left,per_pixel_accuracy_pct,,,,
3,extend_contours_same_color -> pad_left,object_per_pixel_accuracy_pct,,,,
3,extend_contours_same_color -> pad_left,cross_entropy_loss,,,,
3,fill_holes_different_color -> change_shape_color,samples,0,0,0,0
3,fill_holes_different_color -> change_shape_color,grid_accuracy_pct,,,,
3,fill_holes_different_color -> change_shape_color,per_pixel_accuracy_pct,,,,
3,fill_holes_different_color -> change_shape_color,object_per_pixel_accuracy_pct,,,,
3,fill_holes_different_color -> change_shape_color,cross_entropy_loss,,,,
3,fill_holes_different_color -> fill_holes_different_color,samples,0,0,0,0
3,fill_holes_different_color -> fill_holes_different_color,grid_accuracy_pct,,,,
3,fill_holes_different_color -> fill_holes_different_color,per_pixel_accuracy_pct,,,,
3,fill_holes_different_color -> fill_holes_different_color,object_per_pixel_accuracy_pct,,,,
3,fill_holes_different_color -> fill_holes_different_color,cross_entropy_loss,,,,
3,mirror_horizontal -> mirror_horizontal,samples,0,0,0,0
3,mirror_horizontal -> mirror_horizontal,grid_accuracy_pct,,,,
3,mirror_horizontal -> mirror_horizontal,per_pixel_accuracy_pct,,,,
3,mirror_horizontal -> mirror_horizontal,object_per_pixel_accuracy_pct,,,,
3,mirror_horizontal -> mirror_horizontal,cross_entropy_loss,,,,
3,mirror_horizontal -> rot90,samples,0,0,0,0
3,mirror_horizontal -> rot90,grid_accuracy_pct,,,,
3,mirror_horizontal -> rot90,per_pixel_accuracy_pct,,,,
3,mirror_horizontal -> rot90,object_per_pixel_accuracy_pct,,,,
3,mirror_horizontal -> rot90,cross_entropy_loss,,,,
3,mirror_vertical -> mirror_vertical,samples,0,0,0,0
3,mirror_vertical -> mirror_vertical,grid_accuracy_pct,,,,
3,mirror_vertical -> mirror_vertical,per_pixel_accuracy_pct,,,,
3,mirror_vertical -> mirror_vertical,object_per_pixel_accuracy_pct,,,,
3,mirror_vertical -> mirror_vertical,cross_entropy_loss,,,,
3,mirror_vertical -> pad_left,samples,0,0,0,0
3,mirror_vertical -> pad_left,grid_accuracy_pct,,,,
3,mirror_vertical -> pad_left,per_pixel_accuracy_pct,,,,
3,mirror_vertical -> pad_left,object_per_pixel_accuracy_pct,,,,
3,mirror_vertical -> pad_left,cross_entropy_loss,,,,
3,pad_left -> extend_contours_same_color,samples,0,0,0,0
3,pad_left -> extend_contours_same_color,grid_accuracy_pct,,,,
3,pad_left -> extend_contours_same_color,per_pixel_accuracy_pct,,,,
3,pad_left -> extend_contours_same_color,object_per_pixel_accuracy_pct,,,,
3,pad_left -> extend_contours_same_color,cross_entropy_loss,,,,
3,pad_left -> pad_left,samples,0,0,0,0
3,pad_left -> pad_left,grid_accuracy_pct,,,,
3,pad_left -> pad_left,per_pixel_accuracy_pct,,,,
3,pad_left -> pad_left,object_per_pixel_accuracy_pct,,,,
3,pad_left -> pad_left,cross_entropy_loss,,,,
3,pad_right -> change_shape_color,samples,0,0,0,0
3,pad_right -> change_shape_color,grid_accuracy_pct,,,,
3,pad_right -> change_shape_color,per_pixel_accuracy_pct,,,,
3,pad_right -> change_shape_color,object_per_pixel_accuracy_pct,,,,
3,pad_right -> change_shape_color,cross_entropy_loss,,,,
3,pad_right -> fill_holes_different_color,samples,0,0,0,0
3,pad_right -> fill_holes_different_color,grid_accuracy_pct,,,,
3,pad_right -> fill_holes_different_color,per_pixel_accuracy_pct,,,,
3,pad_right -> fill_holes_different_color,object_per_pixel_accuracy_pct,,,,
3,pad_right -> fill_holes_different_color,cross_entropy_loss,,,,
3,pad_right -> pad_right,samples,0,0,0,0
3,pad_right -> pad_right,grid_accuracy_pct,,,,
3,pad_right -> pad_right,per_pixel_accuracy_pct,,,,
3,pad_right -> pad_right,object_per_pixel_accuracy_pct,,,,
3,pad_right -> pad_right,cross_entropy_loss,,,,
3,pad_top -> crop_bottom_side,samples,111,0,111,0
3,pad_top -> crop_bottom_side,grid_accuracy_pct,95.49549549549549,,100.0,
3,pad_top -> crop_bottom_side,per_pixel_accuracy_pct,99.97072072072072,,100.0,
3,pad_top -> crop_bottom_side,object_per_pixel_accuracy_pct,99.65254911431322,,100.0,
3,pad_top -> crop_bottom_side,cross_entropy_loss,0.0010198077493017385,,8.539446879326165e-05,
3,pad_top -> pad_top,samples,111,0,111,0
3,pad_top -> pad_top,grid_accuracy_pct,78.37837837837837,,83.78378378378379,
3,pad_top -> pad_top,per_pixel_accuracy_pct,99.87387387387388,,99.89864864864865,
3,pad_top -> pad_top,object_per_pixel_accuracy_pct,99.20424652529192,,99.31991680248363,
3,pad_top -> pad_top,cross_entropy_loss,0.004112736781244166,,0.0025154020268782586,
3,rot90 -> crop_bottom_side,samples,0,1000,0,1000
3,rot90 -> crop_bottom_side,grid_accuracy_pct,,0.0,,0.0
3,rot90 -> crop_bottom_side,per_pixel_accuracy_pct,,93.06375,,93.03475
3,rot90 -> crop_bottom_side,object_per_pixel_accuracy_pct,,28.854328593425453,,28.893851939961316
3,rot90 -> crop_bottom_side,cross_entropy_loss,,0.5621890700817108,,0.5723845271873474
3,rot90 -> mirror_horizontal,samples,0,0,0,0
3,rot90 -> mirror_horizontal,grid_accuracy_pct,,,,
3,rot90 -> mirror_horizontal,per_pixel_accuracy_pct,,,,
3,rot90 -> mirror_horizontal,object_per_pixel_accuracy_pct,,,,
3,rot90 -> mirror_horizontal,cross_entropy_loss,,,,
3,rot90 -> pad_top,samples,111,0,111,0
3,rot90 -> pad_top,grid_accuracy_pct,74.77477477477477,,81.08108108108108,
3,rot90 -> pad_top,per_pixel_accuracy_pct,99.78378378378379,,99.88063063063063,
3,rot90 -> pad_top,object_per_pixel_accuracy_pct,98.06333484950366,,98.97045439428037,
3,rot90 -> pad_top,cross_entropy_loss,0.007716836628074357,,0.0037783095781779995,
3,rot90 -> rot90,samples,111,0,111,0
3,rot90 -> rot90,grid_accuracy_pct,71.17117117117117,,58.55855855855856,
3,rot90 -> rot90,per_pixel_accuracy_pct,99.63288288288288,,99.68018018018019,
3,rot90 -> rot90,object_per_pixel_accuracy_pct,96.16777848553014,,96.23390156943519,
3,rot90 -> rot90,cross_entropy_loss,0.014616035059388285,,0.010749798650666324,
3,translate_up -> mirror_horizontal,samples,0,0,0,0
3,translate_up -> mirror_horizontal,grid_accuracy_pct,,,,
3,translate_up -> mirror_horizontal,per_pixel_accuracy_pct,,,,
3,translate_up -> mirror_horizontal,object_per_pixel_accuracy_pct,,,,
3,translate_up -> mirror_horizontal,cross_entropy_loss,,,,
3,translate_up -> rot90,samples,0,0,0,0
3,translate_up -> rot90,grid_accuracy_pct,,,,
3,translate_up -> rot90,per_pixel_accuracy_pct,,,,
3,translate_up -> rot90,object_per_pixel_accuracy_pct,,,,
3,translate_up -> rot90,cross_entropy_loss,,,,
3,translate_up -> translate_up,samples,0,0,0,0
3,translate_up -> translate_up,grid_accuracy_pct,,,,
3,translate_up -> translate_up,per_pixel_accuracy_pct,,,,
3,translate_up -> translate_up,object_per_pixel_accuracy_pct,,,,
3,translate_up -> translate_up,cross_entropy_loss,,,,
4,all_compositions,samples,66,100,66,100
4,all_compositions,grid_accuracy_pct,98.48484848484848,0.0,95.45454545454545,0.0
4,all_compositions,per_pixel_accuracy_pct,99.99242424242425,90.1625,99.94318181818181,89.9875
4,all_compositions,object_per_pixel_accuracy_pct,99.8787879040747,11.294364845380187,99.46118945425206,12.030063264071941
4,all_compositions,cross_entropy_loss,0.00028734112167230156,1.246310081100464,0.001608574212494232,1.2691154693603515
4,change_shape_color -> change_shape_color,samples,11,0,11,0
4,change_shape_color -> change_shape_color,grid_accuracy_pct,100.0,,100.0,
4,change_shape_color -> change_shape_color,per_pixel_accuracy_pct,100.0,,100.0,
4,change_shape_color -> change_shape_color,object_per_pixel_accuracy_pct,100.0,,100.0,
4,change_shape_color -> change_shape_color,cross_entropy_loss,0.00011598122488397745,,0.00013271995636552508,
4,change_shape_color -> double_right,samples,11,0,11,0
4,change_shape_color -> double_right,grid_accuracy_pct,90.9090909090909,,100.0,
4,change_shape_color -> double_right,per_pixel_accuracy_pct,99.95454545454545,,100.0,
4,change_shape_color -> double_right,object_per_pixel_accuracy_pct,99.27272742444819,,100.0,
4,change_shape_color -> double_right,cross_entropy_loss,0.0013015858475013044,,0.0003085128957702016,
4,change_shape_color -> fill_holes_different_color,samples,0,0,0,0
4,change_shape_color -> fill_holes_different_color,grid_accuracy_pct,,,,
4,change_shape_color -> fill_holes_different_color,per_pixel_accuracy_pct,,,,
4,change_shape_color -> fill_holes_different_color,object_per_pixel_accuracy_pct,,,,
4,change_shape_color -> fill_holes_different_color,cross_entropy_loss,,,,
4,change_shape_color -> pad_right,samples,0,0,0,0
4,change_shape_color -> pad_right,grid_accuracy_pct,,,,
4,change_shape_color -> pad_right,per_pixel_accuracy_pct,,,,
4,change_shape_color -> pad_right,object_per_pixel_accuracy_pct,,,,
4,change_shape_color -> pad_right,cross_entropy_loss,,,,
4,crop_bottom_side -> crop_bottom_side,samples,0,0,0,0
4,crop_bottom_side -> crop_bottom_side,grid_accuracy_pct,,,,
4,crop_bottom_side -> crop_bottom_side,per_pixel_accuracy_pct,,,,
4,crop_bottom_side -> crop_bottom_side,object_per_pixel_accuracy_pct,,,,
4,crop_bottom_side -> crop_bottom_side,cross_entropy_loss,,,,
4,crop_bottom_side -> rot90,samples,0,0,0,0
4,crop_bottom_side -> rot90,grid_accuracy_pct,,,,
4,crop_bottom_side -> rot90,per_pixel_accuracy_pct,,,,
4,crop_bottom_side -> rot90,object_per_pixel_accuracy_pct,,,,
4,crop_bottom_side -> rot90,cross_entropy_loss,,,,
4,crop_contours -> change_shape_color,samples,11,0,11,0
4,crop_contours -> change_shape_color,grid_accuracy_pct,100.0,,81.81818181818181,
4,crop_contours -> change_shape_color,per_pixel_accuracy_pct,100.0,,99.88636363636364,
4,crop_contours -> change_shape_color,object_per_pixel_accuracy_pct,100.0,,97.6584022695368,
4,crop_contours -> change_shape_color,cross_entropy_loss,3.05882189125193e-05,,0.00492526515439584,
4,crop_contours -> crop_contours,samples,11,0,11,0
4,crop_contours -> crop_contours,grid_accuracy_pct,100.0,,100.0,
4,crop_contours -> crop_contours,per_pixel_accuracy_pct,100.0,,100.0,
4,crop_contours -> crop_contours,object_per_pixel_accuracy_pct,100.0,,100.0,
4,crop_contours -> crop_contours,cross_entropy_loss,7.021574753128913e-07,,1.0689984851937467e-06,
4,double_right -> change_shape_color,samples,11,0,11,0
4,double_right -> change_shape_color,grid_accuracy_pct,100.0,,90.9090909090909,
4,double_right -> change_shape_color,per_pixel_accuracy_pct,100.0,,99.77272727272727,
4,double_right -> change_shape_color,object_per_pixel_accuracy_pct,100.0,,99.10873445597562,
4,double_right -> change_shape_color,cross_entropy_loss,0.00015537082789457847,,0.004270982630613699,
4,double_right -> crop_contours,samples,0,100,0,100
4,double_right -> crop_contours,grid_accuracy_pct,,0.0,,0.0
4,double_right -> crop_contours,per_pixel_accuracy_pct,,90.1625,,89.9875
4,double_right -> crop_contours,object_per_pixel_accuracy_pct,,11.294364845380187,,12.030063264071941
4,double_right -> crop_contours,cross_entropy_loss,,1.246310081100464,,1.2691154693603515
4,double_right -> double_right,samples,11,0,11,0
4,double_right -> double_right,grid_accuracy_pct,100.0,,100.0,
4,double_right -> double_right,per_pixel_accuracy_pct,100.0,,100.0,
4,double_right -> double_right,object_per_pixel_accuracy_pct,100.0,,100.0,
4,double_right -> double_right,cross_entropy_loss,0.0001198184533661168,,1.2895639334932308e-05,
4,extend_contours_same_color -> extend_contours_same_color,samples,0,0,0,0
4,extend_contours_same_color -> extend_contours_same_color,grid_accuracy_pct,,,,
4,extend_contours_same_color -> extend_contours_same_color,per_pixel_accuracy_pct,,,,
4,extend_contours_same_color -> extend_contours_same_color,object_per_pixel_accuracy_pct,,,,
4,extend_contours_same_color -> extend_contours_same_color,cross_entropy_loss,,,,
4,extend_contours_same_color -> mirror_vertical,samples,0,0,0,0
4,extend_contours_same_color -> mirror_vertical,grid_accuracy_pct,,,,
4,extend_contours_same_color -> mirror_vertical,per_pixel_accuracy_pct,,,,
4,extend_contours_same_color -> mirror_vertical,object_per_pixel_accuracy_pct,,,,
4,extend_contours_same_color -> mirror_vertical,cross_entropy_loss,,,,
4,extend_contours_same_color -> pad_left,samples,0,0,0,0
4,extend_contours_same_color -> pad_left,grid_accuracy_pct,,,,
4,extend_contours_same_color -> pad_left,per_pixel_accuracy_pct,,,,
4,extend_contours_same_color -> pad_left,object_per_pixel_accuracy_pct,,,,
4,extend_contours_same_color -> pad_left,cross_entropy_loss,,,,
4,fill_holes_different_color -> change_shape_color,samples,0,0,0,0
4,fill_holes_different_color -> change_shape_color,grid_accuracy_pct,,,,
4,fill_holes_different_color -> change_shape_color,per_pixel_accuracy_pct,,,,
4,fill_holes_different_color -> change_shape_color,object_per_pixel_accuracy_pct,,,,
4,fill_holes_different_color -> change_shape_color,cross_entropy_loss,,,,
4,fill_holes_different_color -> fill_holes_different_color,samples,0,0,0,0
4,fill_holes_different_color -> fill_holes_different_color,grid_accuracy_pct,,,,
4,fill_holes_different_color -> fill_holes_different_color,per_pixel_accuracy_pct,,,,
4,fill_holes_different_color -> fill_holes_different_color,object_per_pixel_accuracy_pct,,,,
4,fill_holes_different_color -> fill_holes_different_color,cross_entropy_loss,,,,
4,mirror_horizontal -> mirror_horizontal,samples,0,0,0,0
4,mirror_horizontal -> mirror_horizontal,grid_accuracy_pct,,,,
4,mirror_horizontal -> mirror_horizontal,per_pixel_accuracy_pct,,,,
4,mirror_horizontal -> mirror_horizontal,object_per_pixel_accuracy_pct,,,,
4,mirror_horizontal -> mirror_horizontal,cross_entropy_loss,,,,
4,mirror_horizontal -> rot90,samples,0,0,0,0
4,mirror_horizontal -> rot90,grid_accuracy_pct,,,,
4,mirror_horizontal -> rot90,per_pixel_accuracy_pct,,,,
4,mirror_horizontal -> rot90,object_per_pixel_accuracy_pct,,,,
4,mirror_horizontal -> rot90,cross_entropy_loss,,,,
4,mirror_vertical -> mirror_vertical,samples,0,0,0,0
4,mirror_vertical -> mirror_vertical,grid_accuracy_pct,,,,
4,mirror_vertical -> mirror_vertical,per_pixel_accuracy_pct,,,,
4,mirror_vertical -> mirror_vertical,object_per_pixel_accuracy_pct,,,,
4,mirror_vertical -> mirror_vertical,cross_entropy_loss,,,,
4,mirror_vertical -> pad_left,samples,0,0,0,0
4,mirror_vertical -> pad_left,grid_accuracy_pct,,,,
4,mirror_vertical -> pad_left,per_pixel_accuracy_pct,,,,
4,mirror_vertical -> pad_left,object_per_pixel_accuracy_pct,,,,
4,mirror_vertical -> pad_left,cross_entropy_loss,,,,
4,pad_left -> extend_contours_same_color,samples,0,0,0,0
4,pad_left -> extend_contours_same_color,grid_accuracy_pct,,,,
4,pad_left -> extend_contours_same_color,per_pixel_accuracy_pct,,,,
4,pad_left -> extend_contours_same_color,object_per_pixel_accuracy_pct,,,,
4,pad_left -> extend_contours_same_color,cross_entropy_loss,,,,
4,pad_left -> pad_left,samples,0,0,0,0
4,pad_left -> pad_left,grid_accuracy_pct,,,,
4,pad_left -> pad_left,per_pixel_accuracy_pct,,,,
4,pad_left -> pad_left,object_per_pixel_accuracy_pct,,,,
4,pad_left -> pad_left,cross_entropy_loss,,,,
4,pad_right -> change_shape_color,samples,0,0,0,0
4,pad_right -> change_shape_color,grid_accuracy_pct,,,,
4,pad_right -> change_shape_color,per_pixel_accuracy_pct,,,,
4,pad_right -> change_shape_color,object_per_pixel_accuracy_pct,,,,
4,pad_right -> change_shape_color,cross_entropy_loss,,,,
4,pad_right -> fill_holes_different_color,samples,0,0,0,0
4,pad_right -> fill_holes_different_color,grid_accuracy_pct,,,,
4,pad_right -> fill_holes_different_color,per_pixel_accuracy_pct,,,,
4,pad_right -> fill_holes_different_color,object_per_pixel_accuracy_pct,,,,
4,pad_right -> fill_holes_different_color,cross_entropy_loss,,,,
4,pad_right -> pad_right,samples,0,0,0,0
4,pad_right -> pad_right,grid_accuracy_pct,,,,
4,pad_right -> pad_right,per_pixel_accuracy_pct,,,,
4,pad_right -> pad_right,object_per_pixel_accuracy_pct,,,,
4,pad_right -> pad_right,cross_entropy_loss,,,,
4,pad_top -> crop_bottom_side,samples,0,0,0,0
4,pad_top -> crop_bottom_side,grid_accuracy_pct,,,,
4,pad_top -> crop_bottom_side,per_pixel_accuracy_pct,,,,
4,pad_top -> crop_bottom_side,object_per_pixel_accuracy_pct,,,,
4,pad_top -> crop_bottom_side,cross_entropy_loss,,,,
4,pad_top -> pad_top,samples,0,0,0,0
4,pad_top -> pad_top,grid_accuracy_pct,,,,
4,pad_top -> pad_top,per_pixel_accuracy_pct,,,,
4,pad_top -> pad_top,object_per_pixel_accuracy_pct,,,,
4,pad_top -> pad_top,cross_entropy_loss,,,,
4,rot90 -> crop_bottom_side,samples,0,0,0,0
4,rot90 -> crop_bottom_side,grid_accuracy_pct,,,,
4,rot90 -> crop_bottom_side,per_pixel_accuracy_pct,,,,
4,rot90 -> crop_bottom_side,object_per_pixel_accuracy_pct,,,,
4,rot90 -> crop_bottom_side,cross_entropy_loss,,,,
4,rot90 -> mirror_horizontal,samples,0,0,0,0
4,rot90 -> mirror_horizontal,grid_accuracy_pct,,,,
4,rot90 -> mirror_horizontal,per_pixel_accuracy_pct,,,,
4,rot90 -> mirror_horizontal,object_per_pixel_accuracy_pct,,,,
4,rot90 -> mirror_horizontal,cross_entropy_loss,,,,
4,rot90 -> pad_top,samples,0,0,0,0
4,rot90 -> pad_top,grid_accuracy_pct,,,,
4,rot90 -> pad_top,per_pixel_accuracy_pct,,,,
4,rot90 -> pad_top,object_per_pixel_accuracy_pct,,,,
4,rot90 -> pad_top,cross_entropy_loss,,,,
4,rot90 -> rot90,samples,0,0,0,0
4,rot90 -> rot90,grid_accuracy_pct,,,,
4,rot90 -> rot90,per_pixel_accuracy_pct,,,,
4,rot90 -> rot90,object_per_pixel_accuracy_pct,,,,
4,rot90 -> rot90,cross_entropy_loss,,,,
4,translate_up -> mirror_horizontal,samples,0,0,0,0
4,translate_up -> mirror_horizontal,grid_accuracy_pct,,,,
4,translate_up -> mirror_horizontal,per_pixel_accuracy_pct,,,,
4,translate_up -> mirror_horizontal,object_per_pixel_accuracy_pct,,,,
4,translate_up -> mirror_horizontal,cross_entropy_loss,,,,
4,translate_up -> rot90,samples,0,0,0,0
4,translate_up -> rot90,grid_accuracy_pct,,,,
4,translate_up -> rot90,per_pixel_accuracy_pct,,,,
4,translate_up -> rot90,object_per_pixel_accuracy_pct,,,,
4,translate_up -> rot90,cross_entropy_loss,,,,
4,translate_up -> translate_up,samples,0,0,0,0
4,translate_up -> translate_up,grid_accuracy_pct,,,,
4,translate_up -> translate_up,per_pixel_accuracy_pct,,,,
4,translate_up -> translate_up,object_per_pixel_accuracy_pct,,,,
4,translate_up -> translate_up,cross_entropy_loss,,,,
5,all_compositions,samples,666,1000,666,1000
5,all_compositions,grid_accuracy_pct,93.24324324324324,0.0,95.04504504504504,0.0
5,all_compositions,per_pixel_accuracy_pct,99.95157657657657,92.5815,99.94106606606607,92.416
5,all_compositions,object_per_pixel_accuracy_pct,99.62664223290062,63.119058141112326,99.59389231204092,63.224473828077315
5,all_compositions,cross_entropy_loss,0.0016395286472802185,0.553958979473114,0.0038394213986183904,0.5687483807754516
5,change_shape_color -> change_shape_color,samples,0,0,0,0
5,change_shape_color -> change_shape_color,grid_accuracy_pct,,,,
5,change_shape_color -> change_shape_color,per_pixel_accuracy_pct,,,,
5,change_shape_color -> change_shape_color,object_per_pixel_accuracy_pct,,,,
5,change_shape_color -> change_shape_color,cross_entropy_loss,,,,
5,change_shape_color -> double_right,samples,0,0,0,0
5,change_shape_color -> double_right,grid_accuracy_pct,,,,
5,change_shape_color -> double_right,per_pixel_accuracy_pct,,,,
5,change_shape_color -> double_right,object_per_pixel_accuracy_pct,,,,
5,change_shape_color -> double_right,cross_entropy_loss,,,,
5,change_shape_color -> fill_holes_different_color,samples,0,0,0,0
5,change_shape_color -> fill_holes_different_color,grid_accuracy_pct,,,,
5,change_shape_color -> fill_holes_different_color,per_pixel_accuracy_pct,,,,
5,change_shape_color -> fill_holes_different_color,object_per_pixel_accuracy_pct,,,,
5,change_shape_color -> fill_holes_different_color,cross_entropy_loss,,,,
5,change_shape_color -> pad_right,samples,0,0,0,0
5,change_shape_color -> pad_right,grid_accuracy_pct,,,,
5,change_shape_color -> pad_right,per_pixel_accuracy_pct,,,,
5,change_shape_color -> pad_right,object_per_pixel_accuracy_pct,,,,
5,change_shape_color -> pad_right,cross_entropy_loss,,,,
5,crop_bottom_side -> crop_bottom_side,samples,0,0,0,0
5,crop_bottom_side -> crop_bottom_side,grid_accuracy_pct,,,,
5,crop_bottom_side -> crop_bottom_side,per_pixel_accuracy_pct,,,,
5,crop_bottom_side -> crop_bottom_side,object_per_pixel_accuracy_pct,,,,
5,crop_bottom_side -> crop_bottom_side,cross_entropy_loss,,,,
5,crop_bottom_side -> rot90,samples,0,0,0,0
5,crop_bottom_side -> rot90,grid_accuracy_pct,,,,
5,crop_bottom_side -> rot90,per_pixel_accuracy_pct,,,,
5,crop_bottom_side -> rot90,object_per_pixel_accuracy_pct,,,,
5,crop_bottom_side -> rot90,cross_entropy_loss,,,,
5,crop_contours -> change_shape_color,samples,0,0,0,0
5,crop_contours -> change_shape_color,grid_accuracy_pct,,,,
5,crop_contours -> change_shape_color,per_pixel_accuracy_pct,,,,
5,crop_contours -> change_shape_color,object_per_pixel_accuracy_pct,,,,
5,crop_contours -> change_shape_color,cross_entropy_loss,,,,
5,crop_contours -> crop_contours,samples,0,0,0,0
5,crop_contours -> crop_contours,grid_accuracy_pct,,,,
5,crop_contours -> crop_contours,per_pixel_accuracy_pct,,,,
5,crop_contours -> crop_contours,object_per_pixel_accuracy_pct,,,,
5,crop_contours -> crop_contours,cross_entropy_loss,,,,
5,double_right -> change_shape_color,samples,0,0,0,0
5,double_right -> change_shape_color,grid_accuracy_pct,,,,
5,double_right -> change_shape_color,per_pixel_accuracy_pct,,,,
5,double_right -> change_shape_color,object_per_pixel_accuracy_pct,,,,
5,double_right -> change_shape_color,cross_entropy_loss,,,,
5,double_right -> crop_contours,samples,0,0,0,0
5,double_right -> crop_contours,grid_accuracy_pct,,,,
5,double_right -> crop_contours,per_pixel_accuracy_pct,,,,
5,double_right -> crop_contours,object_per_pixel_accuracy_pct,,,,
5,double_right -> crop_contours,cross_entropy_loss,,,,
5,double_right -> double_right,samples,0,0,0,0
5,double_right -> double_right,grid_accuracy_pct,,,,
5,double_right -> double_right,per_pixel_accuracy_pct,,,,
5,double_right -> double_right,object_per_pixel_accuracy_pct,,,,
5,double_right -> double_right,cross_entropy_loss,,,,
5,extend_contours_same_color -> extend_contours_same_color,samples,111,0,111,0
5,extend_contours_same_color -> extend_contours_same_color,grid_accuracy_pct,88.28828828828829,,90.09009009009009,
5,extend_contours_same_color -> extend_contours_same_color,per_pixel_accuracy_pct,99.93468468468468,,99.95495495495496,
5,extend_contours_same_color -> extend_contours_same_color,object_per_pixel_accuracy_pct,99.65365346487577,,99.75043535232544,
5,extend_contours_same_color -> extend_contours_same_color,cross_entropy_loss,0.0027521370965297213,,0.001548178995029187,
5,extend_contours_same_color -> mirror_vertical,samples,111,0,111,0
5,extend_contours_same_color -> mirror_vertical,grid_accuracy_pct,90.990990990991,,94.5945945945946,
5,extend_contours_same_color -> mirror_vertical,per_pixel_accuracy_pct,99.95495495495496,,99.84684684684684,
5,extend_contours_same_color -> mirror_vertical,object_per_pixel_accuracy_pct,99.74657850222545,,98.93995922830727,
5,extend_contours_same_color -> mirror_vertical,cross_entropy_loss,0.0008763975567211395,,0.011370054526375932,
5,extend_contours_same_color -> pad_left,samples,111,0,111,0
5,extend_contours_same_color -> pad_left,grid_accuracy_pct,91.89189189189189,,95.49549549549549,
5,extend_contours_same_color -> pad_left,per_pixel_accuracy_pct,99.93018018018019,,99.97297297297297,
5,extend_contours_same_color -> pad_left,object_per_pixel_accuracy_pct,99.63439004915254,,99.84712235562436,
5,extend_contours_same_color -> pad_left,cross_entropy_loss,0.0023217030847956415,,0.0010119114026989943,
5,fill_holes_different_color -> change_shape_color,samples,0,0,0,0
5,fill_holes_different_color -> change_shape_color,grid_accuracy_pct,,,,
5,fill_holes_different_color -> change_shape_color,per_pixel_accuracy_pct,,,,
5,fill_holes_different_color -> change_shape_color,object_per_pixel_accuracy_pct,,,,
5,fill_holes_different_color -> change_shape_color,cross_entropy_loss,,,,
5,fill_holes_different_color -> fill_holes_different_color,samples,0,0,0,0
5,fill_holes_different_color -> fill_holes_different_color,grid_accuracy_pct,,,,
5,fill_holes_different_color -> fill_holes_different_color,per_pixel_accuracy_pct,,,,
5,fill_holes_different_color -> fill_holes_different_color,object_per_pixel_accuracy_pct,,,,
5,fill_holes_different_color -> fill_holes_different_color,cross_entropy_loss,,,,
5,mirror_horizontal -> mirror_horizontal,samples,0,0,0,0
5,mirror_horizontal -> mirror_horizontal,grid_accuracy_pct,,,,
5,mirror_horizontal -> mirror_horizontal,per_pixel_accuracy_pct,,,,
5,mirror_horizontal -> mirror_horizontal,object_per_pixel_accuracy_pct,,,,
5,mirror_horizontal -> mirror_horizontal,cross_entropy_loss,,,,
5,mirror_horizontal -> rot90,samples,0,0,0,0
5,mirror_horizontal -> rot90,grid_accuracy_pct,,,,
5,mirror_horizontal -> rot90,per_pixel_accuracy_pct,,,,
5,mirror_horizontal -> rot90,object_per_pixel_accuracy_pct,,,,
5,mirror_horizontal -> rot90,cross_entropy_loss,,,,
5,mirror_vertical -> mirror_vertical,samples,111,0,111,0
5,mirror_vertical -> mirror_vertical,grid_accuracy_pct,97.29729729729729,,97.29729729729729,
5,mirror_vertical -> mirror_vertical,per_pixel_accuracy_pct,99.98423423423424,,99.990990990991,
5,mirror_vertical -> mirror_vertical,object_per_pixel_accuracy_pct,99.71221841133392,,99.8240548211175,
5,mirror_vertical -> mirror_vertical,cross_entropy_loss,0.00033459102068222776,,0.0003622147568685332,
5,mirror_vertical -> pad_left,samples,111,0,111,0
5,mirror_vertical -> pad_left,grid_accuracy_pct,95.49549549549549,,95.49549549549549,
5,mirror_vertical -> pad_left,per_pixel_accuracy_pct,99.9481981981982,,99.92342342342343,
5,mirror_vertical -> pad_left,object_per_pixel_accuracy_pct,99.4988257283563,,99.48388241432808,
5,mirror_vertical -> pad_left,cross_entropy_loss,0.001861101187467874,,0.0060807828446618134,
5,pad_left -> extend_contours_same_color,samples,0,1000,0,1000
5,pad_left -> extend_contours_same_color,grid_accuracy_pct,,0.0,,0.0
5,pad_left -> extend_contours_same_color,per_pixel_accuracy_pct,,92.5815,,92.416
5,pad_left -> extend_contours_same_color,object_per_pixel_accuracy_pct,,63.119058141112326,,63.224473828077315
5,pad_left -> extend_contours_same_color,cross_entropy_loss,,0.553958979473114,,0.5687483807754516
5,pad_left -> pad_left,samples,111,0,111,0
5,pad_left -> pad_left,grid_accuracy_pct,95.49549549549549,,97.29729729729729,
5,pad_left -> pad_left,per_pixel_accuracy_pct,99.9572072072072,,99.9572072072072,
5,pad_left -> pad_left,object_per_pixel_accuracy_pct,99.51418724145975,,99.71789970054283,
5,pad_left -> pad_left,cross_entropy_loss,0.0016912419374847075,,0.002663385866075882,
5,pad_right -> change_shape_color,samples,0,0,0,0
5,pad_right -> change_shape_color,grid_accuracy_pct,,,,
5,pad_right -> change_shape_color,per_pixel_accuracy_pct,,,,
5,pad_right -> change_shape_color,object_per_pixel_accuracy_pct,,,,
5,pad_right -> change_shape_color,cross_entropy_loss,,,,
5,pad_right -> fill_holes_different_color,samples,0,0,0,0
5,pad_right -> fill_holes_different_color,grid_accuracy_pct,,,,
5,pad_right -> fill_holes_different_color,per_pixel_accuracy_pct,,,,
5,pad_right -> fill_holes_different_color,object_per_pixel_accuracy_pct,,,,
5,pad_right -> fill_holes_different_color,cross_entropy_loss,,,,
5,pad_right -> pad_right,samples,0,0,0,0
5,pad_right -> pad_right,grid_accuracy_pct,,,,
5,pad_right -> pad_right,per_pixel_accuracy_pct,,,,
5,pad_right -> pad_right,object_per_pixel_accuracy_pct,,,,
5,pad_right -> pad_right,cross_entropy_loss,,,,
5,pad_top -> crop_bottom_side,samples,0,0,0,0
5,pad_top -> crop_bottom_side,grid_accuracy_pct,,,,
5,pad_top -> crop_bottom_side,per_pixel_accuracy_pct,,,,
5,pad_top -> crop_bottom_side,object_per_pixel_accuracy_pct,,,,
5,pad_top -> crop_bottom_side,cross_entropy_loss,,,,
5,pad_top -> pad_top,samples,0,0,0,0
5,pad_top -> pad_top,grid_accuracy_pct,,,,
5,pad_top -> pad_top,per_pixel_accuracy_pct,,,,
5,pad_top -> pad_top,object_per_pixel_accuracy_pct,,,,
5,pad_top -> pad_top,cross_entropy_loss,,,,
5,rot90 -> crop_bottom_side,samples,0,0,0,0
5,rot90 -> crop_bottom_side,grid_accuracy_pct,,,,
5,rot90 -> crop_bottom_side,per_pixel_accuracy_pct,,,,
5,rot90 -> crop_bottom_side,object_per_pixel_accuracy_pct,,,,
5,rot90 -> crop_bottom_side,cross_entropy_loss,,,,
5,rot90 -> mirror_horizontal,samples,0,0,0,0
5,rot90 -> mirror_horizontal,grid_accuracy_pct,,,,
5,rot90 -> mirror_horizontal,per_pixel_accuracy_pct,,,,
5,rot90 -> mirror_horizontal,object_per_pixel_accuracy_pct,,,,
5,rot90 -> mirror_horizontal,cross_entropy_loss,,,,
5,rot90 -> pad_top,samples,0,0,0,0
5,rot90 -> pad_top,grid_accuracy_pct,,,,
5,rot90 -> pad_top,per_pixel_accuracy_pct,,,,
5,rot90 -> pad_top,object_per_pixel_accuracy_pct,,,,
5,rot90 -> pad_top,cross_entropy_loss,,,,
5,rot90 -> rot90,samples,0,0,0,0
5,rot90 -> rot90,grid_accuracy_pct,,,,
5,rot90 -> rot90,per_pixel_accuracy_pct,,,,
5,rot90 -> rot90,object_per_pixel_accuracy_pct,,,,
5,rot90 -> rot90,cross_entropy_loss,,,,
5,translate_up -> mirror_horizontal,samples,0,0,0,0
5,translate_up -> mirror_horizontal,grid_accuracy_pct,,,,
5,translate_up -> mirror_horizontal,per_pixel_accuracy_pct,,,,
5,translate_up -> mirror_horizontal,object_per_pixel_accuracy_pct,,,,
5,translate_up -> mirror_horizontal,cross_entropy_loss,,,,
5,translate_up -> rot90,samples,0,0,0,0
5,translate_up -> rot90,grid_accuracy_pct,,,,
5,translate_up -> rot90,per_pixel_accuracy_pct,,,,
5,translate_up -> rot90,object_per_pixel_accuracy_pct,,,,
5,translate_up -> rot90,cross_entropy_loss,,,,
5,translate_up -> translate_up,samples,0,0,0,0
5,translate_up -> translate_up,grid_accuracy_pct,,,,
5,translate_up -> translate_up,per_pixel_accuracy_pct,,,,
5,translate_up -> translate_up,object_per_pixel_accuracy_pct,,,,
5,translate_up -> translate_up,cross_entropy_loss,,,,
