experiment,split,total_rows,composition_rows,function_rows,evaluated_rows
1,val,1000,666,334,1000
1,val_ood,1000,1000,0,1000
1,test,1000,666,334,666
1,test_ood,1000,1000,0,1000
2,val,1000,700,300,1000
2,val_ood,1000,1000,0,1000
2,test,1000,700,300,700
2,test_ood,1000,1000,0,1000
3,val,1000,666,334,1000
3,val_ood,1000,1000,0,1000
3,test,1000,666,334,666
3,test_ood,1000,1000,0,1000
4,val,100,66,34,100
4,val_ood,100,100,0,100
4,test,100,66,34,66
4,test_ood,100,100,0,100
5,val,1000,666,334,1000
5,val_ood,1000,1000,0,1000
5,test,1000,666,334,666
5,test_ood,1000,1000,0,1000
