checkpoint_path,checkpoint_sha256,git_commit,experiment_id,split,f,g,program,function_ordering,oracle_valid_count,model_sample_count,sample_count,layer,seed,global_step,probe_fit_sample_count,g_probe_fit_sample_count,ridge,pool_grid,pca_settings,source_kind,context,rank_setting,pca_rank,id_projection_error,projection_error,energy_error,random_projection_error,random_energy_error,principal_angle_defect,effective_id_rank,effective_ood_rank,ood_pca_role,pca_status
/home/ubuntu/cogitao-research/checkpoints/cogitao_vit_cross_attention/cogitao_c1_experiment_1_vit6_function_mlp_cross_attention/run_000/milestone_025pct.ckpt,c9b3a5bc4ad4906076a368f18e0a44f94677af172f0cf07220224165b0995543,dfec9cbb2afe6616194c1fb41430c0c5d2bc4208,1,val_ood,rot90,translate_up,translate_up -> rot90,"pair (f,g): fgx=f(g(x)); task-token order [g,f] means g -> f",1,1,1,image_input_tokens,42,19500,2,2,0.01,2,"{""fixed_ranks"": [1], ""variance_thresholds"": [0.9, 0.95]}",recorded_ood,f_given_g,k1,1,0.9971766418774048,0.989421969138156,0.9789558330223582,0.9997865169786955,0.9995730795412985,,1,0,descriptive_only; never used for ID projection,ood_rank_below_requested_rank
/home/ubuntu/cogitao-research/checkpoints/cogitao_vit_cross_attention/cogitao_c1_experiment_1_vit6_function_mlp_cross_attention/run_000/milestone_025pct.ckpt,c9b3a5bc4ad4906076a368f18e0a44f94677af172f0cf07220224165b0995543,dfec9cbb2afe6616194c1fb41430c0c5d2bc4208,1,val_ood,rot90,translate_up,translate_up -> rot90,"pair (f,g): fgx=f(g(x)); task-token order [g,f] means g -> f",1,1,1,image_input_tokens,42,19500,2,2,0.01,2,"{""fixed_ranks"": [1], ""variance_thresholds"": [0.9, 0.95]}",recorded_ood,f_given_g,variance_0.9,1,0.9971766418774048,0.989421969138156,0.9789558330223582,0.9997865169786955,0.9995730795412985,,1,0,descriptive_only; never used for ID projection,ood_rank_below_requested_rank
/home/ubuntu/cogitao-research/checkpoints/cogitao_vit_cross_attention/cogitao_c1_experiment_1_vit6_function_mlp_cross_attention/run_000/milestone_025pct.ckpt,c9b3a5bc4ad4906076a368f18e0a44f94677af172f0cf07220224165b0995543,dfec9cbb2afe6616194c1fb41430c0c5d2bc4208,1,val_ood,rot90,translate_up,translate_up -> rot90,"pair (f,g): fgx=f(g(x)); task-token order [g,f] means g -> f",1,1,1,image_input_tokens,42,19500,2,2,0.01,2,"{""fixed_ranks"": [1], ""variance_thresholds"": [0.9, 0.95]}",recorded_ood,f_given_g,variance_0.95,1,0.9971766418774048,0.989421969138156,0.9789558330223582,0.9997865169786955,0.9995730795412985,,1,0,descriptive_only; never used for ID projection,ood_rank_below_requested_rank
/home/ubuntu/cogitao-research/checkpoints/cogitao_vit_cross_attention/cogitao_c1_experiment_1_vit6_function_mlp_cross_attention/run_000/milestone_025pct.ckpt,c9b3a5bc4ad4906076a368f18e0a44f94677af172f0cf07220224165b0995543,dfec9cbb2afe6616194c1fb41430c0c5d2bc4208,1,val_ood,rot90,translate_up,translate_up -> rot90,"pair (f,g): fgx=f(g(x)); task-token order [g,f] means g -> f",1,1,1,image_input_tokens,42,19500,2,2,0.01,2,"{""fixed_ranks"": [1], ""variance_thresholds"": [0.9, 0.95]}",recorded_ood,g_given_f,k1,1,0.9790827552667551,0.989628920548118,0.9793654003922623,0.999462997734516,0.9989262838473952,,1,0,descriptive_only; never used for ID projection,ood_rank_below_requested_rank
/home/ubuntu/cogitao-research/checkpoints/cogitao_vit_cross_attention/cogitao_c1_experiment_1_vit6_function_mlp_cross_attention/run_000/milestone_025pct.ckpt,c9b3a5bc4ad4906076a368f18e0a44f94677af172f0cf07220224165b0995543,dfec9cbb2afe6616194c1fb41430c0c5d2bc4208,1,val_ood,rot90,translate_up,translate_up -> rot90,"pair (f,g): fgx=f(g(x)); task-token order [g,f] means g -> f",1,1,1,image_input_tokens,42,19500,2,2,0.01,2,"{""fixed_ranks"": [1], ""variance_thresholds"": [0.9, 0.95]}",recorded_ood,g_given_f,variance_0.9,1,0.9790827552667551,0.989628920548118,0.9793654003922623,0.999462997734516,0.9989262838473952,,1,0,descriptive_only; never used for ID projection,ood_rank_below_requested_rank
/home/ubuntu/cogitao-research/checkpoints/cogitao_vit_cross_attention/cogitao_c1_experiment_1_vit6_function_mlp_cross_attention/run_000/milestone_025pct.ckpt,c9b3a5bc4ad4906076a368f18e0a44f94677af172f0cf07220224165b0995543,dfec9cbb2afe6616194c1fb41430c0c5d2bc4208,1,val_ood,rot90,translate_up,translate_up -> rot90,"pair (f,g): fgx=f(g(x)); task-token order [g,f] means g -> f",1,1,1,image_input_tokens,42,19500,2,2,0.01,2,"{""fixed_ranks"": [1], ""variance_thresholds"": [0.9, 0.95]}",recorded_ood,g_given_f,variance_0.95,1,0.9790827552667551,0.989628920548118,0.9793654003922623,0.999462997734516,0.9989262838473952,,1,0,descriptive_only; never used for ID projection,ood_rank_below_requested_rank
/home/ubuntu/cogitao-research/checkpoints/cogitao_vit_cross_attention/cogitao_c1_experiment_1_vit6_function_mlp_cross_attention/run_000/milestone_025pct.ckpt,c9b3a5bc4ad4906076a368f18e0a44f94677af172f0cf07220224165b0995543,dfec9cbb2afe6616194c1fb41430c0c5d2bc4208,1,val_ood,rot90,translate_up,translate_up -> rot90,"pair (f,g): fgx=f(g(x)); task-token order [g,f] means g -> f",1,1,1,image_block_01,42,19500,2,2,0.01,2,"{""fixed_ranks"": [1], ""variance_thresholds"": [0.9, 0.95]}",recorded_ood,f_given_g,k1,1,0.9954522824457009,0.9953178001680382,0.9906575233315603,0.9985654700706016,0.9971329980175406,,1,0,descriptive_only; never used for ID projection,ood_rank_below_requested_rank
/home/ubuntu/cogitao-research/checkpoints/cogitao_vit_cross_attention/cogitao_c1_experiment_1_vit6_function_mlp_cross_attention/run_000/milestone_025pct.ckpt,c9b3a5bc4ad4906076a368f18e0a44f94677af172f0cf07220224165b0995543,dfec9cbb2afe6616194c1fb41430c0c5d2bc4208,1,val_ood,rot90,translate_up,translate_up -> rot90,"pair (f,g): fgx=f(g(x)); task-token order [g,f] means g -> f",1,1,1,image_block_01,42,19500,2,2,0.01,2,"{""fixed_ranks"": [1], ""variance_thresholds"": [0.9, 0.95]}",recorded_ood,f_given_g,variance_0.9,1,0.9954522824457009,0.9953178001680382,0.9906575233315603,0.9985654700706016,0.9971329980175406,,1,0,descriptive_only; never used for ID projection,ood_rank_below_requested_rank
/home/ubuntu/cogitao-research/checkpoints/cogitao_vit_cross_attention/cogitao_c1_experiment_1_vit6_function_mlp_cross_attention/run_000/milestone_025pct.ckpt,c9b3a5bc4ad4906076a368f18e0a44f94677af172f0cf07220224165b0995543,dfec9cbb2afe6616194c1fb41430c0c5d2bc4208,1,val_ood,rot90,translate_up,translate_up -> rot90,"pair (f,g): fgx=f(g(x)); task-token order [g,f] means g -> f",1,1,1,image_block_01,42,19500,2,2,0.01,2,"{""fixed_ranks"": [1], ""variance_thresholds"": [0.9, 0.95]}",recorded_ood,f_given_g,variance_0.95,1,0.9954522824457009,0.9953178001680382,0.9906575233315603,0.9985654700706016,0.9971329980175406,,1,0,descriptive_only; never used for ID projection,ood_rank_below_requested_rank
/home/ubuntu/cogitao-research/checkpoints/cogitao_vit_cross_attention/cogitao_c1_experiment_1_vit6_function_mlp_cross_attention/run_000/milestone_025pct.ckpt,c9b3a5bc4ad4906076a368f18e0a44f94677af172f0cf07220224165b0995543,dfec9cbb2afe6616194c1fb41430c0c5d2bc4208,1,val_ood,rot90,translate_up,translate_up -> rot90,"pair (f,g): fgx=f(g(x)); task-token order [g,f] means g -> f",1,1,1,image_block_01,42,19500,2,2,0.01,2,"{""fixed_ranks"": [1], ""variance_thresholds"": [0.9, 0.95]}",recorded_ood,g_given_f,k1,1,0.9126301059712069,0.9571392730064803,0.9161155879321423,0.9999164736341444,0.9998329542457661,,1,0,descriptive_only; never used for ID projection,ood_rank_below_requested_rank
/home/ubuntu/cogitao-research/checkpoints/cogitao_vit_cross_attention/cogitao_c1_experiment_1_vit6_function_mlp_cross_attention/run_000/milestone_025pct.ckpt,c9b3a5bc4ad4906076a368f18e0a44f94677af172f0cf07220224165b0995543,dfec9cbb2afe6616194c1fb41430c0c5d2bc4208,1,val_ood,rot90,translate_up,translate_up -> rot90,"pair (f,g): fgx=f(g(x)); task-token order [g,f] means g -> f",1,1,1,image_block_01,42,19500,2,2,0.01,2,"{""fixed_ranks"": [1], ""variance_thresholds"": [0.9, 0.95]}",recorded_ood,g_given_f,variance_0.9,1,0.9126301059712069,0.9571392730064803,0.9161155879321423,0.9999164736341444,0.9998329542457661,,1,0,descriptive_only; never used for ID projection,ood_rank_below_requested_rank
/home/ubuntu/cogitao-research/checkpoints/cogitao_vit_cross_attention/cogitao_c1_experiment_1_vit6_function_mlp_cross_attention/run_000/milestone_025pct.ckpt,c9b3a5bc4ad4906076a368f18e0a44f94677af172f0cf07220224165b0995543,dfec9cbb2afe6616194c1fb41430c0c5d2bc4208,1,val_ood,rot90,translate_up,translate_up -> rot90,"pair (f,g): fgx=f(g(x)); task-token order [g,f] means g -> f",1,1,1,image_block_01,42,19500,2,2,0.01,2,"{""fixed_ranks"": [1], ""variance_thresholds"": [0.9, 0.95]}",recorded_ood,g_given_f,variance_0.95,1,0.9126301059712069,0.9571392730064803,0.9161155879321423,0.9999164736341444,0.9998329542457661,,1,0,descriptive_only; never used for ID projection,ood_rank_below_requested_rank
/home/ubuntu/cogitao-research/checkpoints/cogitao_vit_cross_attention/cogitao_c1_experiment_1_vit6_function_mlp_cross_attention/run_000/milestone_025pct.ckpt,c9b3a5bc4ad4906076a368f18e0a44f94677af172f0cf07220224165b0995543,dfec9cbb2afe6616194c1fb41430c0c5d2bc4208,1,val_ood,rot90,translate_up,translate_up -> rot90,"pair (f,g): fgx=f(g(x)); task-token order [g,f] means g -> f",1,1,1,image_block_02,42,19500,2,2,0.01,2,"{""fixed_ranks"": [1], ""variance_thresholds"": [0.9, 0.95]}",recorded_ood,f_given_g,k1,1,0.9698158290035479,0.9731618665561481,0.947044018519158,0.9984681724067045,0.996938691309302,,1,0,descriptive_only; never used for ID projection,ood_rank_below_requested_rank
/home/ubuntu/cogitao-research/checkpoints/cogitao_vit_cross_attention/cogitao_c1_experiment_1_vit6_function_mlp_cross_attention/run_000/milestone_025pct.ckpt,c9b3a5bc4ad4906076a368f18e0a44f94677af172f0cf07220224165b0995543,dfec9cbb2afe6616194c1fb41430c0c5d2bc4208,1,val_ood,rot90,translate_up,translate_up -> rot90,"pair (f,g): fgx=f(g(x)); task-token order [g,f] means g -> f",1,1,1,image_block_02,42,19500,2,2,0.01,2,"{""fixed_ranks"": [1], ""variance_thresholds"": [0.9, 0.95]}",recorded_ood,f_given_g,variance_0.9,1,0.9698158290035479,0.9731618665561481,0.947044018519158,0.9984681724067045,0.996938691309302,,1,0,descriptive_only; never used for ID projection,ood_rank_below_requested_rank
/home/ubuntu/cogitao-research/checkpoints/cogitao_vit_cross_attention/cogitao_c1_experiment_1_vit6_function_mlp_cross_attention/run_000/milestone_025pct.ckpt,c9b3a5bc4ad4906076a368f18e0a44f94677af172f0cf07220224165b0995543,dfec9cbb2afe6616194c1fb41430c0c5d2bc4208,1,val_ood,rot90,translate_up,translate_up -> rot90,"pair (f,g): fgx=f(g(x)); task-token order [g,f] means g -> f",1,1,1,image_block_02,42,19500,2,2,0.01,2,"{""fixed_ranks"": [1], ""variance_thresholds"": [0.9, 0.95]}",recorded_ood,f_given_g,variance_0.95,1,0.9698158290035479,0.9731618665561481,0.947044018519158,0.9984681724067045,0.996938691309302,,1,0,descriptive_only; never used for ID projection,ood_rank_below_requested_rank
/home/ubuntu/cogitao-research/checkpoints/cogitao_vit_cross_attention/cogitao_c1_experiment_1_vit6_function_mlp_cross_attention/run_000/milestone_025pct.ckpt,c9b3a5bc4ad4906076a368f18e0a44f94677af172f0cf07220224165b0995543,dfec9cbb2afe6616194c1fb41430c0c5d2bc4208,1,val_ood,rot90,translate_up,translate_up -> rot90,"pair (f,g): fgx=f(g(x)); task-token order [g,f] means g -> f",1,1,1,image_block_02,42,19500,2,2,0.01,2,"{""fixed_ranks"": [1], ""variance_thresholds"": [0.9, 0.95]}",recorded_ood,g_given_f,k1,1,0.9776996942258194,0.9836265664277286,0.9675212221828722,0.9999716988093418,0.9999433984201249,,1,0,descriptive_only; never used for ID projection,ood_rank_below_requested_rank
/home/ubuntu/cogitao-research/checkpoints/cogitao_vit_cross_attention/cogitao_c1_experiment_1_vit6_function_mlp_cross_attention/run_000/milestone_025pct.ckpt,c9b3a5bc4ad4906076a368f18e0a44f94677af172f0cf07220224165b0995543,dfec9cbb2afe6616194c1fb41430c0c5d2bc4208,1,val_ood,rot90,translate_up,translate_up -> rot90,"pair (f,g): fgx=f(g(x)); task-token order [g,f] means g -> f",1,1,1,image_block_02,42,19500,2,2,0.01,2,"{""fixed_ranks"": [1], ""variance_thresholds"": [0.9, 0.95]}",recorded_ood,g_given_f,variance_0.9,1,0.9776996942258194,0.9836265664277286,0.9675212221828722,0.9999716988093418,0.9999433984201249,,1,0,descriptive_only; never used for ID projection,ood_rank_below_requested_rank
/home/ubuntu/cogitao-research/checkpoints/cogitao_vit_cross_attention/cogitao_c1_experiment_1_vit6_function_mlp_cross_attention/run_000/milestone_025pct.ckpt,c9b3a5bc4ad4906076a368f18e0a44f94677af172f0cf07220224165b0995543,dfec9cbb2afe6616194c1fb41430c0c5d2bc4208,1,val_ood,rot90,translate_up,translate_up -> rot90,"pair (f,g): fgx=f(g(x)); task-token order [g,f] means g -> f",1,1,1,image_block_02,42,19500,2,2,0.01,2,"{""fixed_ranks"": [1], ""variance_thresholds"": [0.9, 0.95]}",recorded_ood,g_given_f,variance_0.95,1,0.9776996942258194,0.9836265664277286,0.9675212221828722,0.9999716988093418,0.9999433984201249,,1,0,descriptive_only; never used for ID projection,ood_rank_below_requested_rank
/home/ubuntu/cogitao-research/checkpoints/cogitao_vit_cross_attention/cogitao_c1_experiment_1_vit6_function_mlp_cross_attention/run_000/milestone_025pct.ckpt,c9b3a5bc4ad4906076a368f18e0a44f94677af172f0cf07220224165b0995543,dfec9cbb2afe6616194c1fb41430c0c5d2bc4208,1,val_ood,rot90,translate_up,translate_up -> rot90,"pair (f,g): fgx=f(g(x)); task-token order [g,f] means g -> f",1,1,1,image_block_03,42,19500,2,2,0.01,2,"{""fixed_ranks"": [1], ""variance_thresholds"": [0.9, 0.95]}",recorded_ood,f_given_g,k1,1,0.9760394307237538,0.9765719444938188,0.9536927627725202,0.9984967508732255,0.9969957615044738,,1,0,descriptive_only; never used for ID projection,ood_rank_below_requested_rank
/home/ubuntu/cogitao-research/checkpoints/cogitao_vit_cross_attention/cogitao_c1_experiment_1_vit6_function_mlp_cross_attention/run_000/milestone_025pct.ckpt,c9b3a5bc4ad4906076a368f18e0a44f94677af172f0cf07220224165b0995543,dfec9cbb2afe6616194c1fb41430c0c5d2bc4208,1,val_ood,rot90,translate_up,translate_up -> rot90,"pair (f,g): fgx=f(g(x)); task-token order [g,f] means g -> f",1,1,1,image_block_03,42,19500,2,2,0.01,2,"{""fixed_ranks"": [1], ""variance_thresholds"": [0.9, 0.95]}",recorded_ood,f_given_g,variance_0.9,1,0.9760394307237538,0.9765719444938188,0.9536927627725202,0.9984967508732255,0.9969957615044738,,1,0,descriptive_only; never used for ID projection,ood_rank_below_requested_rank
/home/ubuntu/cogitao-research/checkpoints/cogitao_vit_cross_attention/cogitao_c1_experiment_1_vit6_function_mlp_cross_attention/run_000/milestone_025pct.ckpt,c9b3a5bc4ad4906076a368f18e0a44f94677af172f0cf07220224165b0995543,dfec9cbb2afe6616194c1fb41430c0c5d2bc4208,1,val_ood,rot90,translate_up,translate_up -> rot90,"pair (f,g): fgx=f(g(x)); task-token order [g,f] means g -> f",1,1,1,image_block_03,42,19500,2,2,0.01,2,"{""fixed_ranks"": [1], ""variance_thresholds"": [0.9, 0.95]}",recorded_ood,f_given_g,variance_0.95,1,0.9760394307237538,0.9765719444938188,0.9536927627725202,0.9984967508732255,0.9969957615044738,,1,0,descriptive_only; never used for ID projection,ood_rank_below_requested_rank
/home/ubuntu/cogitao-research/checkpoints/cogitao_vit_cross_attention/cogitao_c1_experiment_1_vit6_function_mlp_cross_attention/run_000/milestone_025pct.ckpt,c9b3a5bc4ad4906076a368f18e0a44f94677af172f0cf07220224165b0995543,dfec9cbb2afe6616194c1fb41430c0c5d2bc4208,1,val_ood,rot90,translate_up,translate_up -> rot90,"pair (f,g): fgx=f(g(x)); task-token order [g,f] means g -> f",1,1,1,image_block_03,42,19500,2,2,0.01,2,"{""fixed_ranks"": [1], ""variance_thresholds"": [0.9, 0.95]}",recorded_ood,g_given_f,k1,1,0.9851834784143971,0.9864533447499829,0.9730902013688537,0.9997786047927988,0.9995572586018707,,1,0,descriptive_only; never used for ID projection,ood_rank_below_requested_rank
/home/ubuntu/cogitao-research/checkpoints/cogitao_vit_cross_attention/cogitao_c1_experiment_1_vit6_function_mlp_cross_attention/run_000/milestone_025pct.ckpt,c9b3a5bc4ad4906076a368f18e0a44f94677af172f0cf07220224165b0995543,dfec9cbb2afe6616194c1fb41430c0c5d2bc4208,1,val_ood,rot90,translate_up,translate_up -> rot90,"pair (f,g): fgx=f(g(x)); task-token order [g,f] means g -> f",1,1,1,image_block_03,42,19500,2,2,0.01,2,"{""fixed_ranks"": [1], ""variance_thresholds"": [0.9, 0.95]}",recorded_ood,g_given_f,variance_0.9,1,0.9851834784143971,0.9864533447499829,0.9730902013688537,0.9997786047927988,0.9995572586018707,,1,0,descriptive_only; never used for ID projection,ood_rank_below_requested_rank
/home/ubuntu/cogitao-research/checkpoints/cogitao_vit_cross_attention/cogitao_c1_experiment_1_vit6_function_mlp_cross_attention/run_000/milestone_025pct.ckpt,c9b3a5bc4ad4906076a368f18e0a44f94677af172f0cf07220224165b0995543,dfec9cbb2afe6616194c1fb41430c0c5d2bc4208,1,val_ood,rot90,translate_up,translate_up -> rot90,"pair (f,g): fgx=f(g(x)); task-token order [g,f] means g -> f",1,1,1,image_block_03,42,19500,2,2,0.01,2,"{""fixed_ranks"": [1], ""variance_thresholds"": [0.9, 0.95]}",recorded_ood,g_given_f,variance_0.95,1,0.9851834784143971,0.9864533447499829,0.9730902013688537,0.9997786047927988,0.9995572586018707,,1,0,descriptive_only; never used for ID projection,ood_rank_below_requested_rank
/home/ubuntu/cogitao-research/checkpoints/cogitao_vit_cross_attention/cogitao_c1_experiment_1_vit6_function_mlp_cross_attention/run_000/milestone_025pct.ckpt,c9b3a5bc4ad4906076a368f18e0a44f94677af172f0cf07220224165b0995543,dfec9cbb2afe6616194c1fb41430c0c5d2bc4208,1,val_ood,rot90,translate_up,translate_up -> rot90,"pair (f,g): fgx=f(g(x)); task-token order [g,f] means g -> f",1,1,1,image_block_04,42,19500,2,2,0.01,2,"{""fixed_ranks"": [1], ""variance_thresholds"": [0.9, 0.95]}",recorded_ood,f_given_g,k1,1,0.9766263560923293,0.9787994692216924,0.9580484009487356,0.9983455797520118,0.9966938966104523,,1,0,descriptive_only; never used for ID projection,ood_rank_below_requested_rank
/home/ubuntu/cogitao-research/checkpoints/cogitao_vit_cross_attention/cogitao_c1_experiment_1_vit6_function_mlp_cross_attention/run_000/milestone_025pct.ckpt,c9b3a5bc4ad4906076a368f18e0a44f94677af172f0cf07220224165b0995543,dfec9cbb2afe6616194c1fb41430c0c5d2bc4208,1,val_ood,rot90,translate_up,translate_up -> rot90,"pair (f,g): fgx=f(g(x)); task-token order [g,f] means g -> f",1,1,1,image_block_04,42,19500,2,2,0.01,2,"{""fixed_ranks"": [1], ""variance_thresholds"": [0.9, 0.95]}",recorded_ood,f_given_g,variance_0.9,1,0.9766263560923293,0.9787994692216924,0.9580484009487356,0.9983455797520118,0.9966938966104523,,1,0,descriptive_only; never used for ID projection,ood_rank_below_requested_rank
/home/ubuntu/cogitao-research/checkpoints/cogitao_vit_cross_attention/cogitao_c1_experiment_1_vit6_function_mlp_cross_attention/run_000/milestone_025pct.ckpt,c9b3a5bc4ad4906076a368f18e0a44f94677af172f0cf07220224165b0995543,dfec9cbb2afe6616194c1fb41430c0c5d2bc4208,1,val_ood,rot90,translate_up,translate_up -> rot90,"pair (f,g): fgx=f(g(x)); task-token order [g,f] means g -> f",1,1,1,image_block_04,42,19500,2,2,0.01,2,"{""fixed_ranks"": [1], ""variance_thresholds"": [0.9, 0.95]}",recorded_ood,f_given_g,variance_0.95,1,0.9766263560923293,0.9787994692216924,0.9580484009487356,0.9983455797520118,0.9966938966104523,,1,0,descriptive_only; never used for ID projection,ood_rank_below_requested_rank
/home/ubuntu/cogitao-research/checkpoints/cogitao_vit_cross_attention/cogitao_c1_experiment_1_vit6_function_mlp_cross_attention/run_000/milestone_025pct.ckpt,c9b3a5bc4ad4906076a368f18e0a44f94677af172f0cf07220224165b0995543,dfec9cbb2afe6616194c1fb41430c0c5d2bc4208,1,val_ood,rot90,translate_up,translate_up -> rot90,"pair (f,g): fgx=f(g(x)); task-token order [g,f] means g -> f",1,1,1,image_block_04,42,19500,2,2,0.01,2,"{""fixed_ranks"": [1], ""variance_thresholds"": [0.9, 0.95]}",recorded_ood,g_given_f,k1,1,0.9957321248932488,0.9915855570051937,0.9832419168616866,0.9999563525501379,0.9999127070057677,,1,0,descriptive_only; never used for ID projection,ood_rank_below_requested_rank
/home/ubuntu/cogitao-research/checkpoints/cogitao_vit_cross_attention/cogitao_c1_experiment_1_vit6_function_mlp_cross_attention/run_000/milestone_025pct.ckpt,c9b3a5bc4ad4906076a368f18e0a44f94677af172f0cf07220224165b0995543,dfec9cbb2afe6616194c1fb41430c0c5d2bc4208,1,val_ood,rot90,translate_up,translate_up -> rot90,"pair (f,g): fgx=f(g(x)); task-token order [g,f] means g -> f",1,1,1,image_block_04,42,19500,2,2,0.01,2,"{""fixed_ranks"": [1], ""variance_thresholds"": [0.9, 0.95]}",recorded_ood,g_given_f,variance_0.9,1,0.9957321248932488,0.9915855570051937,0.9832419168616866,0.9999563525501379,0.9999127070057677,,1,0,descriptive_only; never used for ID projection,ood_rank_below_requested_rank
/home/ubuntu/cogitao-research/checkpoints/cogitao_vit_cross_attention/cogitao_c1_experiment_1_vit6_function_mlp_cross_attention/run_000/milestone_025pct.ckpt,c9b3a5bc4ad4906076a368f18e0a44f94677af172f0cf07220224165b0995543,dfec9cbb2afe6616194c1fb41430c0c5d2bc4208,1,val_ood,rot90,translate_up,translate_up -> rot90,"pair (f,g): fgx=f(g(x)); task-token order [g,f] means g -> f",1,1,1,image_block_04,42,19500,2,2,0.01,2,"{""fixed_ranks"": [1], ""variance_thresholds"": [0.9, 0.95]}",recorded_ood,g_given_f,variance_0.95,1,0.9957321248932488,0.9915855570051937,0.9832419168616866,0.9999563525501379,0.9999127070057677,,1,0,descriptive_only; never used for ID projection,ood_rank_below_requested_rank
/home/ubuntu/cogitao-research/checkpoints/cogitao_vit_cross_attention/cogitao_c1_experiment_1_vit6_function_mlp_cross_attention/run_000/milestone_025pct.ckpt,c9b3a5bc4ad4906076a368f18e0a44f94677af172f0cf07220224165b0995543,dfec9cbb2afe6616194c1fb41430c0c5d2bc4208,1,val_ood,rot90,translate_up,translate_up -> rot90,"pair (f,g): fgx=f(g(x)); task-token order [g,f] means g -> f",1,1,1,image_block_05,42,19500,2,2,0.01,2,"{""fixed_ranks"": [1], ""variance_thresholds"": [0.9, 0.95]}",recorded_ood,f_given_g,k1,1,0.9807368029044518,0.9812658707119762,0.9628827090241916,0.9980960678110906,0.9961957605800217,,1,0,descriptive_only; never used for ID projection,ood_rank_below_requested_rank
/home/ubuntu/cogitao-research/checkpoints/cogitao_vit_cross_attention/cogitao_c1_experiment_1_vit6_function_mlp_cross_attention/run_000/milestone_025pct.ckpt,c9b3a5bc4ad4906076a368f18e0a44f94677af172f0cf07220224165b0995543,dfec9cbb2afe6616194c1fb41430c0c5d2bc4208,1,val_ood,rot90,translate_up,translate_up -> rot90,"pair (f,g): fgx=f(g(x)); task-token order [g,f] means g -> f",1,1,1,image_block_05,42,19500,2,2,0.01,2,"{""fixed_ranks"": [1], ""variance_thresholds"": [0.9, 0.95]}",recorded_ood,f_given_g,variance_0.9,1,0.9807368029044518,0.9812658707119762,0.9628827090241916,0.9980960678110906,0.9961957605800217,,1,0,descriptive_only; never used for ID projection,ood_rank_below_requested_rank
/home/ubuntu/cogitao-research/checkpoints/cogitao_vit_cross_attention/cogitao_c1_experiment_1_vit6_function_mlp_cross_attention/run_000/milestone_025pct.ckpt,c9b3a5bc4ad4906076a368f18e0a44f94677af172f0cf07220224165b0995543,dfec9cbb2afe6616194c1fb41430c0c5d2bc4208,1,val_ood,rot90,translate_up,translate_up -> rot90,"pair (f,g): fgx=f(g(x)); task-token order [g,f] means g -> f",1,1,1,image_block_05,42,19500,2,2,0.01,2,"{""fixed_ranks"": [1], ""variance_thresholds"": [0.9, 0.95]}",recorded_ood,f_given_g,variance_0.95,1,0.9807368029044518,0.9812658707119762,0.9628827090241916,0.9980960678110906,0.9961957605800217,,1,0,descriptive_only; never used for ID projection,ood_rank_below_requested_rank
/home/ubuntu/cogitao-research/checkpoints/cogitao_vit_cross_attention/cogitao_c1_experiment_1_vit6_function_mlp_cross_attention/run_000/milestone_025pct.ckpt,c9b3a5bc4ad4906076a368f18e0a44f94677af172f0cf07220224165b0995543,dfec9cbb2afe6616194c1fb41430c0c5d2bc4208,1,val_ood,rot90,translate_up,translate_up -> rot90,"pair (f,g): fgx=f(g(x)); task-token order [g,f] means g -> f",1,1,1,image_block_05,42,19500,2,2,0.01,2,"{""fixed_ranks"": [1], ""variance_thresholds"": [0.9, 0.95]}",recorded_ood,g_given_f,k1,1,0.9963032045503476,0.9937153422071221,0.9874701813381723,0.9998629685668405,0.999725955911653,,1,0,descriptive_only; never used for ID projection,ood_rank_below_requested_rank
/home/ubuntu/cogitao-research/checkpoints/cogitao_vit_cross_attention/cogitao_c1_experiment_1_vit6_function_mlp_cross_attention/run_000/milestone_025pct.ckpt,c9b3a5bc4ad4906076a368f18e0a44f94677af172f0cf07220224165b0995543,dfec9cbb2afe6616194c1fb41430c0c5d2bc4208,1,val_ood,rot90,translate_up,translate_up -> rot90,"pair (f,g): fgx=f(g(x)); task-token order [g,f] means g -> f",1,1,1,image_block_05,42,19500,2,2,0.01,2,"{""fixed_ranks"": [1], ""variance_thresholds"": [0.9, 0.95]}",recorded_ood,g_given_f,variance_0.9,1,0.9963032045503476,0.9937153422071221,0.9874701813381723,0.9998629685668405,0.999725955911653,,1,0,descriptive_only; never used for ID projection,ood_rank_below_requested_rank
/home/ubuntu/cogitao-research/checkpoints/cogitao_vit_cross_attention/cogitao_c1_experiment_1_vit6_function_mlp_cross_attention/run_000/milestone_025pct.ckpt,c9b3a5bc4ad4906076a368f18e0a44f94677af172f0cf07220224165b0995543,dfec9cbb2afe6616194c1fb41430c0c5d2bc4208,1,val_ood,rot90,translate_up,translate_up -> rot90,"pair (f,g): fgx=f(g(x)); task-token order [g,f] means g -> f",1,1,1,image_block_05,42,19500,2,2,0.01,2,"{""fixed_ranks"": [1], ""variance_thresholds"": [0.9, 0.95]}",recorded_ood,g_given_f,variance_0.95,1,0.9963032045503476,0.9937153422071221,0.9874701813381723,0.9998629685668405,0.999725955911653,,1,0,descriptive_only; never used for ID projection,ood_rank_below_requested_rank
/home/ubuntu/cogitao-research/checkpoints/cogitao_vit_cross_attention/cogitao_c1_experiment_1_vit6_function_mlp_cross_attention/run_000/milestone_025pct.ckpt,c9b3a5bc4ad4906076a368f18e0a44f94677af172f0cf07220224165b0995543,dfec9cbb2afe6616194c1fb41430c0c5d2bc4208,1,val_ood,rot90,translate_up,translate_up -> rot90,"pair (f,g): fgx=f(g(x)); task-token order [g,f] means g -> f",1,1,1,image_block_06,42,19500,2,2,0.01,2,"{""fixed_ranks"": [1], ""variance_thresholds"": [0.9, 0.95]}",recorded_ood,f_given_g,k1,1,0.9949205153457249,0.9940919741205784,0.9882188530110031,0.9986088336202631,0.9972196025844775,,1,0,descriptive_only; never used for ID projection,ood_rank_below_requested_rank
/home/ubuntu/cogitao-research/checkpoints/cogitao_vit_cross_attention/cogitao_c1_experiment_1_vit6_function_mlp_cross_attention/run_000/milestone_025pct.ckpt,c9b3a5bc4ad4906076a368f18e0a44f94677af172f0cf07220224165b0995543,dfec9cbb2afe6616194c1fb41430c0c5d2bc4208,1,val_ood,rot90,translate_up,translate_up -> rot90,"pair (f,g): fgx=f(g(x)); task-token order [g,f] means g -> f",1,1,1,image_block_06,42,19500,2,2,0.01,2,"{""fixed_ranks"": [1], ""variance_thresholds"": [0.9, 0.95]}",recorded_ood,f_given_g,variance_0.9,1,0.9949205153457249,0.9940919741205784,0.9882188530110031,0.9986088336202631,0.9972196025844775,,1,0,descriptive_only; never used for ID projection,ood_rank_below_requested_rank
/home/ubuntu/cogitao-research/checkpoints/cogitao_vit_cross_attention/cogitao_c1_experiment_1_vit6_function_mlp_cross_attention/run_000/milestone_025pct.ckpt,c9b3a5bc4ad4906076a368f18e0a44f94677af172f0cf07220224165b0995543,dfec9cbb2afe6616194c1fb41430c0c5d2bc4208,1,val_ood,rot90,translate_up,translate_up -> rot90,"pair (f,g): fgx=f(g(x)); task-token order [g,f] means g -> f",1,1,1,image_block_06,42,19500,2,2,0.01,2,"{""fixed_ranks"": [1], ""variance_thresholds"": [0.9, 0.95]}",recorded_ood,f_given_g,variance_0.95,1,0.9949205153457249,0.9940919741205784,0.9882188530110031,0.9986088336202631,0.9972196025844775,,1,0,descriptive_only; never used for ID projection,ood_rank_below_requested_rank
/home/ubuntu/cogitao-research/checkpoints/cogitao_vit_cross_attention/cogitao_c1_experiment_1_vit6_function_mlp_cross_attention/run_000/milestone_025pct.ckpt,c9b3a5bc4ad4906076a368f18e0a44f94677af172f0cf07220224165b0995543,dfec9cbb2afe6616194c1fb41430c0c5d2bc4208,1,val_ood,rot90,translate_up,translate_up -> rot90,"pair (f,g): fgx=f(g(x)); task-token order [g,f] means g -> f",1,1,1,image_block_06,42,19500,2,2,0.01,2,"{""fixed_ranks"": [1], ""variance_thresholds"": [0.9, 0.95]}",recorded_ood,g_given_f,k1,1,0.9981328856107897,0.993649758219625,0.9873398420102438,0.9996397383134289,0.9992796064156689,,1,0,descriptive_only; never used for ID projection,ood_rank_below_requested_rank
/home/ubuntu/cogitao-research/checkpoints/cogitao_vit_cross_attention/cogitao_c1_experiment_1_vit6_function_mlp_cross_attention/run_000/milestone_025pct.ckpt,c9b3a5bc4ad4906076a368f18e0a44f94677af172f0cf07220224165b0995543,dfec9cbb2afe6616194c1fb41430c0c5d2bc4208,1,val_ood,rot90,translate_up,translate_up -> rot90,"pair (f,g): fgx=f(g(x)); task-token order [g,f] means g -> f",1,1,1,image_block_06,42,19500,2,2,0.01,2,"{""fixed_ranks"": [1], ""variance_thresholds"": [0.9, 0.95]}",recorded_ood,g_given_f,variance_0.9,1,0.9981328856107897,0.993649758219625,0.9873398420102438,0.9996397383134289,0.9992796064156689,,1,0,descriptive_only; never used for ID projection,ood_rank_below_requested_rank
/home/ubuntu/cogitao-research/checkpoints/cogitao_vit_cross_attention/cogitao_c1_experiment_1_vit6_function_mlp_cross_attention/run_000/milestone_025pct.ckpt,c9b3a5bc4ad4906076a368f18e0a44f94677af172f0cf07220224165b0995543,dfec9cbb2afe6616194c1fb41430c0c5d2bc4208,1,val_ood,rot90,translate_up,translate_up -> rot90,"pair (f,g): fgx=f(g(x)); task-token order [g,f] means g -> f",1,1,1,image_block_06,42,19500,2,2,0.01,2,"{""fixed_ranks"": [1], ""variance_thresholds"": [0.9, 0.95]}",recorded_ood,g_given_f,variance_0.95,1,0.9981328856107897,0.993649758219625,0.9873398420102438,0.9996397383134289,0.9992796064156689,,1,0,descriptive_only; never used for ID projection,ood_rank_below_requested_rank
/home/ubuntu/cogitao-research/checkpoints/cogitao_vit_cross_attention/cogitao_c1_experiment_1_vit6_function_mlp_cross_attention/run_000/milestone_025pct.ckpt,c9b3a5bc4ad4906076a368f18e0a44f94677af172f0cf07220224165b0995543,dfec9cbb2afe6616194c1fb41430c0c5d2bc4208,1,val_ood,rot90,translate_up,translate_up -> rot90,"pair (f,g): fgx=f(g(x)); task-token order [g,f] means g -> f",1,1,1,image_final_norm,42,19500,2,2,0.01,2,"{""fixed_ranks"": [1], ""variance_thresholds"": [0.9, 0.95]}",recorded_ood,f_given_g,k1,1,0.998178038608561,0.9976388792525716,0.9952833333964342,0.9986741686223274,0.9973500950736041,,1,0,descriptive_only; never used for ID projection,ood_rank_below_requested_rank
/home/ubuntu/cogitao-research/checkpoints/cogitao_vit_cross_attention/cogitao_c1_experiment_1_vit6_function_mlp_cross_attention/run_000/milestone_025pct.ckpt,c9b3a5bc4ad4906076a368f18e0a44f94677af172f0cf07220224165b0995543,dfec9cbb2afe6616194c1fb41430c0c5d2bc4208,1,val_ood,rot90,translate_up,translate_up -> rot90,"pair (f,g): fgx=f(g(x)); task-token order [g,f] means g -> f",1,1,1,image_final_norm,42,19500,2,2,0.01,2,"{""fixed_ranks"": [1], ""variance_thresholds"": [0.9, 0.95]}",recorded_ood,f_given_g,variance_0.9,1,0.998178038608561,0.9976388792525716,0.9952833333964342,0.9986741686223274,0.9973500950736041,,1,0,descriptive_only; never used for ID projection,ood_rank_below_requested_rank
/home/ubuntu/cogitao-research/checkpoints/cogitao_vit_cross_attention/cogitao_c1_experiment_1_vit6_function_mlp_cross_attention/run_000/milestone_025pct.ckpt,c9b3a5bc4ad4906076a368f18e0a44f94677af172f0cf07220224165b0995543,dfec9cbb2afe6616194c1fb41430c0c5d2bc4208,1,val_ood,rot90,translate_up,translate_up -> rot90,"pair (f,g): fgx=f(g(x)); task-token order [g,f] means g -> f",1,1,1,image_final_norm,42,19500,2,2,0.01,2,"{""fixed_ranks"": [1], ""variance_thresholds"": [0.9, 0.95]}",recorded_ood,f_given_g,variance_0.95,1,0.998178038608561,0.9976388792525716,0.9952833333964342,0.9986741686223274,0.9973500950736041,,1,0,descriptive_only; never used for ID projection,ood_rank_below_requested_rank
/home/ubuntu/cogitao-research/checkpoints/cogitao_vit_cross_attention/cogitao_c1_experiment_1_vit6_function_mlp_cross_attention/run_000/milestone_025pct.ckpt,c9b3a5bc4ad4906076a368f18e0a44f94677af172f0cf07220224165b0995543,dfec9cbb2afe6616194c1fb41430c0c5d2bc4208,1,val_ood,rot90,translate_up,translate_up -> rot90,"pair (f,g): fgx=f(g(x)); task-token order [g,f] means g -> f",1,1,1,image_final_norm,42,19500,2,2,0.01,2,"{""fixed_ranks"": [1], ""variance_thresholds"": [0.9, 0.95]}",recorded_ood,g_given_f,k1,1,0.9956770344634847,0.9926538189947863,0.9853616043655942,0.9997085197916702,0.9994171245447202,,1,0,descriptive_only; never used for ID projection,ood_rank_below_requested_rank
/home/ubuntu/cogitao-research/checkpoints/cogitao_vit_cross_attention/cogitao_c1_experiment_1_vit6_function_mlp_cross_attention/run_000/milestone_025pct.ckpt,c9b3a5bc4ad4906076a368f18e0a44f94677af172f0cf07220224165b0995543,dfec9cbb2afe6616194c1fb41430c0c5d2bc4208,1,val_ood,rot90,translate_up,translate_up -> rot90,"pair (f,g): fgx=f(g(x)); task-token order [g,f] means g -> f",1,1,1,image_final_norm,42,19500,2,2,0.01,2,"{""fixed_ranks"": [1], ""variance_thresholds"": [0.9, 0.95]}",recorded_ood,g_given_f,variance_0.9,1,0.9956770344634847,0.9926538189947863,0.9853616043655942,0.9997085197916702,0.9994171245447202,,1,0,descriptive_only; never used for ID projection,ood_rank_below_requested_rank
/home/ubuntu/cogitao-research/checkpoints/cogitao_vit_cross_attention/cogitao_c1_experiment_1_vit6_function_mlp_cross_attention/run_000/milestone_025pct.ckpt,c9b3a5bc4ad4906076a368f18e0a44f94677af172f0cf07220224165b0995543,dfec9cbb2afe6616194c1fb41430c0c5d2bc4208,1,val_ood,rot90,translate_up,translate_up -> rot90,"pair (f,g): fgx=f(g(x)); task-token order [g,f] means g -> f",1,1,1,image_final_norm,42,19500,2,2,0.01,2,"{""fixed_ranks"": [1], ""variance_thresholds"": [0.9, 0.95]}",recorded_ood,g_given_f,variance_0.95,1,0.9956770344634847,0.9926538189947863,0.9853616043655942,0.9997085197916702,0.9994171245447202,,1,0,descriptive_only; never used for ID projection,ood_rank_below_requested_rank
