experiment,split,metric,change_shape_color,crop_bottom_side,crop_contours,double_right,extend_contours_same_color,fill_holes_different_color,mirror_horizontal,mirror_vertical,pad_left,pad_right,pad_top,rot90,translate_up
all,val,samples,111,111,11,12,112,100,111,111,111,100,111,223,112
all,val,grid_accuracy_pct,96.3963963963964,96.3963963963964,100.0,100.0,95.53571428571429,98.0,81.98198198198199,96.3963963963964,98.1981981981982,94.0,93.69369369369369,61.43497757847533,91.96428571428571
all,val,per_pixel_accuracy_pct,99.96171171171171,99.98648648648648,100.0,100.0,99.95535714285714,99.99,99.83333333333333,99.97747747747748,99.98873873873873,99.965,99.94144144144144,99.6535874439462,99.94642857142857
all,val,object_per_pixel_accuracy_pct,99.63967413515658,99.81967683310981,100.0,100.0,99.69952420464584,99.9321266412735,97.30480930826685,99.7305125266582,99.9270142198683,99.66699951887131,99.56601245983227,95.8168055845483,99.32055872465882
all,val,cross_entropy_loss,0.0008923584343662762,0.0005462040909246506,3.917659444348167e-06,0.00026700432345933223,0.0011261094137408432,0.0001325842078105552,0.007445962887024244,0.0008351382657968536,0.00031968395995250943,0.0009955463754939046,0.00327719512547176,0.010838828181471229,0.00239880105723062
all,val_ood,samples,0,0,0,0,0,0,0,0,0,0,0,0,0
all,val_ood,grid_accuracy_pct,,,,,,,,,,,,,
all,val_ood,per_pixel_accuracy_pct,,,,,,,,,,,,,
all,val_ood,object_per_pixel_accuracy_pct,,,,,,,,,,,,,
all,val_ood,cross_entropy_loss,,,,,,,,,,,,,
all,test,samples,111,111,11,12,112,100,111,111,111,100,111,223,112
all,test,grid_accuracy_pct,99.09909909909909,99.09909909909909,100.0,100.0,98.21428571428571,99.0,89.1891891891892,90.990990990991,96.3963963963964,95.0,81.08108108108108,64.12556053811659,89.28571428571429
all,test,per_pixel_accuracy_pct,99.99774774774775,99.99774774774775,100.0,100.0,99.99553571428571,99.99,99.93468468468468,99.83558558558559,99.94594594594595,99.9125,99.90765765765765,99.63789237668162,99.87946428571429
all,test,object_per_pixel_accuracy_pct,99.9819819991653,99.96782498316722,100.0,100.0,99.96213247733456,99.89473682641983,99.14401098414584,97.46291173605232,99.5122989555737,99.13604575395584,99.22561522002692,95.5273815033949,98.27226719685963
all,test,cross_entropy_loss,0.00021732857743386744,0.00025004847895791874,4.029262861381126e-05,9.292155137397155e-05,0.00028045207830213517,0.00041212271794277056,0.002275768814035293,0.005335933433379978,0.0017852561161146752,0.004434495266250997,0.003048204685580237,0.011671173884533998,0.0030837786108687784
all,test_ood,samples,0,0,0,0,0,0,0,0,0,0,0,0,0
all,test_ood,grid_accuracy_pct,,,,,,,,,,,,,
all,test_ood,per_pixel_accuracy_pct,,,,,,,,,,,,,
all,test_ood,object_per_pixel_accuracy_pct,,,,,,,,,,,,,
all,test_ood,cross_entropy_loss,,,,,,,,,,,,,
