split,layer,samples,equivariance_defect_mean,identity_defect_mean,c4_operator_closure_error,transported_right_accuracy
val,image_input_tokens,112,0.15989199619926348,0.38974592853836004,1.2079394606529734,
val,image_block_01,112,0.29027177820429895,0.5716502651662335,1.2609777058002338,
val,image_block_02,112,0.3019005591874918,0.6030240130112079,1.2581113494014942,
val,image_block_03,112,0.35686978073816933,0.6475230291621058,1.263013747202279,
val,image_block_04,112,0.36105824408897375,0.6573890467568232,1.2822439615553025,
val,image_block_05,112,0.4600022550234931,0.7426230184913732,1.3000008155433913,
val,image_block_06,112,0.4962069260495764,0.7459209453406344,1.2864659379638088,
val,function_mlp_01,112,0.7488877891793339,0.9460911851111627,1.4094033702258528,
val,function_mlp_02,112,0.47087487066016104,1.786254661097659,1.4151124997610571,
val,function_mlp_03,112,0.4799375366649716,0.7582172951553156,1.385122978075914,
val,shared_cross_attention,112,0.3632072964566416,0.7630445901627981,1.3261188512992015,
val,output_cross_attention,112,0.2786448479784535,0.30700756040554616,1.3266880999864945,
val,image_final_norm,112,0.4785231593768282,0.7215908920072558,1.2742816870730471,
test,image_input_tokens,112,0.16694413903983016,0.3826606664589267,1.2079394606529734,
test,image_block_01,112,0.30433282758449043,0.5491489948476296,1.2609777058002338,
test,image_block_02,112,0.32037641995958094,0.5827594405028618,1.2581113494014942,
test,image_block_03,112,0.3799286508458453,0.6242979115974862,1.263013747202279,
test,image_block_04,112,0.37500106577310455,0.6473112976701195,1.2822439615553025,
test,image_block_05,112,0.47109654422770236,0.7278696110093092,1.3000008155433913,
test,image_block_06,112,0.5051120273792609,0.7318271353255016,1.2864659379638088,
test,function_mlp_01,112,0.7488877891793339,0.9460911851111627,1.4094033702258528,
test,function_mlp_02,112,0.47087487066016104,1.786254661097659,1.4151124997610571,
test,function_mlp_03,112,0.4799375366649716,0.7582172951553156,1.385122978075914,
test,shared_cross_attention,112,0.3698730028230375,0.7537085985455303,1.3261188512992015,
test,output_cross_attention,112,0.27293313893892374,0.30407435715415365,1.3266880999864945,
test,image_final_norm,112,0.4860829317893063,0.707205165388367,1.2742816870730471,
