split,symmetry,identity,layer,samples,equivariance_defect_mean,foreground_equivariance_defect_mean,operator_closure_error,data_closure_defect_mean,identity_channel_defect_mean,no_spatial_permutation_defect_mean,source_gram_rank,dimension
val,rotation,R^4=I,image_input_tokens,112,0.385479464740477,0.7588246056306589,1.154309952527993,0.1816508939142559,0.6076856071129334,0.32876934554054543,128,128
val,rotation,R^4=I,image_block_01,112,0.685835685530311,0.7812344271849847,1.0910145826996502,0.17621995635324403,0.9013180436744695,0.6399969543622781,128,128
val,rotation,R^4=I,image_block_02,112,0.6475675966390548,0.7813697691022935,1.0979216381370651,0.26757531210202545,0.8645338897452601,0.7115592111807009,128,128
val,rotation,R^4=I,image_block_03,112,0.6105448658545761,0.8394567689995384,1.0918746112377988,0.26820012828845,0.8065426269198709,0.653066776795691,128,128
val,rotation,R^4=I,image_block_04,112,0.6801223767603002,0.8698307177767338,1.0884002892153706,0.3241024126142663,0.8906274064818064,0.6814629613440675,128,128
val,rotation,R^4=I,image_block_05,112,0.749491307485303,0.961734456221808,1.1340775702728625,0.4305228329653419,0.9547780045451199,0.7921712817047922,128,128
val,rotation,R^4=I,image_block_06,112,0.7732687515927693,1.0268946543757242,1.1300538764533747,0.46134106590795465,0.9613458354298692,0.8122706902722253,128,128
val,rotation,R^4=I,image_final_norm,112,0.7589250273937206,0.9910820580211734,1.1183012138810997,0.465180925880075,0.9460848892204959,0.8229200584149875,128,128
val,reflection,M^2=I,image_input_tokens,112,0.35662540793772685,0.7402333719287129,0.015391734112577082,0.006890899522448689,0.5062439607568212,0.315767082665138,128,128
val,reflection,M^2=I,image_block_01,112,0.48342189514620293,0.6894883652822072,0.47239483067386584,0.04532546746797868,0.6087066605110547,0.49374115877384334,128,128
val,reflection,M^2=I,image_block_02,112,0.4870996680302707,0.7091577760365991,0.5731178569089888,0.07476683353784097,0.6254843298623552,0.5541054772686199,128,128
val,reflection,M^2=I,image_block_03,112,0.45795411578738815,0.7792433676264147,0.6211468270641586,0.09053592411247369,0.5811425525084128,0.5217856299511643,128,128
val,reflection,M^2=I,image_block_04,112,0.4884490749347968,0.7971138631842073,0.6702083623781522,0.11602119332045946,0.5954698487943982,0.526101275727982,128,128
val,reflection,M^2=I,image_block_05,112,0.5936661003933678,0.8787924782580223,0.7406126984867862,0.214429750945115,0.6737715560773087,0.6192698097083754,128,128
val,reflection,M^2=I,image_block_06,112,0.6170852829372132,0.9524837497813902,0.7643715064213972,0.23133544499330247,0.6828351657551733,0.6374516305161103,128,128
val,reflection,M^2=I,image_final_norm,112,0.6184236632313567,0.9137593924864055,0.7415026131199777,0.22651769015718237,0.6881150360201322,0.6593047712147106,128,128
test,rotation,R^4=I,image_input_tokens,112,0.38899779847707483,0.7586121511256226,1.154309952527993,0.18225204375313434,0.6106633308383972,0.3433041860205502,128,128
test,rotation,R^4=I,image_block_01,112,0.6961384342763807,0.780653991572568,1.0910145826996502,0.18101784422246167,0.9095288221546083,0.6516092074198199,128,128
test,rotation,R^4=I,image_block_02,112,0.6600503175313761,0.7863013154126112,1.0979216381370651,0.2745963387150378,0.8705248744333517,0.7214906110336489,128,128
test,rotation,R^4=I,image_block_03,112,0.6223855886584767,0.8408384262916958,1.0918746112377988,0.27572697806368246,0.8143053106196957,0.6676513617326089,128,128
test,rotation,R^4=I,image_block_04,112,0.687760497691791,0.8764928509370055,1.0884002892153706,0.33203300425728255,0.8979199050908766,0.6988741368573423,128,128
test,rotation,R^4=I,image_block_05,112,0.7606061512451728,0.9679634523235817,1.1340775702728625,0.4382216295233312,0.9667156213342599,0.8118209519011073,128,128
test,rotation,R^4=I,image_block_06,112,0.7792566303274836,1.0326397591872536,1.1300538764533747,0.4673510899676336,0.9663179388667914,0.8254347528395868,128,128
test,rotation,R^4=I,image_final_norm,112,0.766038287000258,0.9923063889642586,1.1183012138810997,0.47082882577227714,0.9509577771445107,0.8346340434912872,128,128
test,reflection,M^2=I,image_input_tokens,112,0.35616422664688235,0.7232704013878013,0.015391734112577082,0.007083881867944705,0.5064727975077948,0.3220587012559009,128,128
test,reflection,M^2=I,image_block_01,112,0.48250430444638426,0.6600719193223775,0.47239483067386584,0.04609211446496496,0.6071693333741456,0.5017319836209176,128,128
test,reflection,M^2=I,image_block_02,112,0.49519846263452383,0.6970239303670611,0.5731178569089888,0.07647495867011624,0.6368858639678575,0.5767209877150055,128,128
test,reflection,M^2=I,image_block_03,112,0.46753622311407356,0.7727073382691209,0.6211468270641586,0.09274681091211232,0.5904332955395791,0.5407063056632263,128,128
test,reflection,M^2=I,image_block_04,112,0.4952067206052351,0.8006237237461423,0.6702083623781522,0.1200462377821441,0.6021933751842569,0.5427477313418196,128,128
test,reflection,M^2=I,image_block_05,112,0.5973162990602603,0.8833408787611284,0.7406126984867862,0.21578389306248852,0.674388323042475,0.6267374133024275,128,128
test,reflection,M^2=I,image_block_06,112,0.6156106069585073,0.9607615063561831,0.7643715064213972,0.23387965748764925,0.6771468602583159,0.6388495889707629,128,128
test,reflection,M^2=I,image_final_norm,112,0.6175952424417138,0.9162022034196449,0.7415026131199777,0.22944077790789041,0.6825533509371812,0.6616887219710504,128,128
