function,checkpoint,checkpoint_path,global_step,epoch,progress_pct,val_samples,val_grid_accuracy_pct,val_per_pixel_accuracy_pct,val_object_per_pixel_accuracy_pct,val_cross_entropy_loss,test_samples,test_grid_accuracy_pct,test_per_pixel_accuracy_pct,test_object_per_pixel_accuracy_pct,test_cross_entropy_loss,val_grid_accuracy_pct_delta_from_start,val_grid_accuracy_pct_delta_from_previous,val_object_per_pixel_accuracy_pct_delta_from_start,val_object_per_pixel_accuracy_pct_delta_from_previous,val_cross_entropy_loss_delta_from_start,val_cross_entropy_loss_delta_from_previous,test_grid_accuracy_pct_delta_from_start,test_grid_accuracy_pct_delta_from_previous,test_object_per_pixel_accuracy_pct_delta_from_start,test_object_per_pixel_accuracy_pct_delta_from_previous,test_cross_entropy_loss_delta_from_start,test_cross_entropy_loss_delta_from_previous,best_so_far_val_grid_accuracy_pct,best_so_far_val_checkpoint
rot90,milestone_start,checkpoints/cogitao_vit_cross_attention/cogitao_c1_experiment_1_vit6_function_mlp_cross_attention/run_000/milestone_start.ckpt,0,0,0.0,111,0.0,0.9121621621621622,0.9121621514225865,2.274009448902027,111,0.0,0.7319819819819819,0.7319819819819819,2.266065156953829,0.0,0.0,0.0,0.0,0.0,0.0,0.0,0.0,0.0,0.0,0.0,0.0,0.0,milestone_start
translate_up,milestone_start,checkpoints/cogitao_vit_cross_attention/cogitao_c1_experiment_1_vit6_function_mlp_cross_attention/run_000/milestone_start.ckpt,0,0,0.0,112,0.0,0.8169642857142857,0.8169643580913544,2.2562591552734377,112,0.0,0.9642857142857143,0.9642857259937695,2.2653564453125,0.0,0.0,0.0,0.0,0.0,0.0,0.0,0.0,0.0,0.0,0.0,0.0,0.0,milestone_start
rot90,epoch=016,checkpoints/cogitao_vit_cross_attention/cogitao_c1_experiment_1_vit6_function_mlp_cross_attention/run_000/epoch=016.ckpt,6630,16,8.5,111,0.0,93.240990990991,27.141157786051433,0.16530629200978322,111,0.0,93.25450450450451,28.16816793905722,0.16799218530053492,0.0,0.0,26.22899563462885,26.22899563462885,-2.108703156892244,-2.108703156892244,0.0,0.0,27.43618595707524,27.43618595707524,-2.098072971653294,-2.098072971653294,0.0,milestone_start
translate_up,epoch=016,checkpoints/cogitao_vit_cross_attention/cogitao_c1_experiment_1_vit6_function_mlp_cross_attention/run_000/epoch=016.ckpt,6630,16,8.5,112,0.0,94.390625,34.07061440604074,0.13317276545933315,112,0.0,93.9375,34.5404965536935,0.14474084036690849,0.0,0.0,33.253650047949385,33.253650047949385,-2.1230863898141044,-2.1230863898141044,0.0,0.0,33.57621082769973,33.57621082769973,-2.1206156049455913,-2.1206156049455913,0.0,milestone_start
rot90,epoch=018,checkpoints/cogitao_vit_cross_attention/cogitao_c1_experiment_1_vit6_function_mlp_cross_attention/run_000/epoch=018.ckpt,7410,18,9.5,111,0.0,93.30630630630631,28.51155255291913,0.16244992367856137,111,0.0,93.14414414414415,28.255693762152045,0.16370168874929616,0.0,0.0,27.599390401496546,1.3703947668676975,-2.111559525223466,-0.0028563683312218535,0.0,0.0,27.523711780170064,0.08752582309482548,-2.1023634682045325,-0.004290496551238754,0.0,milestone_start
translate_up,epoch=018,checkpoints/cogitao_vit_cross_attention/cogitao_c1_experiment_1_vit6_function_mlp_cross_attention/run_000/epoch=018.ckpt,7410,18,9.5,112,0.0,94.67633928571429,38.18447078977312,0.12913433074951172,112,0.0,94.31919642857143,38.35366794041225,0.14011324746268136,0.0,0.0,37.36750643168177,4.113856383732383,-2.127124824523926,-0.004038434709821431,0.0,0.0,37.38938221441848,3.81317138671875,-2.1252431978498185,-0.0046275929042271235,0.0,milestone_start
rot90,epoch=021,checkpoints/cogitao_vit_cross_attention/cogitao_c1_experiment_1_vit6_function_mlp_cross_attention/run_000/epoch=021.ckpt,8580,21,11.0,111,0.0,93.57657657657657,27.963112496040964,0.15355112986521677,111,0.0,93.22297297297297,26.539233783343892,0.1604240183787303,0.0,0.0,27.05095034461838,-0.5484400568781673,-2.1204583190368105,-0.008898793813344602,0.0,0.0,25.80725180136191,-1.7164599788081532,-2.1056411385750984,-0.003277670370565866,0.0,milestone_start
translate_up,epoch=021,checkpoints/cogitao_vit_cross_attention/cogitao_c1_experiment_1_vit6_function_mlp_cross_attention/run_000/epoch=021.ckpt,8580,21,11.0,112,0.0,94.61607142857143,37.506602491651265,0.12537752423967635,112,0.0,94.29910714285714,37.25653716496059,0.13539909362792968,0.0,0.0,36.68963813355991,-0.677868298121858,-2.1308816310337613,-0.00375680650983537,0.0,0.0,36.29225143896682,-1.0971307754516602,-2.1299573516845705,-0.004714153834751683,0.0,milestone_start
rot90,milestone_025pct,checkpoints/cogitao_vit_cross_attention/cogitao_c1_experiment_1_vit6_function_mlp_cross_attention/run_000/milestone_025pct.ckpt,19500,49,25.0,111,0.0,94.69594594594595,43.11926214544623,0.1148163061743384,111,0.0,94.54729729729729,42.20954620086395,0.11706236143369933,0.0,0.0,42.20709999402364,15.156149649405265,-2.1591931427276885,-0.03873482369087837,0.0,0.0,41.477564218881966,15.670312417520055,-2.1490027955201296,-0.04336165694503097,0.0,milestone_start
translate_up,milestone_025pct,checkpoints/cogitao_vit_cross_attention/cogitao_c1_experiment_1_vit6_function_mlp_cross_attention/run_000/milestone_025pct.ckpt,19500,49,25.0,112,1.7857142857142858,96.47767857142857,59.81405462537493,0.07546702793666295,112,0.0,96.12276785714286,58.64022289003645,0.0847300638471331,1.7857142857142858,1.7857142857142858,58.997090267283575,22.307452133723665,-2.1807921273367747,-0.049910496303013405,0.0,0.0,57.67593716404268,21.383685725075857,-2.180626381465367,-0.050669029780796584,1.7857142857142858,milestone_025pct
rot90,milestone_050pct,checkpoints/cogitao_vit_cross_attention/cogitao_c1_experiment_1_vit6_function_mlp_cross_attention/run_000/milestone_050pct.ckpt,39000,99,50.0,111,14.414414414414415,98.0,78.7630373293215,0.047715788145323054,111,23.423423423423422,98.10585585585585,80.65352225088859,0.04751660733609586,14.414414414414415,14.414414414414415,77.85087517789891,35.64377518387528,-2.226293660756704,-0.06710051802901534,23.423423423423422,23.423423423423422,79.9215402689066,38.44397605002464,-2.218548549617733,-0.06954575409760347,14.414414414414415,milestone_050pct
translate_up,milestone_050pct,checkpoints/cogitao_vit_cross_attention/cogitao_c1_experiment_1_vit6_function_mlp_cross_attention/run_000/milestone_050pct.ckpt,39000,99,50.0,112,43.75,99.05803571428571,89.60639749254499,0.025583367347717285,112,37.5,98.96428571428571,89.47193963187081,0.025650903156825475,43.75,41.964285714285715,88.78943313445363,29.792342867170056,-2.2306757879257204,-0.049883660588945666,37.5,37.5,88.50765390587704,30.831716741834363,-2.2397055421556744,-0.05907916069030762,43.75,milestone_050pct
rot90,milestone_075pct,checkpoints/cogitao_vit_cross_attention/cogitao_c1_experiment_1_vit6_function_mlp_cross_attention/run_000/milestone_075pct.ckpt,58500,149,75.0,111,30.63063063063063,99.01801801801801,89.18284510706997,0.025739737845755912,111,36.03603603603604,98.86261261261261,87.79520945506053,0.03293973218213331,30.63063063063063,16.216216216216218,88.27068295564737,10.41980777774846,-2.2482697110562713,-0.021976050299567142,36.03603603603604,12.612612612612615,87.06322747307854,7.141687204171944,-2.2331254247716954,-0.014576875153962554,30.63063063063063,milestone_075pct
translate_up,milestone_075pct,checkpoints/cogitao_vit_cross_attention/cogitao_c1_experiment_1_vit6_function_mlp_cross_attention/run_000/milestone_075pct.ckpt,58500,149,75.0,112,76.78571428571429,99.86830357142857,98.3257634299142,0.004190728664398193,112,81.25,99.90178571428571,98.90281813485282,0.0036878643717084612,76.78571428571429,33.03571428571429,97.50879907182285,8.719365937369218,-2.2520684266090396,-0.02139263868331909,81.25,43.75,97.93853240885905,9.430878502982011,-2.2616685809407913,-0.021963038785117014,76.78571428571429,milestone_075pct
rot90,last,checkpoints/cogitao_vit_cross_attention/cogitao_c1_experiment_1_vit6_function_mlp_cross_attention/run_000/last.ckpt,78000,200,100.0,111,47.747747747747745,99.49549549549549,93.74024331032693,0.015470755637229026,111,47.747747747747745,99.42117117117117,92.7454355600718,0.017905377224758937,47.747747747747745,17.117117117117115,92.82808115890434,4.557398203256966,-2.258538693264798,-0.010268982208526886,47.747747747747745,11.711711711711708,92.01345357808981,4.950226105011268,-2.24815977972907,-0.01503435495737437,47.747747747747745,last
translate_up,last,checkpoints/cogitao_vit_cross_attention/cogitao_c1_experiment_1_vit6_function_mlp_cross_attention/run_000/last.ckpt,78000,200,100.0,112,91.96428571428571,99.94642857142857,99.32056154523578,0.002398803915296282,112,89.28571428571429,99.87946428571429,98.27226911272321,0.0030837708711624143,91.96428571428571,15.178571428571416,98.50359718714442,0.9947981153215721,-2.2538603513581412,-0.001791924749101911,89.28571428571429,8.035714285714292,97.30798338672943,-0.630549022129614,-2.2622726744413373,-0.0006040935005460469,91.96428571428571,last
