checkpoint_path,checkpoint_sha256,git_commit,experiment_id,split,f,g,program,function_ordering,oracle_valid_count,model_sample_count,sample_count,layer,seed,global_step,probe_fit_sample_count,ridge,pool_grid,pca_settings,source_kind,source_index,left,right,defect,structural_tautology,retained
/home/ubuntu/cogitao-research/checkpoints/cogitao_vit_cross_attention/cogitao_c1_experiment_1_vit6_function_mlp_cross_attention/run_000/last.ckpt,c6578b6a655d823b9e27296aaf186e6b5b97bad640fb400cc5f2abaa6f308e6d,dfec9cbb2afe6616194c1fb41430c0c5d2bc4208,1,val_ood,rot90,translate_up,translate_up -> rot90,"pair (f,g): fgx=f(g(x)); task-token order [g,f] means g -> f",2,2,2,image_input_tokens,42,78000,4,0.01,2,"{""fixed_ranks"": [1, 2], ""variance_thresholds"": [0.9, 0.95]}",recorded_ood,978,fgx,gfx,0.026846346483835406,0,1
/home/ubuntu/cogitao-research/checkpoints/cogitao_vit_cross_attention/cogitao_c1_experiment_1_vit6_function_mlp_cross_attention/run_000/last.ckpt,c6578b6a655d823b9e27296aaf186e6b5b97bad640fb400cc5f2abaa6f308e6d,dfec9cbb2afe6616194c1fb41430c0c5d2bc4208,1,val_ood,rot90,translate_up,translate_up -> rot90,"pair (f,g): fgx=f(g(x)); task-token order [g,f] means g -> f",2,2,2,image_input_tokens,42,78000,4,0.01,2,"{""fixed_ranks"": [1, 2], ""variance_thresholds"": [0.9, 0.95]}",recorded_ood,933,fgx,gfx,0.06322335154893559,0,0
/home/ubuntu/cogitao-research/checkpoints/cogitao_vit_cross_attention/cogitao_c1_experiment_1_vit6_function_mlp_cross_attention/run_000/last.ckpt,c6578b6a655d823b9e27296aaf186e6b5b97bad640fb400cc5f2abaa6f308e6d,dfec9cbb2afe6616194c1fb41430c0c5d2bc4208,1,val_ood,rot90,translate_up,translate_up -> rot90,"pair (f,g): fgx=f(g(x)); task-token order [g,f] means g -> f",2,2,2,image_block_01,42,78000,4,0.01,2,"{""fixed_ranks"": [1, 2], ""variance_thresholds"": [0.9, 0.95]}",recorded_ood,978,fgx,gfx,0.2323372256232319,0,0
/home/ubuntu/cogitao-research/checkpoints/cogitao_vit_cross_attention/cogitao_c1_experiment_1_vit6_function_mlp_cross_attention/run_000/last.ckpt,c6578b6a655d823b9e27296aaf186e6b5b97bad640fb400cc5f2abaa6f308e6d,dfec9cbb2afe6616194c1fb41430c0c5d2bc4208,1,val_ood,rot90,translate_up,translate_up -> rot90,"pair (f,g): fgx=f(g(x)); task-token order [g,f] means g -> f",2,2,2,image_block_01,42,78000,4,0.01,2,"{""fixed_ranks"": [1, 2], ""variance_thresholds"": [0.9, 0.95]}",recorded_ood,933,fgx,gfx,0.22596093014605165,0,0
/home/ubuntu/cogitao-research/checkpoints/cogitao_vit_cross_attention/cogitao_c1_experiment_1_vit6_function_mlp_cross_attention/run_000/last.ckpt,c6578b6a655d823b9e27296aaf186e6b5b97bad640fb400cc5f2abaa6f308e6d,dfec9cbb2afe6616194c1fb41430c0c5d2bc4208,1,val_ood,rot90,translate_up,translate_up -> rot90,"pair (f,g): fgx=f(g(x)); task-token order [g,f] means g -> f",2,2,2,image_block_02,42,78000,4,0.01,2,"{""fixed_ranks"": [1, 2], ""variance_thresholds"": [0.9, 0.95]}",recorded_ood,978,fgx,gfx,0.25324494444117684,0,0
/home/ubuntu/cogitao-research/checkpoints/cogitao_vit_cross_attention/cogitao_c1_experiment_1_vit6_function_mlp_cross_attention/run_000/last.ckpt,c6578b6a655d823b9e27296aaf186e6b5b97bad640fb400cc5f2abaa6f308e6d,dfec9cbb2afe6616194c1fb41430c0c5d2bc4208,1,val_ood,rot90,translate_up,translate_up -> rot90,"pair (f,g): fgx=f(g(x)); task-token order [g,f] means g -> f",2,2,2,image_block_02,42,78000,4,0.01,2,"{""fixed_ranks"": [1, 2], ""variance_thresholds"": [0.9, 0.95]}",recorded_ood,933,fgx,gfx,0.24901668209755684,0,0
/home/ubuntu/cogitao-research/checkpoints/cogitao_vit_cross_attention/cogitao_c1_experiment_1_vit6_function_mlp_cross_attention/run_000/last.ckpt,c6578b6a655d823b9e27296aaf186e6b5b97bad640fb400cc5f2abaa6f308e6d,dfec9cbb2afe6616194c1fb41430c0c5d2bc4208,1,val_ood,rot90,translate_up,translate_up -> rot90,"pair (f,g): fgx=f(g(x)); task-token order [g,f] means g -> f",2,2,2,image_block_03,42,78000,4,0.01,2,"{""fixed_ranks"": [1, 2], ""variance_thresholds"": [0.9, 0.95]}",recorded_ood,978,fgx,gfx,0.22553374515461305,0,0
/home/ubuntu/cogitao-research/checkpoints/cogitao_vit_cross_attention/cogitao_c1_experiment_1_vit6_function_mlp_cross_attention/run_000/last.ckpt,c6578b6a655d823b9e27296aaf186e6b5b97bad640fb400cc5f2abaa6f308e6d,dfec9cbb2afe6616194c1fb41430c0c5d2bc4208,1,val_ood,rot90,translate_up,translate_up -> rot90,"pair (f,g): fgx=f(g(x)); task-token order [g,f] means g -> f",2,2,2,image_block_03,42,78000,4,0.01,2,"{""fixed_ranks"": [1, 2], ""variance_thresholds"": [0.9, 0.95]}",recorded_ood,933,fgx,gfx,0.23193946882898878,0,0
/home/ubuntu/cogitao-research/checkpoints/cogitao_vit_cross_attention/cogitao_c1_experiment_1_vit6_function_mlp_cross_attention/run_000/last.ckpt,c6578b6a655d823b9e27296aaf186e6b5b97bad640fb400cc5f2abaa6f308e6d,dfec9cbb2afe6616194c1fb41430c0c5d2bc4208,1,val_ood,rot90,translate_up,translate_up -> rot90,"pair (f,g): fgx=f(g(x)); task-token order [g,f] means g -> f",2,2,2,image_block_04,42,78000,4,0.01,2,"{""fixed_ranks"": [1, 2], ""variance_thresholds"": [0.9, 0.95]}",recorded_ood,978,fgx,gfx,0.22380981013609785,0,0
/home/ubuntu/cogitao-research/checkpoints/cogitao_vit_cross_attention/cogitao_c1_experiment_1_vit6_function_mlp_cross_attention/run_000/last.ckpt,c6578b6a655d823b9e27296aaf186e6b5b97bad640fb400cc5f2abaa6f308e6d,dfec9cbb2afe6616194c1fb41430c0c5d2bc4208,1,val_ood,rot90,translate_up,translate_up -> rot90,"pair (f,g): fgx=f(g(x)); task-token order [g,f] means g -> f",2,2,2,image_block_04,42,78000,4,0.01,2,"{""fixed_ranks"": [1, 2], ""variance_thresholds"": [0.9, 0.95]}",recorded_ood,933,fgx,gfx,0.2341483707598986,0,0
/home/ubuntu/cogitao-research/checkpoints/cogitao_vit_cross_attention/cogitao_c1_experiment_1_vit6_function_mlp_cross_attention/run_000/last.ckpt,c6578b6a655d823b9e27296aaf186e6b5b97bad640fb400cc5f2abaa6f308e6d,dfec9cbb2afe6616194c1fb41430c0c5d2bc4208,1,val_ood,rot90,translate_up,translate_up -> rot90,"pair (f,g): fgx=f(g(x)); task-token order [g,f] means g -> f",2,2,2,image_block_05,42,78000,4,0.01,2,"{""fixed_ranks"": [1, 2], ""variance_thresholds"": [0.9, 0.95]}",recorded_ood,978,fgx,gfx,0.28550064088042587,0,0
/home/ubuntu/cogitao-research/checkpoints/cogitao_vit_cross_attention/cogitao_c1_experiment_1_vit6_function_mlp_cross_attention/run_000/last.ckpt,c6578b6a655d823b9e27296aaf186e6b5b97bad640fb400cc5f2abaa6f308e6d,dfec9cbb2afe6616194c1fb41430c0c5d2bc4208,1,val_ood,rot90,translate_up,translate_up -> rot90,"pair (f,g): fgx=f(g(x)); task-token order [g,f] means g -> f",2,2,2,image_block_05,42,78000,4,0.01,2,"{""fixed_ranks"": [1, 2], ""variance_thresholds"": [0.9, 0.95]}",recorded_ood,933,fgx,gfx,0.2870139548164433,0,0
/home/ubuntu/cogitao-research/checkpoints/cogitao_vit_cross_attention/cogitao_c1_experiment_1_vit6_function_mlp_cross_attention/run_000/last.ckpt,c6578b6a655d823b9e27296aaf186e6b5b97bad640fb400cc5f2abaa6f308e6d,dfec9cbb2afe6616194c1fb41430c0c5d2bc4208,1,val_ood,rot90,translate_up,translate_up -> rot90,"pair (f,g): fgx=f(g(x)); task-token order [g,f] means g -> f",2,2,2,image_block_06,42,78000,4,0.01,2,"{""fixed_ranks"": [1, 2], ""variance_thresholds"": [0.9, 0.95]}",recorded_ood,978,fgx,gfx,0.29703642128026697,0,0
/home/ubuntu/cogitao-research/checkpoints/cogitao_vit_cross_attention/cogitao_c1_experiment_1_vit6_function_mlp_cross_attention/run_000/last.ckpt,c6578b6a655d823b9e27296aaf186e6b5b97bad640fb400cc5f2abaa6f308e6d,dfec9cbb2afe6616194c1fb41430c0c5d2bc4208,1,val_ood,rot90,translate_up,translate_up -> rot90,"pair (f,g): fgx=f(g(x)); task-token order [g,f] means g -> f",2,2,2,image_block_06,42,78000,4,0.01,2,"{""fixed_ranks"": [1, 2], ""variance_thresholds"": [0.9, 0.95]}",recorded_ood,933,fgx,gfx,0.31279784042774156,0,0
/home/ubuntu/cogitao-research/checkpoints/cogitao_vit_cross_attention/cogitao_c1_experiment_1_vit6_function_mlp_cross_attention/run_000/last.ckpt,c6578b6a655d823b9e27296aaf186e6b5b97bad640fb400cc5f2abaa6f308e6d,dfec9cbb2afe6616194c1fb41430c0c5d2bc4208,1,val_ood,rot90,translate_up,translate_up -> rot90,"pair (f,g): fgx=f(g(x)); task-token order [g,f] means g -> f",2,2,2,image_final_norm,42,78000,4,0.01,2,"{""fixed_ranks"": [1, 2], ""variance_thresholds"": [0.9, 0.95]}",recorded_ood,978,fgx,gfx,0.29722737828530027,0,0
/home/ubuntu/cogitao-research/checkpoints/cogitao_vit_cross_attention/cogitao_c1_experiment_1_vit6_function_mlp_cross_attention/run_000/last.ckpt,c6578b6a655d823b9e27296aaf186e6b5b97bad640fb400cc5f2abaa6f308e6d,dfec9cbb2afe6616194c1fb41430c0c5d2bc4208,1,val_ood,rot90,translate_up,translate_up -> rot90,"pair (f,g): fgx=f(g(x)); task-token order [g,f] means g -> f",2,2,2,image_final_norm,42,78000,4,0.01,2,"{""fixed_ranks"": [1, 2], ""variance_thresholds"": [0.9, 0.95]}",recorded_ood,933,fgx,gfx,0.29840923255674306,0,0
