checkpoint_path,checkpoint_sha256,git_commit,experiment_id,split,f,g,program,function_ordering,oracle_valid_count,model_sample_count,sample_count,layer,seed,global_step,probe_fit_sample_count,ridge,pool_grid,pca_settings,source_kind,source_index,context_error,composition_error,matched_atomic_error,identity_error,zero_error,only_g_error,only_f_error,shuffled_operator_error,transfer_gap,g_context_error,g_transfer_gap,commutator_data_defect
/home/ubuntu/cogitao-research/checkpoints/cogitao_vit_cross_attention/cogitao_c1_experiment_1_vit6_function_mlp_cross_attention/run_000/last.ckpt,c6578b6a655d823b9e27296aaf186e6b5b97bad640fb400cc5f2abaa6f308e6d,dfec9cbb2afe6616194c1fb41430c0c5d2bc4208,1,val_ood,rot90,translate_up,translate_up -> rot90,"pair (f,g): fgx=f(g(x)); task-token order [g,f] means g -> f",2,2,2,image_input_tokens,42,78000,4,0.01,2,"{""fixed_ranks"": [1, 2], ""variance_thresholds"": [0.9, 0.95]}",recorded_ood,978,0.051470031297868306,0.05005577572297607,0.035906124573854906,0.0491378462779645,1.0,0.05386499768828737,0.05227619512015396,0.051198113820300255,-0.08597150874326304,0.05212859054158452,-0.006304520259952116,0.026846346483835406
/home/ubuntu/cogitao-research/checkpoints/cogitao_vit_cross_attention/cogitao_c1_experiment_1_vit6_function_mlp_cross_attention/run_000/last.ckpt,c6578b6a655d823b9e27296aaf186e6b5b97bad640fb400cc5f2abaa6f308e6d,dfec9cbb2afe6616194c1fb41430c0c5d2bc4208,1,val_ood,rot90,translate_up,translate_up -> rot90,"pair (f,g): fgx=f(g(x)); task-token order [g,f] means g -> f",2,2,2,image_input_tokens,42,78000,4,0.01,2,"{""fixed_ranks"": [1, 2], ""variance_thresholds"": [0.9, 0.95]}",recorded_ood,933,0.10789765279305537,0.1323114060267852,0.10230925019786917,0.01866587144242293,1.0,0.11229812014975997,0.10640470731497872,0.12391040473253274,-0.02954388724807598,0.11426717796375706,0.05583406716222042,0.06322335154893559
/home/ubuntu/cogitao-research/checkpoints/cogitao_vit_cross_attention/cogitao_c1_experiment_1_vit6_function_mlp_cross_attention/run_000/last.ckpt,c6578b6a655d823b9e27296aaf186e6b5b97bad640fb400cc5f2abaa6f308e6d,dfec9cbb2afe6616194c1fb41430c0c5d2bc4208,1,val_ood,rot90,translate_up,translate_up -> rot90,"pair (f,g): fgx=f(g(x)); task-token order [g,f] means g -> f",2,2,2,image_block_01,42,78000,4,0.01,2,"{""fixed_ranks"": [1, 2], ""variance_thresholds"": [0.9, 0.95]}",recorded_ood,978,0.28436323379455797,0.29006885751188616,0.21602969357836205,0.23637142999434818,1.0,0.21979125895836027,0.2903507819399205,0.24268807184958244,-0.2708916988538479,0.1980233890980642,-0.10548818388843009,0.2323372256232319
/home/ubuntu/cogitao-research/checkpoints/cogitao_vit_cross_attention/cogitao_c1_experiment_1_vit6_function_mlp_cross_attention/run_000/last.ckpt,c6578b6a655d823b9e27296aaf186e6b5b97bad640fb400cc5f2abaa6f308e6d,dfec9cbb2afe6616194c1fb41430c0c5d2bc4208,1,val_ood,rot90,translate_up,translate_up -> rot90,"pair (f,g): fgx=f(g(x)); task-token order [g,f] means g -> f",2,2,2,image_block_01,42,78000,4,0.01,2,"{""fixed_ranks"": [1, 2], ""variance_thresholds"": [0.9, 0.95]}",recorded_ood,933,0.37779231273866287,0.39243712179083584,0.357005376959518,0.15543184693402426,1.0,0.40065529429625946,0.3782336377876318,0.39040045710610405,-0.177462619909743,0.38579454541599667,0.08228297242950239,0.22596093014605165
/home/ubuntu/cogitao-research/checkpoints/cogitao_vit_cross_attention/cogitao_c1_experiment_1_vit6_function_mlp_cross_attention/run_000/last.ckpt,c6578b6a655d823b9e27296aaf186e6b5b97bad640fb400cc5f2abaa6f308e6d,dfec9cbb2afe6616194c1fb41430c0c5d2bc4208,1,val_ood,rot90,translate_up,translate_up -> rot90,"pair (f,g): fgx=f(g(x)); task-token order [g,f] means g -> f",2,2,2,image_block_02,42,78000,4,0.01,2,"{""fixed_ranks"": [1, 2], ""variance_thresholds"": [0.9, 0.95]}",recorded_ood,978,0.3639801441317158,0.39249519936358923,0.29309833926564943,0.30267605609526316,1.0,0.26749680132297987,0.3607863167139211,0.301701043492683,-0.22866246740861013,0.25935193504360715,-0.0946853067141849,0.25324494444117684
/home/ubuntu/cogitao-research/checkpoints/cogitao_vit_cross_attention/cogitao_c1_experiment_1_vit6_function_mlp_cross_attention/run_000/last.ckpt,c6578b6a655d823b9e27296aaf186e6b5b97bad640fb400cc5f2abaa6f308e6d,dfec9cbb2afe6616194c1fb41430c0c5d2bc4208,1,val_ood,rot90,translate_up,translate_up -> rot90,"pair (f,g): fgx=f(g(x)); task-token order [g,f] means g -> f",2,2,2,image_block_02,42,78000,4,0.01,2,"{""fixed_ranks"": [1, 2], ""variance_thresholds"": [0.9, 0.95]}",recorded_ood,933,0.3891277646750892,0.42421812136053483,0.360358370042726,0.15887500526431347,1.0,0.4402917482091179,0.38854454877915984,0.43206508608903327,-0.20351484686523674,0.42680803570239256,0.07277079394460051,0.24901668209755684
/home/ubuntu/cogitao-research/checkpoints/cogitao_vit_cross_attention/cogitao_c1_experiment_1_vit6_function_mlp_cross_attention/run_000/last.ckpt,c6578b6a655d823b9e27296aaf186e6b5b97bad640fb400cc5f2abaa6f308e6d,dfec9cbb2afe6616194c1fb41430c0c5d2bc4208,1,val_ood,rot90,translate_up,translate_up -> rot90,"pair (f,g): fgx=f(g(x)); task-token order [g,f] means g -> f",2,2,2,image_block_03,42,78000,4,0.01,2,"{""fixed_ranks"": [1, 2], ""variance_thresholds"": [0.9, 0.95]}",recorded_ood,978,0.37355723090374104,0.3887424298786245,0.30980840067515014,0.33851312463810057,1.0,0.2881052927956859,0.39556889997459466,0.34865050808094455,-0.20672856235564008,0.27910105581079847,-0.08070453047366571,0.22553374515461305
/home/ubuntu/cogitao-research/checkpoints/cogitao_vit_cross_attention/cogitao_c1_experiment_1_vit6_function_mlp_cross_attention/run_000/last.ckpt,c6578b6a655d823b9e27296aaf186e6b5b97bad640fb400cc5f2abaa6f308e6d,dfec9cbb2afe6616194c1fb41430c0c5d2bc4208,1,val_ood,rot90,translate_up,translate_up -> rot90,"pair (f,g): fgx=f(g(x)); task-token order [g,f] means g -> f",2,2,2,image_block_03,42,78000,4,0.01,2,"{""fixed_ranks"": [1, 2], ""variance_thresholds"": [0.9, 0.95]}",recorded_ood,933,0.4259573559626465,0.502966722477421,0.38198182041981976,0.1886162090101792,1.0,0.510430559880282,0.4168478372207743,0.49853656908088495,-0.15432843729673462,0.4957236307579699,0.1359180444735057,0.23193946882898878
/home/ubuntu/cogitao-research/checkpoints/cogitao_vit_cross_attention/cogitao_c1_experiment_1_vit6_function_mlp_cross_attention/run_000/last.ckpt,c6578b6a655d823b9e27296aaf186e6b5b97bad640fb400cc5f2abaa6f308e6d,dfec9cbb2afe6616194c1fb41430c0c5d2bc4208,1,val_ood,rot90,translate_up,translate_up -> rot90,"pair (f,g): fgx=f(g(x)); task-token order [g,f] means g -> f",2,2,2,image_block_04,42,78000,4,0.01,2,"{""fixed_ranks"": [1, 2], ""variance_thresholds"": [0.9, 0.95]}",recorded_ood,978,0.38727578358709386,0.38919528347621474,0.30865444463776076,0.35316945816089307,1.0,0.2944781907261742,0.4077785573180443,0.3406666870608386,-0.2760102583650044,0.2852570517892452,-0.06494661023890691,0.22380981013609785
/home/ubuntu/cogitao-research/checkpoints/cogitao_vit_cross_attention/cogitao_c1_experiment_1_vit6_function_mlp_cross_attention/run_000/last.ckpt,c6578b6a655d823b9e27296aaf186e6b5b97bad640fb400cc5f2abaa6f308e6d,dfec9cbb2afe6616194c1fb41430c0c5d2bc4208,1,val_ood,rot90,translate_up,translate_up -> rot90,"pair (f,g): fgx=f(g(x)); task-token order [g,f] means g -> f",2,2,2,image_block_04,42,78000,4,0.01,2,"{""fixed_ranks"": [1, 2], ""variance_thresholds"": [0.9, 0.95]}",recorded_ood,933,0.43288853858828036,0.5066134225698823,0.3870391977956101,0.2037207809331708,1.0,0.5066694659811115,0.4268271877915108,0.5142539322183053,-0.23039750336381792,0.49456363690274757,0.14435997487459545,0.2341483707598986
/home/ubuntu/cogitao-research/checkpoints/cogitao_vit_cross_attention/cogitao_c1_experiment_1_vit6_function_mlp_cross_attention/run_000/last.ckpt,c6578b6a655d823b9e27296aaf186e6b5b97bad640fb400cc5f2abaa6f308e6d,dfec9cbb2afe6616194c1fb41430c0c5d2bc4208,1,val_ood,rot90,translate_up,translate_up -> rot90,"pair (f,g): fgx=f(g(x)); task-token order [g,f] means g -> f",2,2,2,image_block_05,42,78000,4,0.01,2,"{""fixed_ranks"": [1, 2], ""variance_thresholds"": [0.9, 0.95]}",recorded_ood,978,0.5616968292860167,0.5972076887042758,0.4775257098368311,0.4994579839321438,1.0,0.5010883250815816,0.5801863031707215,0.6002973561090129,-0.12949592778466523,0.49210800006248867,0.02346530698509952,0.28550064088042587
/home/ubuntu/cogitao-research/checkpoints/cogitao_vit_cross_attention/cogitao_c1_experiment_1_vit6_function_mlp_cross_attention/run_000/last.ckpt,c6578b6a655d823b9e27296aaf186e6b5b97bad640fb400cc5f2abaa6f308e6d,dfec9cbb2afe6616194c1fb41430c0c5d2bc4208,1,val_ood,rot90,translate_up,translate_up -> rot90,"pair (f,g): fgx=f(g(x)); task-token order [g,f] means g -> f",2,2,2,image_block_05,42,78000,4,0.01,2,"{""fixed_ranks"": [1, 2], ""variance_thresholds"": [0.9, 0.95]}",recorded_ood,933,0.610515442196075,0.673628764850285,0.5693778994630432,0.4968999228539585,1.0,0.6227464571751906,0.5978945782211378,0.6552658558158336,-0.08067731487460694,0.611568764127734,0.14292607105034483,0.2870139548164433
/home/ubuntu/cogitao-research/checkpoints/cogitao_vit_cross_attention/cogitao_c1_experiment_1_vit6_function_mlp_cross_attention/run_000/last.ckpt,c6578b6a655d823b9e27296aaf186e6b5b97bad640fb400cc5f2abaa6f308e6d,dfec9cbb2afe6616194c1fb41430c0c5d2bc4208,1,val_ood,rot90,translate_up,translate_up -> rot90,"pair (f,g): fgx=f(g(x)); task-token order [g,f] means g -> f",2,2,2,image_block_06,42,78000,4,0.01,2,"{""fixed_ranks"": [1, 2], ""variance_thresholds"": [0.9, 0.95]}",recorded_ood,978,0.5368078665523818,0.5550656353712584,0.44651355804861065,0.5423582220909224,1.0,0.529426999620276,0.5584200709593891,0.59443346296506,-0.14242631194980337,0.5287109719618523,0.02998408514248385,0.29703642128026697
/home/ubuntu/cogitao-research/checkpoints/cogitao_vit_cross_attention/cogitao_c1_experiment_1_vit6_function_mlp_cross_attention/run_000/last.ckpt,c6578b6a655d823b9e27296aaf186e6b5b97bad640fb400cc5f2abaa6f308e6d,dfec9cbb2afe6616194c1fb41430c0c5d2bc4208,1,val_ood,rot90,translate_up,translate_up -> rot90,"pair (f,g): fgx=f(g(x)); task-token order [g,f] means g -> f",2,2,2,image_block_06,42,78000,4,0.01,2,"{""fixed_ranks"": [1, 2], ""variance_thresholds"": [0.9, 0.95]}",recorded_ood,933,0.6066624681847724,0.68977137804592,0.5563582561610544,0.4735322900719338,1.0,0.6891757642147248,0.5936213700211399,0.7061740937298778,-0.07257171031741272,0.6769612742231578,0.17823438740378927,0.31279784042774156
/home/ubuntu/cogitao-research/checkpoints/cogitao_vit_cross_attention/cogitao_c1_experiment_1_vit6_function_mlp_cross_attention/run_000/last.ckpt,c6578b6a655d823b9e27296aaf186e6b5b97bad640fb400cc5f2abaa6f308e6d,dfec9cbb2afe6616194c1fb41430c0c5d2bc4208,1,val_ood,rot90,translate_up,translate_up -> rot90,"pair (f,g): fgx=f(g(x)); task-token order [g,f] means g -> f",2,2,2,image_final_norm,42,78000,4,0.01,2,"{""fixed_ranks"": [1, 2], ""variance_thresholds"": [0.9, 0.95]}",recorded_ood,978,0.5292461985755382,0.5483993020096916,0.43998115353513884,0.5554585678728102,1.0,0.5316347368752592,0.553911292643517,0.5928614661785444,-0.11681556967297169,0.5322262122301783,0.036814670921467285,0.29722737828530027
/home/ubuntu/cogitao-research/checkpoints/cogitao_vit_cross_attention/cogitao_c1_experiment_1_vit6_function_mlp_cross_attention/run_000/last.ckpt,c6578b6a655d823b9e27296aaf186e6b5b97bad640fb400cc5f2abaa6f308e6d,dfec9cbb2afe6616194c1fb41430c0c5d2bc4208,1,val_ood,rot90,translate_up,translate_up -> rot90,"pair (f,g): fgx=f(g(x)); task-token order [g,f] means g -> f",2,2,2,image_final_norm,42,78000,4,0.01,2,"{""fixed_ranks"": [1, 2], ""variance_thresholds"": [0.9, 0.95]}",recorded_ood,933,0.5761353579939309,0.6524946702780118,0.534832301698656,0.4608147727548449,1.0,0.6575882850348744,0.5624394427587558,0.6669834535409144,-0.06992641025457902,0.6459116195680623,0.1505000782593513,0.29840923255674306
