checkpoint_path,checkpoint_sha256,git_commit,experiment_id,split,f,g,program,function_ordering,oracle_valid_count,model_sample_count,sample_count,layer,seed,global_step,probe_fit_sample_count,ridge,pool_grid,pca_settings,source_kind,comparison,cosine_distance,normalized_l2,cka,principal_angle_defect,similarity_rank,cka_status,prediction_agreement,symmetric_kl,js
/home/ubuntu/cogitao-research/checkpoints/cogitao_vit_cross_attention/cogitao_c1_experiment_1_vit6_function_mlp_cross_attention/run_000/last.ckpt,c6578b6a655d823b9e27296aaf186e6b5b97bad640fb400cc5f2abaa6f308e6d,dfec9cbb2afe6616194c1fb41430c0c5d2bc4208,1,val_ood,rot90,translate_up,translate_up -> rot90,"pair (f,g): fgx=f(g(x)); task-token order [g,f] means g -> f",2,2,2,image_final_norm,42,78000,4,0.01,2,"{""fixed_ranks"": [1, 2], ""variance_thresholds"": [0.9, 0.95]}",recorded_ood,B_vs_D_all,0.07656130526966248,0.391309456095974,,0.44953365257243527,1,too_few_or_constant_samples,0.0,,
/home/ubuntu/cogitao-research/checkpoints/cogitao_vit_cross_attention/cogitao_c1_experiment_1_vit6_function_mlp_cross_attention/run_000/last.ckpt,c6578b6a655d823b9e27296aaf186e6b5b97bad640fb400cc5f2abaa6f308e6d,dfec9cbb2afe6616194c1fb41430c0c5d2bc4208,1,val_ood,rot90,translate_up,translate_up -> rot90,"pair (f,g): fgx=f(g(x)); task-token order [g,f] means g -> f",2,2,2,function_embeddings,42,78000,4,0.01,2,"{""fixed_ranks"": [1, 2], ""variance_thresholds"": [0.9, 0.95]}",recorded_ood,B_vs_D_all,1.0447476108531426,1.477790626615435,,,0,too_few_or_constant_samples,0.0,,
/home/ubuntu/cogitao-research/checkpoints/cogitao_vit_cross_attention/cogitao_c1_experiment_1_vit6_function_mlp_cross_attention/run_000/last.ckpt,c6578b6a655d823b9e27296aaf186e6b5b97bad640fb400cc5f2abaa6f308e6d,dfec9cbb2afe6616194c1fb41430c0c5d2bc4208,1,val_ood,rot90,translate_up,translate_up -> rot90,"pair (f,g): fgx=f(g(x)); task-token order [g,f] means g -> f",2,2,2,function_mlp,42,78000,4,0.01,2,"{""fixed_ranks"": [1, 2], ""variance_thresholds"": [0.9, 0.95]}",recorded_ood,B_vs_D_all,0.9171156138513821,1.3762628381241233,,,0,too_few_or_constant_samples,0.0,,
/home/ubuntu/cogitao-research/checkpoints/cogitao_vit_cross_attention/cogitao_c1_experiment_1_vit6_function_mlp_cross_attention/run_000/last.ckpt,c6578b6a655d823b9e27296aaf186e6b5b97bad640fb400cc5f2abaa6f308e6d,dfec9cbb2afe6616194c1fb41430c0c5d2bc4208,1,val_ood,rot90,translate_up,translate_up -> rot90,"pair (f,g): fgx=f(g(x)); task-token order [g,f] means g -> f",2,2,2,shared_queries,42,78000,4,0.01,2,"{""fixed_ranks"": [1, 2], ""variance_thresholds"": [0.9, 0.95]}",recorded_ood,B_vs_D_all,0.7329147865552634,1.231814816656596,,,0,too_few_or_constant_samples,0.0,,
/home/ubuntu/cogitao-research/checkpoints/cogitao_vit_cross_attention/cogitao_c1_experiment_1_vit6_function_mlp_cross_attention/run_000/last.ckpt,c6578b6a655d823b9e27296aaf186e6b5b97bad640fb400cc5f2abaa6f308e6d,dfec9cbb2afe6616194c1fb41430c0c5d2bc4208,1,val_ood,rot90,translate_up,translate_up -> rot90,"pair (f,g): fgx=f(g(x)); task-token order [g,f] means g -> f",2,2,2,first_cross_attention,42,78000,4,0.01,2,"{""fixed_ranks"": [1, 2], ""variance_thresholds"": [0.9, 0.95]}",recorded_ood,B_vs_D_all,0.26426608638889915,0.7273966271470578,,0.5881186223315253,1,too_few_or_constant_samples,0.0,5.093591366568528,0.18436191499384072
/home/ubuntu/cogitao-research/checkpoints/cogitao_vit_cross_attention/cogitao_c1_experiment_1_vit6_function_mlp_cross_attention/run_000/last.ckpt,c6578b6a655d823b9e27296aaf186e6b5b97bad640fb400cc5f2abaa6f308e6d,dfec9cbb2afe6616194c1fb41430c0c5d2bc4208,1,val_ood,rot90,translate_up,translate_up -> rot90,"pair (f,g): fgx=f(g(x)); task-token order [g,f] means g -> f",2,2,2,first_cross_attention_attention,42,78000,4,0.01,2,"{""fixed_ranks"": [1, 2], ""variance_thresholds"": [0.9, 0.95]}",recorded_ood,B_vs_D_all,0.8234081353431724,1.2829134351644669,,0.9739620647818367,1,too_few_or_constant_samples,0.0,4.026044257986438,0.410098957318612
/home/ubuntu/cogitao-research/checkpoints/cogitao_vit_cross_attention/cogitao_c1_experiment_1_vit6_function_mlp_cross_attention/run_000/last.ckpt,c6578b6a655d823b9e27296aaf186e6b5b97bad640fb400cc5f2abaa6f308e6d,dfec9cbb2afe6616194c1fb41430c0c5d2bc4208,1,val_ood,rot90,translate_up,translate_up -> rot90,"pair (f,g): fgx=f(g(x)); task-token order [g,f] means g -> f",2,2,2,second_cross_attention,42,78000,4,0.01,2,"{""fixed_ranks"": [1, 2], ""variance_thresholds"": [0.9, 0.95]}",recorded_ood,B_vs_D_all,0.07048633174161895,0.368020697005215,,0.32051830339533127,1,too_few_or_constant_samples,0.0,2.44499724806097,0.0888164693504103
/home/ubuntu/cogitao-research/checkpoints/cogitao_vit_cross_attention/cogitao_c1_experiment_1_vit6_function_mlp_cross_attention/run_000/last.ckpt,c6578b6a655d823b9e27296aaf186e6b5b97bad640fb400cc5f2abaa6f308e6d,dfec9cbb2afe6616194c1fb41430c0c5d2bc4208,1,val_ood,rot90,translate_up,translate_up -> rot90,"pair (f,g): fgx=f(g(x)); task-token order [g,f] means g -> f",2,2,2,second_cross_attention_attention,42,78000,4,0.01,2,"{""fixed_ranks"": [1, 2], ""variance_thresholds"": [0.9, 0.95]}",recorded_ood,B_vs_D_all,0.17530293008269987,0.5912923082102536,,0.4532355156437876,1,too_few_or_constant_samples,0.0,0.9301977239176116,0.11526230630402667
/home/ubuntu/cogitao-research/checkpoints/cogitao_vit_cross_attention/cogitao_c1_experiment_1_vit6_function_mlp_cross_attention/run_000/last.ckpt,c6578b6a655d823b9e27296aaf186e6b5b97bad640fb400cc5f2abaa6f308e6d,dfec9cbb2afe6616194c1fb41430c0c5d2bc4208,1,val_ood,rot90,translate_up,translate_up -> rot90,"pair (f,g): fgx=f(g(x)); task-token order [g,f] means g -> f",2,2,2,decoder_logits,42,78000,4,0.01,2,"{""fixed_ranks"": [1, 2], ""variance_thresholds"": [0.9, 0.95]}",recorded_ood,B_vs_D_all,0.1286632931394483,0.552650917136272,,0.8177630115476823,1,too_few_or_constant_samples,0.0,1.203471572027643,0.06546920030574788
/home/ubuntu/cogitao-research/checkpoints/cogitao_vit_cross_attention/cogitao_c1_experiment_1_vit6_function_mlp_cross_attention/run_000/last.ckpt,c6578b6a655d823b9e27296aaf186e6b5b97bad640fb400cc5f2abaa6f308e6d,dfec9cbb2afe6616194c1fb41430c0c5d2bc4208,1,val_ood,rot90,translate_up,translate_up -> rot90,"pair (f,g): fgx=f(g(x)); task-token order [g,f] means g -> f",2,1,1,image_final_norm,42,78000,4,0.01,2,"{""fixed_ranks"": [1, 2], ""variance_thresholds"": [0.9, 0.95]}",recorded_ood,B_exact_success_D_exact_failure,0.07633463402051233,0.3907293063501321,,,0,too_few_or_constant_samples,0.0,,
/home/ubuntu/cogitao-research/checkpoints/cogitao_vit_cross_attention/cogitao_c1_experiment_1_vit6_function_mlp_cross_attention/run_000/last.ckpt,c6578b6a655d823b9e27296aaf186e6b5b97bad640fb400cc5f2abaa6f308e6d,dfec9cbb2afe6616194c1fb41430c0c5d2bc4208,1,val_ood,rot90,translate_up,translate_up -> rot90,"pair (f,g): fgx=f(g(x)); task-token order [g,f] means g -> f",2,1,1,function_embeddings,42,78000,4,0.01,2,"{""fixed_ranks"": [1, 2], ""variance_thresholds"": [0.9, 0.95]}",recorded_ood,B_exact_success_D_exact_failure,1.0447476108531426,1.477790626615435,,,0,too_few_or_constant_samples,0.0,,
/home/ubuntu/cogitao-research/checkpoints/cogitao_vit_cross_attention/cogitao_c1_experiment_1_vit6_function_mlp_cross_attention/run_000/last.ckpt,c6578b6a655d823b9e27296aaf186e6b5b97bad640fb400cc5f2abaa6f308e6d,dfec9cbb2afe6616194c1fb41430c0c5d2bc4208,1,val_ood,rot90,translate_up,translate_up -> rot90,"pair (f,g): fgx=f(g(x)); task-token order [g,f] means g -> f",2,1,1,function_mlp,42,78000,4,0.01,2,"{""fixed_ranks"": [1, 2], ""variance_thresholds"": [0.9, 0.95]}",recorded_ood,B_exact_success_D_exact_failure,0.9171156138513821,1.3762628381241233,,,0,too_few_or_constant_samples,0.0,,
/home/ubuntu/cogitao-research/checkpoints/cogitao_vit_cross_attention/cogitao_c1_experiment_1_vit6_function_mlp_cross_attention/run_000/last.ckpt,c6578b6a655d823b9e27296aaf186e6b5b97bad640fb400cc5f2abaa6f308e6d,dfec9cbb2afe6616194c1fb41430c0c5d2bc4208,1,val_ood,rot90,translate_up,translate_up -> rot90,"pair (f,g): fgx=f(g(x)); task-token order [g,f] means g -> f",2,1,1,shared_queries,42,78000,4,0.01,2,"{""fixed_ranks"": [1, 2], ""variance_thresholds"": [0.9, 0.95]}",recorded_ood,B_exact_success_D_exact_failure,0.7329147865552634,1.231814816656596,,,0,too_few_or_constant_samples,0.0,,
/home/ubuntu/cogitao-research/checkpoints/cogitao_vit_cross_attention/cogitao_c1_experiment_1_vit6_function_mlp_cross_attention/run_000/last.ckpt,c6578b6a655d823b9e27296aaf186e6b5b97bad640fb400cc5f2abaa6f308e6d,dfec9cbb2afe6616194c1fb41430c0c5d2bc4208,1,val_ood,rot90,translate_up,translate_up -> rot90,"pair (f,g): fgx=f(g(x)); task-token order [g,f] means g -> f",2,1,1,first_cross_attention,42,78000,4,0.01,2,"{""fixed_ranks"": [1, 2], ""variance_thresholds"": [0.9, 0.95]}",recorded_ood,B_exact_success_D_exact_failure,0.24283910534305775,0.6987519512771349,,,0,too_few_or_constant_samples,0.0,4.478950534266473,0.17282340006654867
/home/ubuntu/cogitao-research/checkpoints/cogitao_vit_cross_attention/cogitao_c1_experiment_1_vit6_function_mlp_cross_attention/run_000/last.ckpt,c6578b6a655d823b9e27296aaf186e6b5b97bad640fb400cc5f2abaa6f308e6d,dfec9cbb2afe6616194c1fb41430c0c5d2bc4208,1,val_ood,rot90,translate_up,translate_up -> rot90,"pair (f,g): fgx=f(g(x)); task-token order [g,f] means g -> f",2,1,1,first_cross_attention_attention,42,78000,4,0.01,2,"{""fixed_ranks"": [1, 2], ""variance_thresholds"": [0.9, 0.95]}",recorded_ood,B_exact_success_D_exact_failure,0.8769730420950003,1.3244423405268417,,,0,too_few_or_constant_samples,0.0,4.217874853970698,0.4310778265516011
/home/ubuntu/cogitao-research/checkpoints/cogitao_vit_cross_attention/cogitao_c1_experiment_1_vit6_function_mlp_cross_attention/run_000/last.ckpt,c6578b6a655d823b9e27296aaf186e6b5b97bad640fb400cc5f2abaa6f308e6d,dfec9cbb2afe6616194c1fb41430c0c5d2bc4208,1,val_ood,rot90,translate_up,translate_up -> rot90,"pair (f,g): fgx=f(g(x)); task-token order [g,f] means g -> f",2,1,1,second_cross_attention,42,78000,4,0.01,2,"{""fixed_ranks"": [1, 2], ""variance_thresholds"": [0.9, 0.95]}",recorded_ood,B_exact_success_D_exact_failure,0.0333868424200231,0.2686829041288427,,,0,too_few_or_constant_samples,0.0,2.066755297160819,0.07540349801828831
/home/ubuntu/cogitao-research/checkpoints/cogitao_vit_cross_attention/cogitao_c1_experiment_1_vit6_function_mlp_cross_attention/run_000/last.ckpt,c6578b6a655d823b9e27296aaf186e6b5b97bad640fb400cc5f2abaa6f308e6d,dfec9cbb2afe6616194c1fb41430c0c5d2bc4208,1,val_ood,rot90,translate_up,translate_up -> rot90,"pair (f,g): fgx=f(g(x)); task-token order [g,f] means g -> f",2,1,1,second_cross_attention_attention,42,78000,4,0.01,2,"{""fixed_ranks"": [1, 2], ""variance_thresholds"": [0.9, 0.95]}",recorded_ood,B_exact_success_D_exact_failure,0.15548571260967703,0.5577687040815105,,,0,too_few_or_constant_samples,0.0,0.5778797746807766,0.09805432185492682
/home/ubuntu/cogitao-research/checkpoints/cogitao_vit_cross_attention/cogitao_c1_experiment_1_vit6_function_mlp_cross_attention/run_000/last.ckpt,c6578b6a655d823b9e27296aaf186e6b5b97bad640fb400cc5f2abaa6f308e6d,dfec9cbb2afe6616194c1fb41430c0c5d2bc4208,1,val_ood,rot90,translate_up,translate_up -> rot90,"pair (f,g): fgx=f(g(x)); task-token order [g,f] means g -> f",2,1,1,decoder_logits,42,78000,4,0.01,2,"{""fixed_ranks"": [1, 2], ""variance_thresholds"": [0.9, 0.95]}",recorded_ood,B_exact_success_D_exact_failure,0.11749830014849294,0.550837348285614,,,0,too_few_or_constant_samples,0.0,1.0576136381336185,0.06573891160829831
/home/ubuntu/cogitao-research/checkpoints/cogitao_vit_cross_attention/cogitao_c1_experiment_1_vit6_function_mlp_cross_attention/run_000/last.ckpt,c6578b6a655d823b9e27296aaf186e6b5b97bad640fb400cc5f2abaa6f308e6d,dfec9cbb2afe6616194c1fb41430c0c5d2bc4208,1,val_ood,rot90,translate_up,translate_up -> rot90,"pair (f,g): fgx=f(g(x)); task-token order [g,f] means g -> f",2,2,2,image_final_norm,42,78000,4,0.01,2,"{""fixed_ranks"": [1, 2], ""variance_thresholds"": [0.9, 0.95]}",recorded_ood,oracle_verified_program_order_invariance,5.551115123125783e-17,0.0,,0.0,1,too_few_or_constant_samples,0.0,,
/home/ubuntu/cogitao-research/checkpoints/cogitao_vit_cross_attention/cogitao_c1_experiment_1_vit6_function_mlp_cross_attention/run_000/last.ckpt,c6578b6a655d823b9e27296aaf186e6b5b97bad640fb400cc5f2abaa6f308e6d,dfec9cbb2afe6616194c1fb41430c0c5d2bc4208,1,val_ood,rot90,translate_up,translate_up -> rot90,"pair (f,g): fgx=f(g(x)); task-token order [g,f] means g -> f",2,2,2,function_embeddings,42,78000,4,0.01,2,"{""fixed_ranks"": [1, 2], ""variance_thresholds"": [0.9, 0.95]}",recorded_ood,oracle_verified_program_order_invariance,1.0569481184088931,1.4539244261024915,,,0,too_few_or_constant_samples,0.0,,
/home/ubuntu/cogitao-research/checkpoints/cogitao_vit_cross_attention/cogitao_c1_experiment_1_vit6_function_mlp_cross_attention/run_000/last.ckpt,c6578b6a655d823b9e27296aaf186e6b5b97bad640fb400cc5f2abaa6f308e6d,dfec9cbb2afe6616194c1fb41430c0c5d2bc4208,1,val_ood,rot90,translate_up,translate_up -> rot90,"pair (f,g): fgx=f(g(x)); task-token order [g,f] means g -> f",2,2,2,function_mlp,42,78000,4,0.01,2,"{""fixed_ranks"": [1, 2], ""variance_thresholds"": [0.9, 0.95]}",recorded_ood,oracle_verified_program_order_invariance,1.1945885469598485,1.5518969929875386,,,0,too_few_or_constant_samples,0.0,,
/home/ubuntu/cogitao-research/checkpoints/cogitao_vit_cross_attention/cogitao_c1_experiment_1_vit6_function_mlp_cross_attention/run_000/last.ckpt,c6578b6a655d823b9e27296aaf186e6b5b97bad640fb400cc5f2abaa6f308e6d,dfec9cbb2afe6616194c1fb41430c0c5d2bc4208,1,val_ood,rot90,translate_up,translate_up -> rot90,"pair (f,g): fgx=f(g(x)); task-token order [g,f] means g -> f",2,2,2,shared_queries,42,78000,4,0.01,2,"{""fixed_ranks"": [1, 2], ""variance_thresholds"": [0.9, 0.95]}",recorded_ood,oracle_verified_program_order_invariance,0.9567156820301922,1.3886046031622439,,,0,too_few_or_constant_samples,0.0,,
/home/ubuntu/cogitao-research/checkpoints/cogitao_vit_cross_attention/cogitao_c1_experiment_1_vit6_function_mlp_cross_attention/run_000/last.ckpt,c6578b6a655d823b9e27296aaf186e6b5b97bad640fb400cc5f2abaa6f308e6d,dfec9cbb2afe6616194c1fb41430c0c5d2bc4208,1,val_ood,rot90,translate_up,translate_up -> rot90,"pair (f,g): fgx=f(g(x)); task-token order [g,f] means g -> f",2,2,2,first_cross_attention,42,78000,4,0.01,2,"{""fixed_ranks"": [1, 2], ""variance_thresholds"": [0.9, 0.95]}",recorded_ood,oracle_verified_program_order_invariance,0.2869653401347124,0.7556775319109297,,0.5965566644405269,1,too_few_or_constant_samples,0.0,5.1273263764634915,0.18281064850132828
/home/ubuntu/cogitao-research/checkpoints/cogitao_vit_cross_attention/cogitao_c1_experiment_1_vit6_function_mlp_cross_attention/run_000/last.ckpt,c6578b6a655d823b9e27296aaf186e6b5b97bad640fb400cc5f2abaa6f308e6d,dfec9cbb2afe6616194c1fb41430c0c5d2bc4208,1,val_ood,rot90,translate_up,translate_up -> rot90,"pair (f,g): fgx=f(g(x)); task-token order [g,f] means g -> f",2,2,2,first_cross_attention_attention,42,78000,4,0.01,2,"{""fixed_ranks"": [1, 2], ""variance_thresholds"": [0.9, 0.95]}",recorded_ood,oracle_verified_program_order_invariance,0.10934325537177636,0.45956225162730624,,0.20454183736346765,1,too_few_or_constant_samples,0.0,0.4058374205531066,0.07934400384120614
/home/ubuntu/cogitao-research/checkpoints/cogitao_vit_cross_attention/cogitao_c1_experiment_1_vit6_function_mlp_cross_attention/run_000/last.ckpt,c6578b6a655d823b9e27296aaf186e6b5b97bad640fb400cc5f2abaa6f308e6d,dfec9cbb2afe6616194c1fb41430c0c5d2bc4208,1,val_ood,rot90,translate_up,translate_up -> rot90,"pair (f,g): fgx=f(g(x)); task-token order [g,f] means g -> f",2,2,2,second_cross_attention,42,78000,4,0.01,2,"{""fixed_ranks"": [1, 2], ""variance_thresholds"": [0.9, 0.95]}",recorded_ood,oracle_verified_program_order_invariance,0.08999677726584576,0.4215297799584961,,0.415306538348827,1,too_few_or_constant_samples,0.0,2.327731175902008,0.08377573802750694
/home/ubuntu/cogitao-research/checkpoints/cogitao_vit_cross_attention/cogitao_c1_experiment_1_vit6_function_mlp_cross_attention/run_000/last.ckpt,c6578b6a655d823b9e27296aaf186e6b5b97bad640fb400cc5f2abaa6f308e6d,dfec9cbb2afe6616194c1fb41430c0c5d2bc4208,1,val_ood,rot90,translate_up,translate_up -> rot90,"pair (f,g): fgx=f(g(x)); task-token order [g,f] means g -> f",2,2,2,second_cross_attention_attention,42,78000,4,0.01,2,"{""fixed_ranks"": [1, 2], ""variance_thresholds"": [0.9, 0.95]}",recorded_ood,oracle_verified_program_order_invariance,0.17726097676903135,0.5765392391672223,,0.464651691360212,1,too_few_or_constant_samples,0.0,1.0234159304720782,0.11483304064043426
/home/ubuntu/cogitao-research/checkpoints/cogitao_vit_cross_attention/cogitao_c1_experiment_1_vit6_function_mlp_cross_attention/run_000/last.ckpt,c6578b6a655d823b9e27296aaf186e6b5b97bad640fb400cc5f2abaa6f308e6d,dfec9cbb2afe6616194c1fb41430c0c5d2bc4208,1,val_ood,rot90,translate_up,translate_up -> rot90,"pair (f,g): fgx=f(g(x)); task-token order [g,f] means g -> f",2,2,2,decoder_logits,42,78000,4,0.01,2,"{""fixed_ranks"": [1, 2], ""variance_thresholds"": [0.9, 0.95]}",recorded_ood,oracle_verified_program_order_invariance,0.12203640836462781,0.5152740805704918,,0.7738602637275211,1,too_few_or_constant_samples,0.0,0.9348492911613715,0.0510249253849728
/home/ubuntu/cogitao-research/checkpoints/cogitao_vit_cross_attention/cogitao_c1_experiment_1_vit6_function_mlp_cross_attention/run_000/last.ckpt,c6578b6a655d823b9e27296aaf186e6b5b97bad640fb400cc5f2abaa6f308e6d,dfec9cbb2afe6616194c1fb41430c0c5d2bc4208,1,val_ood,rot90,translate_up,translate_up -> rot90,"pair (f,g): fgx=f(g(x)); task-token order [g,f] means g -> f",2,2,2,image_final_norm,42,78000,4,0.01,2,"{""fixed_ranks"": [1, 2], ""variance_thresholds"": [0.9, 0.95]}",recorded_ood,direct_vs_seen_template_atomic_token_swap,5.551115123125783e-17,0.0,,0.0,1,too_few_or_constant_samples,1.0,,
/home/ubuntu/cogitao-research/checkpoints/cogitao_vit_cross_attention/cogitao_c1_experiment_1_vit6_function_mlp_cross_attention/run_000/last.ckpt,c6578b6a655d823b9e27296aaf186e6b5b97bad640fb400cc5f2abaa6f308e6d,dfec9cbb2afe6616194c1fb41430c0c5d2bc4208,1,val_ood,rot90,translate_up,translate_up -> rot90,"pair (f,g): fgx=f(g(x)); task-token order [g,f] means g -> f",2,2,2,function_embeddings,42,78000,4,0.01,2,"{""fixed_ranks"": [1, 2], ""variance_thresholds"": [0.9, 0.95]}",recorded_ood,direct_vs_seen_template_atomic_token_swap,0.0,0.0,,,0,too_few_or_constant_samples,1.0,,
/home/ubuntu/cogitao-research/checkpoints/cogitao_vit_cross_attention/cogitao_c1_experiment_1_vit6_function_mlp_cross_attention/run_000/last.ckpt,c6578b6a655d823b9e27296aaf186e6b5b97bad640fb400cc5f2abaa6f308e6d,dfec9cbb2afe6616194c1fb41430c0c5d2bc4208,1,val_ood,rot90,translate_up,translate_up -> rot90,"pair (f,g): fgx=f(g(x)); task-token order [g,f] means g -> f",2,2,2,function_mlp,42,78000,4,0.01,2,"{""fixed_ranks"": [1, 2], ""variance_thresholds"": [0.9, 0.95]}",recorded_ood,direct_vs_seen_template_atomic_token_swap,0.0,0.0,,,0,too_few_or_constant_samples,1.0,,
/home/ubuntu/cogitao-research/checkpoints/cogitao_vit_cross_attention/cogitao_c1_experiment_1_vit6_function_mlp_cross_attention/run_000/last.ckpt,c6578b6a655d823b9e27296aaf186e6b5b97bad640fb400cc5f2abaa6f308e6d,dfec9cbb2afe6616194c1fb41430c0c5d2bc4208,1,val_ood,rot90,translate_up,translate_up -> rot90,"pair (f,g): fgx=f(g(x)); task-token order [g,f] means g -> f",2,2,2,shared_queries,42,78000,4,0.01,2,"{""fixed_ranks"": [1, 2], ""variance_thresholds"": [0.9, 0.95]}",recorded_ood,direct_vs_seen_template_atomic_token_swap,1.1102230246251565e-16,0.0,,,0,too_few_or_constant_samples,1.0,,
/home/ubuntu/cogitao-research/checkpoints/cogitao_vit_cross_attention/cogitao_c1_experiment_1_vit6_function_mlp_cross_attention/run_000/last.ckpt,c6578b6a655d823b9e27296aaf186e6b5b97bad640fb400cc5f2abaa6f308e6d,dfec9cbb2afe6616194c1fb41430c0c5d2bc4208,1,val_ood,rot90,translate_up,translate_up -> rot90,"pair (f,g): fgx=f(g(x)); task-token order [g,f] means g -> f",2,2,2,first_cross_attention,42,78000,4,0.01,2,"{""fixed_ranks"": [1, 2], ""variance_thresholds"": [0.9, 0.95]}",recorded_ood,direct_vs_seen_template_atomic_token_swap,0.0,0.0,,2.220446049250313e-16,1,too_few_or_constant_samples,1.0,0.0,0.0
/home/ubuntu/cogitao-research/checkpoints/cogitao_vit_cross_attention/cogitao_c1_experiment_1_vit6_function_mlp_cross_attention/run_000/last.ckpt,c6578b6a655d823b9e27296aaf186e6b5b97bad640fb400cc5f2abaa6f308e6d,dfec9cbb2afe6616194c1fb41430c0c5d2bc4208,1,val_ood,rot90,translate_up,translate_up -> rot90,"pair (f,g): fgx=f(g(x)); task-token order [g,f] means g -> f",2,2,2,first_cross_attention_attention,42,78000,4,0.01,2,"{""fixed_ranks"": [1, 2], ""variance_thresholds"": [0.9, 0.95]}",recorded_ood,direct_vs_seen_template_atomic_token_swap,5.551115123125783e-17,0.0,,0.0,1,too_few_or_constant_samples,1.0,0.0,0.0
/home/ubuntu/cogitao-research/checkpoints/cogitao_vit_cross_attention/cogitao_c1_experiment_1_vit6_function_mlp_cross_attention/run_000/last.ckpt,c6578b6a655d823b9e27296aaf186e6b5b97bad640fb400cc5f2abaa6f308e6d,dfec9cbb2afe6616194c1fb41430c0c5d2bc4208,1,val_ood,rot90,translate_up,translate_up -> rot90,"pair (f,g): fgx=f(g(x)); task-token order [g,f] means g -> f",2,2,2,second_cross_attention,42,78000,4,0.01,2,"{""fixed_ranks"": [1, 2], ""variance_thresholds"": [0.9, 0.95]}",recorded_ood,direct_vs_seen_template_atomic_token_swap,0.0,0.0,,2.220446049250313e-15,1,too_few_or_constant_samples,1.0,0.0,0.0
/home/ubuntu/cogitao-research/checkpoints/cogitao_vit_cross_attention/cogitao_c1_experiment_1_vit6_function_mlp_cross_attention/run_000/last.ckpt,c6578b6a655d823b9e27296aaf186e6b5b97bad640fb400cc5f2abaa6f308e6d,dfec9cbb2afe6616194c1fb41430c0c5d2bc4208,1,val_ood,rot90,translate_up,translate_up -> rot90,"pair (f,g): fgx=f(g(x)); task-token order [g,f] means g -> f",2,2,2,second_cross_attention_attention,42,78000,4,0.01,2,"{""fixed_ranks"": [1, 2], ""variance_thresholds"": [0.9, 0.95]}",recorded_ood,direct_vs_seen_template_atomic_token_swap,2.220446049250313e-16,0.0,,8.881784197001252e-16,1,too_few_or_constant_samples,1.0,0.0,0.0
/home/ubuntu/cogitao-research/checkpoints/cogitao_vit_cross_attention/cogitao_c1_experiment_1_vit6_function_mlp_cross_attention/run_000/last.ckpt,c6578b6a655d823b9e27296aaf186e6b5b97bad640fb400cc5f2abaa6f308e6d,dfec9cbb2afe6616194c1fb41430c0c5d2bc4208,1,val_ood,rot90,translate_up,translate_up -> rot90,"pair (f,g): fgx=f(g(x)); task-token order [g,f] means g -> f",2,2,2,decoder_logits,42,78000,4,0.01,2,"{""fixed_ranks"": [1, 2], ""variance_thresholds"": [0.9, 0.95]}",recorded_ood,direct_vs_seen_template_atomic_token_swap,0.0,0.0,,0.0,1,too_few_or_constant_samples,1.0,0.0,0.0
