checkpoint_path,checkpoint_sha256,git_commit,experiment_id,split,f,g,program,function_ordering,oracle_valid_count,model_sample_count,sample_count,layer,seed,global_step,probe_fit_sample_count,ridge,pool_grid,pca_settings,source_kind,context,rank_setting,pca_rank,id_projection_error,projection_error,energy_error,random_projection_error,random_energy_error,principal_angle_defect,effective_id_rank,effective_ood_rank,ood_pca_role,pca_status
/home/ubuntu/cogitao-research/checkpoints/cogitao_vit_cross_attention/cogitao_c1_experiment_1_vit6_function_mlp_cross_attention/run_000/last.ckpt,c6578b6a655d823b9e27296aaf186e6b5b97bad640fb400cc5f2abaa6f308e6d,dfec9cbb2afe6616194c1fb41430c0c5d2bc4208,1,val_ood,rot90,translate_up,translate_up -> rot90,"pair (f,g): fgx=f(g(x)); task-token order [g,f] means g -> f",2,2,2,image_input_tokens,42,78000,4,0.01,2,"{""fixed_ranks"": [1, 2], ""variance_thresholds"": [0.9, 0.95]}",recorded_ood,f_given_g,k1,1,0.9994063486502378,0.9669912240941747,0.9350753487966277,0.999377461137131,0.9987554722943996,0.9951381608978159,3,1,descriptive_only; never used for ID projection,ok
/home/ubuntu/cogitao-research/checkpoints/cogitao_vit_cross_attention/cogitao_c1_experiment_1_vit6_function_mlp_cross_attention/run_000/last.ckpt,c6578b6a655d823b9e27296aaf186e6b5b97bad640fb400cc5f2abaa6f308e6d,dfec9cbb2afe6616194c1fb41430c0c5d2bc4208,1,val_ood,rot90,translate_up,translate_up -> rot90,"pair (f,g): fgx=f(g(x)); task-token order [g,f] means g -> f",2,2,2,image_input_tokens,42,78000,4,0.01,2,"{""fixed_ranks"": [1, 2], ""variance_thresholds"": [0.9, 0.95]}",recorded_ood,f_given_g,k2,2,0.9941754263987597,0.9427847738148446,0.8889274715191594,0.9987355313246917,0.9974733959566788,,3,1,descriptive_only; never used for ID projection,ood_rank_below_requested_rank
/home/ubuntu/cogitao-research/checkpoints/cogitao_vit_cross_attention/cogitao_c1_experiment_1_vit6_function_mlp_cross_attention/run_000/last.ckpt,c6578b6a655d823b9e27296aaf186e6b5b97bad640fb400cc5f2abaa6f308e6d,dfec9cbb2afe6616194c1fb41430c0c5d2bc4208,1,val_ood,rot90,translate_up,translate_up -> rot90,"pair (f,g): fgx=f(g(x)); task-token order [g,f] means g -> f",2,2,2,image_input_tokens,42,78000,4,0.01,2,"{""fixed_ranks"": [1, 2], ""variance_thresholds"": [0.9, 0.95]}",recorded_ood,f_given_g,variance_0.9,3,0.9907447233406115,0.9354467354589133,0.8752105809006325,0.9968461747493702,0.9937029628214655,,3,1,descriptive_only; never used for ID projection,ood_rank_below_requested_rank
/home/ubuntu/cogitao-research/checkpoints/cogitao_vit_cross_attention/cogitao_c1_experiment_1_vit6_function_mlp_cross_attention/run_000/last.ckpt,c6578b6a655d823b9e27296aaf186e6b5b97bad640fb400cc5f2abaa6f308e6d,dfec9cbb2afe6616194c1fb41430c0c5d2bc4208,1,val_ood,rot90,translate_up,translate_up -> rot90,"pair (f,g): fgx=f(g(x)); task-token order [g,f] means g -> f",2,2,2,image_input_tokens,42,78000,4,0.01,2,"{""fixed_ranks"": [1, 2], ""variance_thresholds"": [0.9, 0.95]}",recorded_ood,f_given_g,variance_0.95,3,0.9907447233406115,0.9354467354589133,0.8752105809006325,0.9968461747493702,0.9937029628214655,,3,1,descriptive_only; never used for ID projection,ood_rank_below_requested_rank
/home/ubuntu/cogitao-research/checkpoints/cogitao_vit_cross_attention/cogitao_c1_experiment_1_vit6_function_mlp_cross_attention/run_000/last.ckpt,c6578b6a655d823b9e27296aaf186e6b5b97bad640fb400cc5f2abaa6f308e6d,dfec9cbb2afe6616194c1fb41430c0c5d2bc4208,1,val_ood,rot90,translate_up,translate_up -> rot90,"pair (f,g): fgx=f(g(x)); task-token order [g,f] means g -> f",2,2,2,image_input_tokens,42,78000,4,0.01,2,"{""fixed_ranks"": [1, 2], ""variance_thresholds"": [0.9, 0.95]}",recorded_ood,g_given_f,k1,1,0.9785776721050445,0.997627270362166,0.9952639635037577,0.9997746952070813,0.9995494917359222,0.9880123253960393,3,1,descriptive_only; never used for ID projection,ok
/home/ubuntu/cogitao-research/checkpoints/cogitao_vit_cross_attention/cogitao_c1_experiment_1_vit6_function_mlp_cross_attention/run_000/last.ckpt,c6578b6a655d823b9e27296aaf186e6b5b97bad640fb400cc5f2abaa6f308e6d,dfec9cbb2afe6616194c1fb41430c0c5d2bc4208,1,val_ood,rot90,translate_up,translate_up -> rot90,"pair (f,g): fgx=f(g(x)); task-token order [g,f] means g -> f",2,2,2,image_input_tokens,42,78000,4,0.01,2,"{""fixed_ranks"": [1, 2], ""variance_thresholds"": [0.9, 0.95]}",recorded_ood,g_given_f,k2,2,0.8863569258679513,0.927865983714546,0.8620793141492118,0.9996317670807895,0.999263725892284,,3,1,descriptive_only; never used for ID projection,ood_rank_below_requested_rank
/home/ubuntu/cogitao-research/checkpoints/cogitao_vit_cross_attention/cogitao_c1_experiment_1_vit6_function_mlp_cross_attention/run_000/last.ckpt,c6578b6a655d823b9e27296aaf186e6b5b97bad640fb400cc5f2abaa6f308e6d,dfec9cbb2afe6616194c1fb41430c0c5d2bc4208,1,val_ood,rot90,translate_up,translate_up -> rot90,"pair (f,g): fgx=f(g(x)); task-token order [g,f] means g -> f",2,2,2,image_input_tokens,42,78000,4,0.01,2,"{""fixed_ranks"": [1, 2], ""variance_thresholds"": [0.9, 0.95]}",recorded_ood,g_given_f,variance_0.9,1,0.9785776721050445,0.997627270362166,0.9952639635037577,0.9997746952070813,0.9995494917359222,0.9880123253960393,3,1,descriptive_only; never used for ID projection,ok
/home/ubuntu/cogitao-research/checkpoints/cogitao_vit_cross_attention/cogitao_c1_experiment_1_vit6_function_mlp_cross_attention/run_000/last.ckpt,c6578b6a655d823b9e27296aaf186e6b5b97bad640fb400cc5f2abaa6f308e6d,dfec9cbb2afe6616194c1fb41430c0c5d2bc4208,1,val_ood,rot90,translate_up,translate_up -> rot90,"pair (f,g): fgx=f(g(x)); task-token order [g,f] means g -> f",2,2,2,image_input_tokens,42,78000,4,0.01,2,"{""fixed_ranks"": [1, 2], ""variance_thresholds"": [0.9, 0.95]}",recorded_ood,g_given_f,variance_0.95,2,0.8863569258679513,0.927865983714546,0.8620793141492118,0.9996317670807895,0.999263725892284,,3,1,descriptive_only; never used for ID projection,ood_rank_below_requested_rank
/home/ubuntu/cogitao-research/checkpoints/cogitao_vit_cross_attention/cogitao_c1_experiment_1_vit6_function_mlp_cross_attention/run_000/last.ckpt,c6578b6a655d823b9e27296aaf186e6b5b97bad640fb400cc5f2abaa6f308e6d,dfec9cbb2afe6616194c1fb41430c0c5d2bc4208,1,val_ood,rot90,translate_up,translate_up -> rot90,"pair (f,g): fgx=f(g(x)); task-token order [g,f] means g -> f",2,2,2,image_block_01,42,78000,4,0.01,2,"{""fixed_ranks"": [1, 2], ""variance_thresholds"": [0.9, 0.95]}",recorded_ood,f_given_g,k1,1,0.9206189801637452,0.895024002696952,0.8014039040032829,0.9999388056902117,0.9998776188613312,0.7621931185854063,3,1,descriptive_only; never used for ID projection,ok
/home/ubuntu/cogitao-research/checkpoints/cogitao_vit_cross_attention/cogitao_c1_experiment_1_vit6_function_mlp_cross_attention/run_000/last.ckpt,c6578b6a655d823b9e27296aaf186e6b5b97bad640fb400cc5f2abaa6f308e6d,dfec9cbb2afe6616194c1fb41430c0c5d2bc4208,1,val_ood,rot90,translate_up,translate_up -> rot90,"pair (f,g): fgx=f(g(x)); task-token order [g,f] means g -> f",2,2,2,image_block_01,42,78000,4,0.01,2,"{""fixed_ranks"": [1, 2], ""variance_thresholds"": [0.9, 0.95]}",recorded_ood,f_given_g,k2,2,0.9176007300869271,0.8889271671135242,0.7903852532574118,0.9992155957394039,0.9984320529955566,,3,1,descriptive_only; never used for ID projection,ood_rank_below_requested_rank
/home/ubuntu/cogitao-research/checkpoints/cogitao_vit_cross_attention/cogitao_c1_experiment_1_vit6_function_mlp_cross_attention/run_000/last.ckpt,c6578b6a655d823b9e27296aaf186e6b5b97bad640fb400cc5f2abaa6f308e6d,dfec9cbb2afe6616194c1fb41430c0c5d2bc4208,1,val_ood,rot90,translate_up,translate_up -> rot90,"pair (f,g): fgx=f(g(x)); task-token order [g,f] means g -> f",2,2,2,image_block_01,42,78000,4,0.01,2,"{""fixed_ranks"": [1, 2], ""variance_thresholds"": [0.9, 0.95]}",recorded_ood,f_given_g,variance_0.9,3,0.9173593494601651,0.8855416969461722,0.7843020940005693,0.9982629265947287,0.9965296633192657,,3,1,descriptive_only; never used for ID projection,ood_rank_below_requested_rank
/home/ubuntu/cogitao-research/checkpoints/cogitao_vit_cross_attention/cogitao_c1_experiment_1_vit6_function_mlp_cross_attention/run_000/last.ckpt,c6578b6a655d823b9e27296aaf186e6b5b97bad640fb400cc5f2abaa6f308e6d,dfec9cbb2afe6616194c1fb41430c0c5d2bc4208,1,val_ood,rot90,translate_up,translate_up -> rot90,"pair (f,g): fgx=f(g(x)); task-token order [g,f] means g -> f",2,2,2,image_block_01,42,78000,4,0.01,2,"{""fixed_ranks"": [1, 2], ""variance_thresholds"": [0.9, 0.95]}",recorded_ood,f_given_g,variance_0.95,3,0.9173593494601651,0.8855416969461722,0.7843020940005693,0.9982629265947287,0.9965296633192657,,3,1,descriptive_only; never used for ID projection,ood_rank_below_requested_rank
/home/ubuntu/cogitao-research/checkpoints/cogitao_vit_cross_attention/cogitao_c1_experiment_1_vit6_function_mlp_cross_attention/run_000/last.ckpt,c6578b6a655d823b9e27296aaf186e6b5b97bad640fb400cc5f2abaa6f308e6d,dfec9cbb2afe6616194c1fb41430c0c5d2bc4208,1,val_ood,rot90,translate_up,translate_up -> rot90,"pair (f,g): fgx=f(g(x)); task-token order [g,f] means g -> f",2,2,2,image_block_01,42,78000,4,0.01,2,"{""fixed_ranks"": [1, 2], ""variance_thresholds"": [0.9, 0.95]}",recorded_ood,g_given_f,k1,1,0.9674324556793759,0.9639701040150818,0.9300314084850552,0.9985184765218345,0.9970393647666652,0.6593037065568266,3,1,descriptive_only; never used for ID projection,ok
/home/ubuntu/cogitao-research/checkpoints/cogitao_vit_cross_attention/cogitao_c1_experiment_1_vit6_function_mlp_cross_attention/run_000/last.ckpt,c6578b6a655d823b9e27296aaf186e6b5b97bad640fb400cc5f2abaa6f308e6d,dfec9cbb2afe6616194c1fb41430c0c5d2bc4208,1,val_ood,rot90,translate_up,translate_up -> rot90,"pair (f,g): fgx=f(g(x)); task-token order [g,f] means g -> f",2,2,2,image_block_01,42,78000,4,0.01,2,"{""fixed_ranks"": [1, 2], ""variance_thresholds"": [0.9, 0.95]}",recorded_ood,g_given_f,k2,2,0.9612435376809014,0.9556103639545548,0.9136835245718418,0.999738449832251,0.9994770121467285,,3,1,descriptive_only; never used for ID projection,ood_rank_below_requested_rank
/home/ubuntu/cogitao-research/checkpoints/cogitao_vit_cross_attention/cogitao_c1_experiment_1_vit6_function_mlp_cross_attention/run_000/last.ckpt,c6578b6a655d823b9e27296aaf186e6b5b97bad640fb400cc5f2abaa6f308e6d,dfec9cbb2afe6616194c1fb41430c0c5d2bc4208,1,val_ood,rot90,translate_up,translate_up -> rot90,"pair (f,g): fgx=f(g(x)); task-token order [g,f] means g -> f",2,2,2,image_block_01,42,78000,4,0.01,2,"{""fixed_ranks"": [1, 2], ""variance_thresholds"": [0.9, 0.95]}",recorded_ood,g_given_f,variance_0.9,3,0.8854474715890757,0.895672448574634,0.8042115776717207,0.9985341289238425,0.9970704073380892,,3,1,descriptive_only; never used for ID projection,ood_rank_below_requested_rank
/home/ubuntu/cogitao-research/checkpoints/cogitao_vit_cross_attention/cogitao_c1_experiment_1_vit6_function_mlp_cross_attention/run_000/last.ckpt,c6578b6a655d823b9e27296aaf186e6b5b97bad640fb400cc5f2abaa6f308e6d,dfec9cbb2afe6616194c1fb41430c0c5d2bc4208,1,val_ood,rot90,translate_up,translate_up -> rot90,"pair (f,g): fgx=f(g(x)); task-token order [g,f] means g -> f",2,2,2,image_block_01,42,78000,4,0.01,2,"{""fixed_ranks"": [1, 2], ""variance_thresholds"": [0.9, 0.95]}",recorded_ood,g_given_f,variance_0.95,3,0.8854474715890757,0.895672448574634,0.8042115776717207,0.9985341289238425,0.9970704073380892,,3,1,descriptive_only; never used for ID projection,ood_rank_below_requested_rank
/home/ubuntu/cogitao-research/checkpoints/cogitao_vit_cross_attention/cogitao_c1_experiment_1_vit6_function_mlp_cross_attention/run_000/last.ckpt,c6578b6a655d823b9e27296aaf186e6b5b97bad640fb400cc5f2abaa6f308e6d,dfec9cbb2afe6616194c1fb41430c0c5d2bc4208,1,val_ood,rot90,translate_up,translate_up -> rot90,"pair (f,g): fgx=f(g(x)); task-token order [g,f] means g -> f",2,2,2,image_block_02,42,78000,4,0.01,2,"{""fixed_ranks"": [1, 2], ""variance_thresholds"": [0.9, 0.95]}",recorded_ood,f_given_g,k1,1,0.9230944128056311,0.8937011275251927,0.8013194801442434,0.9998754243557634,0.9997508796007342,0.7241085075470999,3,1,descriptive_only; never used for ID projection,ok
/home/ubuntu/cogitao-research/checkpoints/cogitao_vit_cross_attention/cogitao_c1_experiment_1_vit6_function_mlp_cross_attention/run_000/last.ckpt,c6578b6a655d823b9e27296aaf186e6b5b97bad640fb400cc5f2abaa6f308e6d,dfec9cbb2afe6616194c1fb41430c0c5d2bc4208,1,val_ood,rot90,translate_up,translate_up -> rot90,"pair (f,g): fgx=f(g(x)); task-token order [g,f] means g -> f",2,2,2,image_block_02,42,78000,4,0.01,2,"{""fixed_ranks"": [1, 2], ""variance_thresholds"": [0.9, 0.95]}",recorded_ood,f_given_g,k2,2,0.8595291175992867,0.8287578179979449,0.6892047219395074,0.9969534374612792,0.9939161724031532,,3,1,descriptive_only; never used for ID projection,ood_rank_below_requested_rank
/home/ubuntu/cogitao-research/checkpoints/cogitao_vit_cross_attention/cogitao_c1_experiment_1_vit6_function_mlp_cross_attention/run_000/last.ckpt,c6578b6a655d823b9e27296aaf186e6b5b97bad640fb400cc5f2abaa6f308e6d,dfec9cbb2afe6616194c1fb41430c0c5d2bc4208,1,val_ood,rot90,translate_up,translate_up -> rot90,"pair (f,g): fgx=f(g(x)); task-token order [g,f] means g -> f",2,2,2,image_block_02,42,78000,4,0.01,2,"{""fixed_ranks"": [1, 2], ""variance_thresholds"": [0.9, 0.95]}",recorded_ood,f_given_g,variance_0.9,3,0.8501467124699328,0.8151801398478769,0.6681568238117337,0.9976849110636379,0.9953757910256756,,3,1,descriptive_only; never used for ID projection,ood_rank_below_requested_rank
/home/ubuntu/cogitao-research/checkpoints/cogitao_vit_cross_attention/cogitao_c1_experiment_1_vit6_function_mlp_cross_attention/run_000/last.ckpt,c6578b6a655d823b9e27296aaf186e6b5b97bad640fb400cc5f2abaa6f308e6d,dfec9cbb2afe6616194c1fb41430c0c5d2bc4208,1,val_ood,rot90,translate_up,translate_up -> rot90,"pair (f,g): fgx=f(g(x)); task-token order [g,f] means g -> f",2,2,2,image_block_02,42,78000,4,0.01,2,"{""fixed_ranks"": [1, 2], ""variance_thresholds"": [0.9, 0.95]}",recorded_ood,f_given_g,variance_0.95,3,0.8501467124699328,0.8151801398478769,0.6681568238117337,0.9976849110636379,0.9953757910256756,,3,1,descriptive_only; never used for ID projection,ood_rank_below_requested_rank
/home/ubuntu/cogitao-research/checkpoints/cogitao_vit_cross_attention/cogitao_c1_experiment_1_vit6_function_mlp_cross_attention/run_000/last.ckpt,c6578b6a655d823b9e27296aaf186e6b5b97bad640fb400cc5f2abaa6f308e6d,dfec9cbb2afe6616194c1fb41430c0c5d2bc4208,1,val_ood,rot90,translate_up,translate_up -> rot90,"pair (f,g): fgx=f(g(x)); task-token order [g,f] means g -> f",2,2,2,image_block_02,42,78000,4,0.01,2,"{""fixed_ranks"": [1, 2], ""variance_thresholds"": [0.9, 0.95]}",recorded_ood,g_given_f,k1,1,0.9667542613469575,0.9802707451542045,0.9611490680463948,0.9974922228320062,0.9949931085279256,0.9286606842316009,3,1,descriptive_only; never used for ID projection,ok
/home/ubuntu/cogitao-research/checkpoints/cogitao_vit_cross_attention/cogitao_c1_experiment_1_vit6_function_mlp_cross_attention/run_000/last.ckpt,c6578b6a655d823b9e27296aaf186e6b5b97bad640fb400cc5f2abaa6f308e6d,dfec9cbb2afe6616194c1fb41430c0c5d2bc4208,1,val_ood,rot90,translate_up,translate_up -> rot90,"pair (f,g): fgx=f(g(x)); task-token order [g,f] means g -> f",2,2,2,image_block_02,42,78000,4,0.01,2,"{""fixed_ranks"": [1, 2], ""variance_thresholds"": [0.9, 0.95]}",recorded_ood,g_given_f,k2,2,0.9613759498903162,0.9765822449100667,0.9540411299817897,0.9980310934676133,0.9960681316977966,,3,1,descriptive_only; never used for ID projection,ood_rank_below_requested_rank
/home/ubuntu/cogitao-research/checkpoints/cogitao_vit_cross_attention/cogitao_c1_experiment_1_vit6_function_mlp_cross_attention/run_000/last.ckpt,c6578b6a655d823b9e27296aaf186e6b5b97bad640fb400cc5f2abaa6f308e6d,dfec9cbb2afe6616194c1fb41430c0c5d2bc4208,1,val_ood,rot90,translate_up,translate_up -> rot90,"pair (f,g): fgx=f(g(x)); task-token order [g,f] means g -> f",2,2,2,image_block_02,42,78000,4,0.01,2,"{""fixed_ranks"": [1, 2], ""variance_thresholds"": [0.9, 0.95]}",recorded_ood,g_given_f,variance_0.9,3,0.9327189543834875,0.9413593038072796,0.8868285959955147,0.9986763053495678,0.9973546259027417,,3,1,descriptive_only; never used for ID projection,ood_rank_below_requested_rank
/home/ubuntu/cogitao-research/checkpoints/cogitao_vit_cross_attention/cogitao_c1_experiment_1_vit6_function_mlp_cross_attention/run_000/last.ckpt,c6578b6a655d823b9e27296aaf186e6b5b97bad640fb400cc5f2abaa6f308e6d,dfec9cbb2afe6616194c1fb41430c0c5d2bc4208,1,val_ood,rot90,translate_up,translate_up -> rot90,"pair (f,g): fgx=f(g(x)); task-token order [g,f] means g -> f",2,2,2,image_block_02,42,78000,4,0.01,2,"{""fixed_ranks"": [1, 2], ""variance_thresholds"": [0.9, 0.95]}",recorded_ood,g_given_f,variance_0.95,3,0.9327189543834875,0.9413593038072796,0.8868285959955147,0.9986763053495678,0.9973546259027417,,3,1,descriptive_only; never used for ID projection,ood_rank_below_requested_rank
/home/ubuntu/cogitao-research/checkpoints/cogitao_vit_cross_attention/cogitao_c1_experiment_1_vit6_function_mlp_cross_attention/run_000/last.ckpt,c6578b6a655d823b9e27296aaf186e6b5b97bad640fb400cc5f2abaa6f308e6d,dfec9cbb2afe6616194c1fb41430c0c5d2bc4208,1,val_ood,rot90,translate_up,translate_up -> rot90,"pair (f,g): fgx=f(g(x)); task-token order [g,f] means g -> f",2,2,2,image_block_03,42,78000,4,0.01,2,"{""fixed_ranks"": [1, 2], ""variance_thresholds"": [0.9, 0.95]}",recorded_ood,f_given_g,k1,1,0.8842981957782509,0.8706996763086727,0.7628746846906305,0.9993967716793584,0.9987942419846039,0.7172983915907006,3,1,descriptive_only; never used for ID projection,ok
/home/ubuntu/cogitao-research/checkpoints/cogitao_vit_cross_attention/cogitao_c1_experiment_1_vit6_function_mlp_cross_attention/run_000/last.ckpt,c6578b6a655d823b9e27296aaf186e6b5b97bad640fb400cc5f2abaa6f308e6d,dfec9cbb2afe6616194c1fb41430c0c5d2bc4208,1,val_ood,rot90,translate_up,translate_up -> rot90,"pair (f,g): fgx=f(g(x)); task-token order [g,f] means g -> f",2,2,2,image_block_03,42,78000,4,0.01,2,"{""fixed_ranks"": [1, 2], ""variance_thresholds"": [0.9, 0.95]}",recorded_ood,f_given_g,k2,2,0.8620372019060734,0.8443655405882574,0.7152232937412615,0.9972527287804189,0.9945186635014946,,3,1,descriptive_only; never used for ID projection,ood_rank_below_requested_rank
/home/ubuntu/cogitao-research/checkpoints/cogitao_vit_cross_attention/cogitao_c1_experiment_1_vit6_function_mlp_cross_attention/run_000/last.ckpt,c6578b6a655d823b9e27296aaf186e6b5b97bad640fb400cc5f2abaa6f308e6d,dfec9cbb2afe6616194c1fb41430c0c5d2bc4208,1,val_ood,rot90,translate_up,translate_up -> rot90,"pair (f,g): fgx=f(g(x)); task-token order [g,f] means g -> f",2,2,2,image_block_03,42,78000,4,0.01,2,"{""fixed_ranks"": [1, 2], ""variance_thresholds"": [0.9, 0.95]}",recorded_ood,f_given_g,variance_0.9,3,0.862029227181708,0.8440310370203603,0.7146793331927703,0.997608021171422,0.9952227739160566,,3,1,descriptive_only; never used for ID projection,ood_rank_below_requested_rank
/home/ubuntu/cogitao-research/checkpoints/cogitao_vit_cross_attention/cogitao_c1_experiment_1_vit6_function_mlp_cross_attention/run_000/last.ckpt,c6578b6a655d823b9e27296aaf186e6b5b97bad640fb400cc5f2abaa6f308e6d,dfec9cbb2afe6616194c1fb41430c0c5d2bc4208,1,val_ood,rot90,translate_up,translate_up -> rot90,"pair (f,g): fgx=f(g(x)); task-token order [g,f] means g -> f",2,2,2,image_block_03,42,78000,4,0.01,2,"{""fixed_ranks"": [1, 2], ""variance_thresholds"": [0.9, 0.95]}",recorded_ood,f_given_g,variance_0.95,3,0.862029227181708,0.8440310370203603,0.7146793331927703,0.997608021171422,0.9952227739160566,,3,1,descriptive_only; never used for ID projection,ood_rank_below_requested_rank
/home/ubuntu/cogitao-research/checkpoints/cogitao_vit_cross_attention/cogitao_c1_experiment_1_vit6_function_mlp_cross_attention/run_000/last.ckpt,c6578b6a655d823b9e27296aaf186e6b5b97bad640fb400cc5f2abaa6f308e6d,dfec9cbb2afe6616194c1fb41430c0c5d2bc4208,1,val_ood,rot90,translate_up,translate_up -> rot90,"pair (f,g): fgx=f(g(x)); task-token order [g,f] means g -> f",2,2,2,image_block_03,42,78000,4,0.01,2,"{""fixed_ranks"": [1, 2], ""variance_thresholds"": [0.9, 0.95]}",recorded_ood,g_given_f,k1,1,0.9669525951517707,0.9735874599873735,0.9484074771559492,0.9977667566282309,0.9955434736579545,0.8794388658786572,3,1,descriptive_only; never used for ID projection,ok
/home/ubuntu/cogitao-research/checkpoints/cogitao_vit_cross_attention/cogitao_c1_experiment_1_vit6_function_mlp_cross_attention/run_000/last.ckpt,c6578b6a655d823b9e27296aaf186e6b5b97bad640fb400cc5f2abaa6f308e6d,dfec9cbb2afe6616194c1fb41430c0c5d2bc4208,1,val_ood,rot90,translate_up,translate_up -> rot90,"pair (f,g): fgx=f(g(x)); task-token order [g,f] means g -> f",2,2,2,image_block_03,42,78000,4,0.01,2,"{""fixed_ranks"": [1, 2], ""variance_thresholds"": [0.9, 0.95]}",recorded_ood,g_given_f,k2,2,0.960372258293601,0.9696778575211791,0.9409706208562616,0.9961797769453934,0.9923776509995466,,3,1,descriptive_only; never used for ID projection,ood_rank_below_requested_rank
/home/ubuntu/cogitao-research/checkpoints/cogitao_vit_cross_attention/cogitao_c1_experiment_1_vit6_function_mlp_cross_attention/run_000/last.ckpt,c6578b6a655d823b9e27296aaf186e6b5b97bad640fb400cc5f2abaa6f308e6d,dfec9cbb2afe6616194c1fb41430c0c5d2bc4208,1,val_ood,rot90,translate_up,translate_up -> rot90,"pair (f,g): fgx=f(g(x)); task-token order [g,f] means g -> f",2,2,2,image_block_03,42,78000,4,0.01,2,"{""fixed_ranks"": [1, 2], ""variance_thresholds"": [0.9, 0.95]}",recorded_ood,g_given_f,variance_0.9,3,0.9416753667924136,0.9481921707007837,0.8999316954217838,0.9987482857800845,0.9974987275118299,,3,1,descriptive_only; never used for ID projection,ood_rank_below_requested_rank
/home/ubuntu/cogitao-research/checkpoints/cogitao_vit_cross_attention/cogitao_c1_experiment_1_vit6_function_mlp_cross_attention/run_000/last.ckpt,c6578b6a655d823b9e27296aaf186e6b5b97bad640fb400cc5f2abaa6f308e6d,dfec9cbb2afe6616194c1fb41430c0c5d2bc4208,1,val_ood,rot90,translate_up,translate_up -> rot90,"pair (f,g): fgx=f(g(x)); task-token order [g,f] means g -> f",2,2,2,image_block_03,42,78000,4,0.01,2,"{""fixed_ranks"": [1, 2], ""variance_thresholds"": [0.9, 0.95]}",recorded_ood,g_given_f,variance_0.95,3,0.9416753667924136,0.9481921707007837,0.8999316954217838,0.9987482857800845,0.9974987275118299,,3,1,descriptive_only; never used for ID projection,ood_rank_below_requested_rank
/home/ubuntu/cogitao-research/checkpoints/cogitao_vit_cross_attention/cogitao_c1_experiment_1_vit6_function_mlp_cross_attention/run_000/last.ckpt,c6578b6a655d823b9e27296aaf186e6b5b97bad640fb400cc5f2abaa6f308e6d,dfec9cbb2afe6616194c1fb41430c0c5d2bc4208,1,val_ood,rot90,translate_up,translate_up -> rot90,"pair (f,g): fgx=f(g(x)); task-token order [g,f] means g -> f",2,2,2,image_block_04,42,78000,4,0.01,2,"{""fixed_ranks"": [1, 2], ""variance_thresholds"": [0.9, 0.95]}",recorded_ood,f_given_g,k1,1,0.8960554794272199,0.880446175504224,0.7797352640308965,0.9991402971051896,0.9982817495201085,0.746838326315629,3,1,descriptive_only; never used for ID projection,ok
/home/ubuntu/cogitao-research/checkpoints/cogitao_vit_cross_attention/cogitao_c1_experiment_1_vit6_function_mlp_cross_attention/run_000/last.ckpt,c6578b6a655d823b9e27296aaf186e6b5b97bad640fb400cc5f2abaa6f308e6d,dfec9cbb2afe6616194c1fb41430c0c5d2bc4208,1,val_ood,rot90,translate_up,translate_up -> rot90,"pair (f,g): fgx=f(g(x)); task-token order [g,f] means g -> f",2,2,2,image_block_04,42,78000,4,0.01,2,"{""fixed_ranks"": [1, 2], ""variance_thresholds"": [0.9, 0.95]}",recorded_ood,f_given_g,k2,2,0.8929152515393235,0.8789939127509727,0.7773388118149804,0.9962461284153117,0.9925091238484048,,3,1,descriptive_only; never used for ID projection,ood_rank_below_requested_rank
/home/ubuntu/cogitao-research/checkpoints/cogitao_vit_cross_attention/cogitao_c1_experiment_1_vit6_function_mlp_cross_attention/run_000/last.ckpt,c6578b6a655d823b9e27296aaf186e6b5b97bad640fb400cc5f2abaa6f308e6d,dfec9cbb2afe6616194c1fb41430c0c5d2bc4208,1,val_ood,rot90,translate_up,translate_up -> rot90,"pair (f,g): fgx=f(g(x)); task-token order [g,f] means g -> f",2,2,2,image_block_04,42,78000,4,0.01,2,"{""fixed_ranks"": [1, 2], ""variance_thresholds"": [0.9, 0.95]}",recorded_ood,f_given_g,variance_0.9,3,0.8849417030627817,0.8674040782975869,0.7568165015727846,0.9980426941797871,0.9960898302288393,,3,1,descriptive_only; never used for ID projection,ood_rank_below_requested_rank
/home/ubuntu/cogitao-research/checkpoints/cogitao_vit_cross_attention/cogitao_c1_experiment_1_vit6_function_mlp_cross_attention/run_000/last.ckpt,c6578b6a655d823b9e27296aaf186e6b5b97bad640fb400cc5f2abaa6f308e6d,dfec9cbb2afe6616194c1fb41430c0c5d2bc4208,1,val_ood,rot90,translate_up,translate_up -> rot90,"pair (f,g): fgx=f(g(x)); task-token order [g,f] means g -> f",2,2,2,image_block_04,42,78000,4,0.01,2,"{""fixed_ranks"": [1, 2], ""variance_thresholds"": [0.9, 0.95]}",recorded_ood,f_given_g,variance_0.95,3,0.8849417030627817,0.8674040782975869,0.7568165015727846,0.9980426941797871,0.9960898302288393,,3,1,descriptive_only; never used for ID projection,ood_rank_below_requested_rank
/home/ubuntu/cogitao-research/checkpoints/cogitao_vit_cross_attention/cogitao_c1_experiment_1_vit6_function_mlp_cross_attention/run_000/last.ckpt,c6578b6a655d823b9e27296aaf186e6b5b97bad640fb400cc5f2abaa6f308e6d,dfec9cbb2afe6616194c1fb41430c0c5d2bc4208,1,val_ood,rot90,translate_up,translate_up -> rot90,"pair (f,g): fgx=f(g(x)); task-token order [g,f] means g -> f",2,2,2,image_block_04,42,78000,4,0.01,2,"{""fixed_ranks"": [1, 2], ""variance_thresholds"": [0.9, 0.95]}",recorded_ood,g_given_f,k1,1,0.9707753287451237,0.9799246877932669,0.9604291530557336,0.9972642514800523,0.9945416265992386,0.9467676800963,3,1,descriptive_only; never used for ID projection,ok
/home/ubuntu/cogitao-research/checkpoints/cogitao_vit_cross_attention/cogitao_c1_experiment_1_vit6_function_mlp_cross_attention/run_000/last.ckpt,c6578b6a655d823b9e27296aaf186e6b5b97bad640fb400cc5f2abaa6f308e6d,dfec9cbb2afe6616194c1fb41430c0c5d2bc4208,1,val_ood,rot90,translate_up,translate_up -> rot90,"pair (f,g): fgx=f(g(x)); task-token order [g,f] means g -> f",2,2,2,image_block_04,42,78000,4,0.01,2,"{""fixed_ranks"": [1, 2], ""variance_thresholds"": [0.9, 0.95]}",recorded_ood,g_given_f,k2,2,0.9666679756474131,0.9794272623110469,0.9594605689125297,0.9966185025096227,0.9932509547695896,,3,1,descriptive_only; never used for ID projection,ood_rank_below_requested_rank
/home/ubuntu/cogitao-research/checkpoints/cogitao_vit_cross_attention/cogitao_c1_experiment_1_vit6_function_mlp_cross_attention/run_000/last.ckpt,c6578b6a655d823b9e27296aaf186e6b5b97bad640fb400cc5f2abaa6f308e6d,dfec9cbb2afe6616194c1fb41430c0c5d2bc4208,1,val_ood,rot90,translate_up,translate_up -> rot90,"pair (f,g): fgx=f(g(x)); task-token order [g,f] means g -> f",2,2,2,image_block_04,42,78000,4,0.01,2,"{""fixed_ranks"": [1, 2], ""variance_thresholds"": [0.9, 0.95]}",recorded_ood,g_given_f,variance_0.9,3,0.9422388739971386,0.949771266474168,0.9022682387648489,0.9989240083523299,0.9978492015132641,,3,1,descriptive_only; never used for ID projection,ood_rank_below_requested_rank
/home/ubuntu/cogitao-research/checkpoints/cogitao_vit_cross_attention/cogitao_c1_experiment_1_vit6_function_mlp_cross_attention/run_000/last.ckpt,c6578b6a655d823b9e27296aaf186e6b5b97bad640fb400cc5f2abaa6f308e6d,dfec9cbb2afe6616194c1fb41430c0c5d2bc4208,1,val_ood,rot90,translate_up,translate_up -> rot90,"pair (f,g): fgx=f(g(x)); task-token order [g,f] means g -> f",2,2,2,image_block_04,42,78000,4,0.01,2,"{""fixed_ranks"": [1, 2], ""variance_thresholds"": [0.9, 0.95]}",recorded_ood,g_given_f,variance_0.95,3,0.9422388739971386,0.949771266474168,0.9022682387648489,0.9989240083523299,0.9978492015132641,,3,1,descriptive_only; never used for ID projection,ood_rank_below_requested_rank
/home/ubuntu/cogitao-research/checkpoints/cogitao_vit_cross_attention/cogitao_c1_experiment_1_vit6_function_mlp_cross_attention/run_000/last.ckpt,c6578b6a655d823b9e27296aaf186e6b5b97bad640fb400cc5f2abaa6f308e6d,dfec9cbb2afe6616194c1fb41430c0c5d2bc4208,1,val_ood,rot90,translate_up,translate_up -> rot90,"pair (f,g): fgx=f(g(x)); task-token order [g,f] means g -> f",2,2,2,image_block_05,42,78000,4,0.01,2,"{""fixed_ranks"": [1, 2], ""variance_thresholds"": [0.9, 0.95]}",recorded_ood,f_given_g,k1,1,0.9134044345026157,0.8808987071401532,0.7892417693067928,0.9976105370469807,0.9952321536320967,0.9187199794570754,3,1,descriptive_only; never used for ID projection,ok
/home/ubuntu/cogitao-research/checkpoints/cogitao_vit_cross_attention/cogitao_c1_experiment_1_vit6_function_mlp_cross_attention/run_000/last.ckpt,c6578b6a655d823b9e27296aaf186e6b5b97bad640fb400cc5f2abaa6f308e6d,dfec9cbb2afe6616194c1fb41430c0c5d2bc4208,1,val_ood,rot90,translate_up,translate_up -> rot90,"pair (f,g): fgx=f(g(x)); task-token order [g,f] means g -> f",2,2,2,image_block_05,42,78000,4,0.01,2,"{""fixed_ranks"": [1, 2], ""variance_thresholds"": [0.9, 0.95]}",recorded_ood,f_given_g,k2,2,0.9124046284991439,0.8796381778718371,0.7867339557357509,0.9975482144753034,0.9951026306145148,,3,1,descriptive_only; never used for ID projection,ood_rank_below_requested_rank
/home/ubuntu/cogitao-research/checkpoints/cogitao_vit_cross_attention/cogitao_c1_experiment_1_vit6_function_mlp_cross_attention/run_000/last.ckpt,c6578b6a655d823b9e27296aaf186e6b5b97bad640fb400cc5f2abaa6f308e6d,dfec9cbb2afe6616194c1fb41430c0c5d2bc4208,1,val_ood,rot90,translate_up,translate_up -> rot90,"pair (f,g): fgx=f(g(x)); task-token order [g,f] means g -> f",2,2,2,image_block_05,42,78000,4,0.01,2,"{""fixed_ranks"": [1, 2], ""variance_thresholds"": [0.9, 0.95]}",recorded_ood,f_given_g,variance_0.9,2,0.9124046284991439,0.8796381778718371,0.7867339557357509,0.9975482144753034,0.9951026306145148,,3,1,descriptive_only; never used for ID projection,ood_rank_below_requested_rank
/home/ubuntu/cogitao-research/checkpoints/cogitao_vit_cross_attention/cogitao_c1_experiment_1_vit6_function_mlp_cross_attention/run_000/last.ckpt,c6578b6a655d823b9e27296aaf186e6b5b97bad640fb400cc5f2abaa6f308e6d,dfec9cbb2afe6616194c1fb41430c0c5d2bc4208,1,val_ood,rot90,translate_up,translate_up -> rot90,"pair (f,g): fgx=f(g(x)); task-token order [g,f] means g -> f",2,2,2,image_block_05,42,78000,4,0.01,2,"{""fixed_ranks"": [1, 2], ""variance_thresholds"": [0.9, 0.95]}",recorded_ood,f_given_g,variance_0.95,3,0.9115774027444735,0.8793900523171775,0.7863360156658532,0.9980689205024635,0.9961417217745351,,3,1,descriptive_only; never used for ID projection,ood_rank_below_requested_rank
/home/ubuntu/cogitao-research/checkpoints/cogitao_vit_cross_attention/cogitao_c1_experiment_1_vit6_function_mlp_cross_attention/run_000/last.ckpt,c6578b6a655d823b9e27296aaf186e6b5b97bad640fb400cc5f2abaa6f308e6d,dfec9cbb2afe6616194c1fb41430c0c5d2bc4208,1,val_ood,rot90,translate_up,translate_up -> rot90,"pair (f,g): fgx=f(g(x)); task-token order [g,f] means g -> f",2,2,2,image_block_05,42,78000,4,0.01,2,"{""fixed_ranks"": [1, 2], ""variance_thresholds"": [0.9, 0.95]}",recorded_ood,g_given_f,k1,1,0.9961472282539691,0.9973004556542762,0.9946103591038129,0.9990520946706285,0.9981058284210247,0.9993315520099201,3,1,descriptive_only; never used for ID projection,ok
/home/ubuntu/cogitao-research/checkpoints/cogitao_vit_cross_attention/cogitao_c1_experiment_1_vit6_function_mlp_cross_attention/run_000/last.ckpt,c6578b6a655d823b9e27296aaf186e6b5b97bad640fb400cc5f2abaa6f308e6d,dfec9cbb2afe6616194c1fb41430c0c5d2bc4208,1,val_ood,rot90,translate_up,translate_up -> rot90,"pair (f,g): fgx=f(g(x)); task-token order [g,f] means g -> f",2,2,2,image_block_05,42,78000,4,0.01,2,"{""fixed_ranks"": [1, 2], ""variance_thresholds"": [0.9, 0.95]}",recorded_ood,g_given_f,k2,2,0.9597720343786835,0.9877605357943404,0.9756753645757263,0.9975464205980752,0.9950992622302584,,3,1,descriptive_only; never used for ID projection,ood_rank_below_requested_rank
/home/ubuntu/cogitao-research/checkpoints/cogitao_vit_cross_attention/cogitao_c1_experiment_1_vit6_function_mlp_cross_attention/run_000/last.ckpt,c6578b6a655d823b9e27296aaf186e6b5b97bad640fb400cc5f2abaa6f308e6d,dfec9cbb2afe6616194c1fb41430c0c5d2bc4208,1,val_ood,rot90,translate_up,translate_up -> rot90,"pair (f,g): fgx=f(g(x)); task-token order [g,f] means g -> f",2,2,2,image_block_05,42,78000,4,0.01,2,"{""fixed_ranks"": [1, 2], ""variance_thresholds"": [0.9, 0.95]}",recorded_ood,g_given_f,variance_0.9,3,0.9565587933544805,0.9838756148053934,0.9680133837445948,0.9997107727886719,0.9994216367231854,,3,1,descriptive_only; never used for ID projection,ood_rank_below_requested_rank
/home/ubuntu/cogitao-research/checkpoints/cogitao_vit_cross_attention/cogitao_c1_experiment_1_vit6_function_mlp_cross_attention/run_000/last.ckpt,c6578b6a655d823b9e27296aaf186e6b5b97bad640fb400cc5f2abaa6f308e6d,dfec9cbb2afe6616194c1fb41430c0c5d2bc4208,1,val_ood,rot90,translate_up,translate_up -> rot90,"pair (f,g): fgx=f(g(x)); task-token order [g,f] means g -> f",2,2,2,image_block_05,42,78000,4,0.01,2,"{""fixed_ranks"": [1, 2], ""variance_thresholds"": [0.9, 0.95]}",recorded_ood,g_given_f,variance_0.95,3,0.9565587933544805,0.9838756148053934,0.9680133837445948,0.9997107727886719,0.9994216367231854,,3,1,descriptive_only; never used for ID projection,ood_rank_below_requested_rank
/home/ubuntu/cogitao-research/checkpoints/cogitao_vit_cross_attention/cogitao_c1_experiment_1_vit6_function_mlp_cross_attention/run_000/last.ckpt,c6578b6a655d823b9e27296aaf186e6b5b97bad640fb400cc5f2abaa6f308e6d,dfec9cbb2afe6616194c1fb41430c0c5d2bc4208,1,val_ood,rot90,translate_up,translate_up -> rot90,"pair (f,g): fgx=f(g(x)); task-token order [g,f] means g -> f",2,2,2,image_block_06,42,78000,4,0.01,2,"{""fixed_ranks"": [1, 2], ""variance_thresholds"": [0.9, 0.95]}",recorded_ood,f_given_g,k1,1,0.9333543660128656,0.9572660433192621,0.9181496015376052,0.9968052092928631,0.9936308319590121,0.9436532035034374,3,1,descriptive_only; never used for ID projection,ok
/home/ubuntu/cogitao-research/checkpoints/cogitao_vit_cross_attention/cogitao_c1_experiment_1_vit6_function_mlp_cross_attention/run_000/last.ckpt,c6578b6a655d823b9e27296aaf186e6b5b97bad640fb400cc5f2abaa6f308e6d,dfec9cbb2afe6616194c1fb41430c0c5d2bc4208,1,val_ood,rot90,translate_up,translate_up -> rot90,"pair (f,g): fgx=f(g(x)); task-token order [g,f] means g -> f",2,2,2,image_block_06,42,78000,4,0.01,2,"{""fixed_ranks"": [1, 2], ""variance_thresholds"": [0.9, 0.95]}",recorded_ood,f_given_g,k2,2,0.9332346382497105,0.9569632518736577,0.9175897187080972,0.9988605280956292,0.9977230230664464,,3,1,descriptive_only; never used for ID projection,ood_rank_below_requested_rank
/home/ubuntu/cogitao-research/checkpoints/cogitao_vit_cross_attention/cogitao_c1_experiment_1_vit6_function_mlp_cross_attention/run_000/last.ckpt,c6578b6a655d823b9e27296aaf186e6b5b97bad640fb400cc5f2abaa6f308e6d,dfec9cbb2afe6616194c1fb41430c0c5d2bc4208,1,val_ood,rot90,translate_up,translate_up -> rot90,"pair (f,g): fgx=f(g(x)); task-token order [g,f] means g -> f",2,2,2,image_block_06,42,78000,4,0.01,2,"{""fixed_ranks"": [1, 2], ""variance_thresholds"": [0.9, 0.95]}",recorded_ood,f_given_g,variance_0.9,2,0.9332346382497105,0.9569632518736577,0.9175897187080972,0.9988605280956292,0.9977230230664464,,3,1,descriptive_only; never used for ID projection,ood_rank_below_requested_rank
/home/ubuntu/cogitao-research/checkpoints/cogitao_vit_cross_attention/cogitao_c1_experiment_1_vit6_function_mlp_cross_attention/run_000/last.ckpt,c6578b6a655d823b9e27296aaf186e6b5b97bad640fb400cc5f2abaa6f308e6d,dfec9cbb2afe6616194c1fb41430c0c5d2bc4208,1,val_ood,rot90,translate_up,translate_up -> rot90,"pair (f,g): fgx=f(g(x)); task-token order [g,f] means g -> f",2,2,2,image_block_06,42,78000,4,0.01,2,"{""fixed_ranks"": [1, 2], ""variance_thresholds"": [0.9, 0.95]}",recorded_ood,f_given_g,variance_0.95,3,0.9306542247551803,0.9544772445791028,0.9126797374757748,0.9988904699782051,0.9977830356370638,,3,1,descriptive_only; never used for ID projection,ood_rank_below_requested_rank
/home/ubuntu/cogitao-research/checkpoints/cogitao_vit_cross_attention/cogitao_c1_experiment_1_vit6_function_mlp_cross_attention/run_000/last.ckpt,c6578b6a655d823b9e27296aaf186e6b5b97bad640fb400cc5f2abaa6f308e6d,dfec9cbb2afe6616194c1fb41430c0c5d2bc4208,1,val_ood,rot90,translate_up,translate_up -> rot90,"pair (f,g): fgx=f(g(x)); task-token order [g,f] means g -> f",2,2,2,image_block_06,42,78000,4,0.01,2,"{""fixed_ranks"": [1, 2], ""variance_thresholds"": [0.9, 0.95]}",recorded_ood,g_given_f,k1,1,0.98843318394556,0.9902727240243586,0.9806887319171029,0.9992815708149227,0.9985637150111242,0.9732978462621655,3,1,descriptive_only; never used for ID projection,ok
/home/ubuntu/cogitao-research/checkpoints/cogitao_vit_cross_attention/cogitao_c1_experiment_1_vit6_function_mlp_cross_attention/run_000/last.ckpt,c6578b6a655d823b9e27296aaf186e6b5b97bad640fb400cc5f2abaa6f308e6d,dfec9cbb2afe6616194c1fb41430c0c5d2bc4208,1,val_ood,rot90,translate_up,translate_up -> rot90,"pair (f,g): fgx=f(g(x)); task-token order [g,f] means g -> f",2,2,2,image_block_06,42,78000,4,0.01,2,"{""fixed_ranks"": [1, 2], ""variance_thresholds"": [0.9, 0.95]}",recorded_ood,g_given_f,k2,2,0.9538245238100467,0.9782220016929353,0.9569942439039821,0.9980360907450243,0.9960771367198753,,3,1,descriptive_only; never used for ID projection,ood_rank_below_requested_rank
/home/ubuntu/cogitao-research/checkpoints/cogitao_vit_cross_attention/cogitao_c1_experiment_1_vit6_function_mlp_cross_attention/run_000/last.ckpt,c6578b6a655d823b9e27296aaf186e6b5b97bad640fb400cc5f2abaa6f308e6d,dfec9cbb2afe6616194c1fb41430c0c5d2bc4208,1,val_ood,rot90,translate_up,translate_up -> rot90,"pair (f,g): fgx=f(g(x)); task-token order [g,f] means g -> f",2,2,2,image_block_06,42,78000,4,0.01,2,"{""fixed_ranks"": [1, 2], ""variance_thresholds"": [0.9, 0.95]}",recorded_ood,g_given_f,variance_0.9,3,0.9517096121797506,0.9591419109990669,0.9207059333896035,0.999419058164259,0.9988385108481082,,3,1,descriptive_only; never used for ID projection,ood_rank_below_requested_rank
/home/ubuntu/cogitao-research/checkpoints/cogitao_vit_cross_attention/cogitao_c1_experiment_1_vit6_function_mlp_cross_attention/run_000/last.ckpt,c6578b6a655d823b9e27296aaf186e6b5b97bad640fb400cc5f2abaa6f308e6d,dfec9cbb2afe6616194c1fb41430c0c5d2bc4208,1,val_ood,rot90,translate_up,translate_up -> rot90,"pair (f,g): fgx=f(g(x)); task-token order [g,f] means g -> f",2,2,2,image_block_06,42,78000,4,0.01,2,"{""fixed_ranks"": [1, 2], ""variance_thresholds"": [0.9, 0.95]}",recorded_ood,g_given_f,variance_0.95,3,0.9517096121797506,0.9591419109990669,0.9207059333896035,0.999419058164259,0.9988385108481082,,3,1,descriptive_only; never used for ID projection,ood_rank_below_requested_rank
/home/ubuntu/cogitao-research/checkpoints/cogitao_vit_cross_attention/cogitao_c1_experiment_1_vit6_function_mlp_cross_attention/run_000/last.ckpt,c6578b6a655d823b9e27296aaf186e6b5b97bad640fb400cc5f2abaa6f308e6d,dfec9cbb2afe6616194c1fb41430c0c5d2bc4208,1,val_ood,rot90,translate_up,translate_up -> rot90,"pair (f,g): fgx=f(g(x)); task-token order [g,f] means g -> f",2,2,2,image_final_norm,42,78000,4,0.01,2,"{""fixed_ranks"": [1, 2], ""variance_thresholds"": [0.9, 0.95]}",recorded_ood,f_given_g,k1,1,0.9370871325967789,0.9622820640458616,0.9272676986690755,0.9967117015872454,0.993444969886154,0.9632346977994258,3,1,descriptive_only; never used for ID projection,ok
/home/ubuntu/cogitao-research/checkpoints/cogitao_vit_cross_attention/cogitao_c1_experiment_1_vit6_function_mlp_cross_attention/run_000/last.ckpt,c6578b6a655d823b9e27296aaf186e6b5b97bad640fb400cc5f2abaa6f308e6d,dfec9cbb2afe6616194c1fb41430c0c5d2bc4208,1,val_ood,rot90,translate_up,translate_up -> rot90,"pair (f,g): fgx=f(g(x)); task-token order [g,f] means g -> f",2,2,2,image_final_norm,42,78000,4,0.01,2,"{""fixed_ranks"": [1, 2], ""variance_thresholds"": [0.9, 0.95]}",recorded_ood,f_given_g,k2,2,0.9369080075529408,0.9622099714636383,0.9271239515160694,0.9989060406138159,0.9978139416180343,,3,1,descriptive_only; never used for ID projection,ood_rank_below_requested_rank
/home/ubuntu/cogitao-research/checkpoints/cogitao_vit_cross_attention/cogitao_c1_experiment_1_vit6_function_mlp_cross_attention/run_000/last.ckpt,c6578b6a655d823b9e27296aaf186e6b5b97bad640fb400cc5f2abaa6f308e6d,dfec9cbb2afe6616194c1fb41430c0c5d2bc4208,1,val_ood,rot90,translate_up,translate_up -> rot90,"pair (f,g): fgx=f(g(x)); task-token order [g,f] means g -> f",2,2,2,image_final_norm,42,78000,4,0.01,2,"{""fixed_ranks"": [1, 2], ""variance_thresholds"": [0.9, 0.95]}",recorded_ood,f_given_g,variance_0.9,2,0.9369080075529408,0.9622099714636383,0.9271239515160694,0.9989060406138159,0.9978139416180343,,3,1,descriptive_only; never used for ID projection,ood_rank_below_requested_rank
/home/ubuntu/cogitao-research/checkpoints/cogitao_vit_cross_attention/cogitao_c1_experiment_1_vit6_function_mlp_cross_attention/run_000/last.ckpt,c6578b6a655d823b9e27296aaf186e6b5b97bad640fb400cc5f2abaa6f308e6d,dfec9cbb2afe6616194c1fb41430c0c5d2bc4208,1,val_ood,rot90,translate_up,translate_up -> rot90,"pair (f,g): fgx=f(g(x)); task-token order [g,f] means g -> f",2,2,2,image_final_norm,42,78000,4,0.01,2,"{""fixed_ranks"": [1, 2], ""variance_thresholds"": [0.9, 0.95]}",recorded_ood,f_given_g,variance_0.95,3,0.9341047830506122,0.959414280959481,0.9216324298936394,0.9988232900434837,0.997649073544958,,3,1,descriptive_only; never used for ID projection,ood_rank_below_requested_rank
/home/ubuntu/cogitao-research/checkpoints/cogitao_vit_cross_attention/cogitao_c1_experiment_1_vit6_function_mlp_cross_attention/run_000/last.ckpt,c6578b6a655d823b9e27296aaf186e6b5b97bad640fb400cc5f2abaa6f308e6d,dfec9cbb2afe6616194c1fb41430c0c5d2bc4208,1,val_ood,rot90,translate_up,translate_up -> rot90,"pair (f,g): fgx=f(g(x)); task-token order [g,f] means g -> f",2,2,2,image_final_norm,42,78000,4,0.01,2,"{""fixed_ranks"": [1, 2], ""variance_thresholds"": [0.9, 0.95]}",recorded_ood,g_given_f,k1,1,0.9842877346214465,0.9908287869674944,0.9817549729444386,0.9993403291239112,0.9986811023800677,0.9825383733868299,3,1,descriptive_only; never used for ID projection,ok
/home/ubuntu/cogitao-research/checkpoints/cogitao_vit_cross_attention/cogitao_c1_experiment_1_vit6_function_mlp_cross_attention/run_000/last.ckpt,c6578b6a655d823b9e27296aaf186e6b5b97bad640fb400cc5f2abaa6f308e6d,dfec9cbb2afe6616194c1fb41430c0c5d2bc4208,1,val_ood,rot90,translate_up,translate_up -> rot90,"pair (f,g): fgx=f(g(x)); task-token order [g,f] means g -> f",2,2,2,image_final_norm,42,78000,4,0.01,2,"{""fixed_ranks"": [1, 2], ""variance_thresholds"": [0.9, 0.95]}",recorded_ood,g_given_f,k2,2,0.9718795450769786,0.9848365792989113,0.9699959361762078,0.9977221867784235,0.9954510467392348,,3,1,descriptive_only; never used for ID projection,ood_rank_below_requested_rank
/home/ubuntu/cogitao-research/checkpoints/cogitao_vit_cross_attention/cogitao_c1_experiment_1_vit6_function_mlp_cross_attention/run_000/last.ckpt,c6578b6a655d823b9e27296aaf186e6b5b97bad640fb400cc5f2abaa6f308e6d,dfec9cbb2afe6616194c1fb41430c0c5d2bc4208,1,val_ood,rot90,translate_up,translate_up -> rot90,"pair (f,g): fgx=f(g(x)); task-token order [g,f] means g -> f",2,2,2,image_final_norm,42,78000,4,0.01,2,"{""fixed_ranks"": [1, 2], ""variance_thresholds"": [0.9, 0.95]}",recorded_ood,g_given_f,variance_0.9,3,0.9698238576750193,0.9624468499960095,0.9273148611727734,0.9993032169040621,0.9986069325792869,,3,1,descriptive_only; never used for ID projection,ood_rank_below_requested_rank
/home/ubuntu/cogitao-research/checkpoints/cogitao_vit_cross_attention/cogitao_c1_experiment_1_vit6_function_mlp_cross_attention/run_000/last.ckpt,c6578b6a655d823b9e27296aaf186e6b5b97bad640fb400cc5f2abaa6f308e6d,dfec9cbb2afe6616194c1fb41430c0c5d2bc4208,1,val_ood,rot90,translate_up,translate_up -> rot90,"pair (f,g): fgx=f(g(x)); task-token order [g,f] means g -> f",2,2,2,image_final_norm,42,78000,4,0.01,2,"{""fixed_ranks"": [1, 2], ""variance_thresholds"": [0.9, 0.95]}",recorded_ood,g_given_f,variance_0.95,3,0.9698238576750193,0.9624468499960095,0.9273148611727734,0.9993032169040621,0.9986069325792869,,3,1,descriptive_only; never used for ID projection,ood_rank_below_requested_rank
